material_number,material_desc_raw,product_family,product_group,product_family_sort,product_group_sort,length_m,rule_notes
000000000798550694,IC MCU 32BIT 512KB FLASH 64WLCSP,Unclassified,Other,999.0,999.0,,
000000000798704666,FERRITE BEAD 33 OHM@100MHZ 25% 1.7A 0402,Unclassified,Other,999.0,999.0,,
000000000853350014,SC/SC DPX AD METAL PBSLV NO THREAD,Unclassified,Other_Connector_Types,999.0,40.0,,
000000000853350016,SC-SC DUPLEX ADAPTER MX 853350016,Adapters,Other_Connector_Types,30.0,40.0,,
000000000854912710,LC(s)/UPC 9/125 12F BOPT 25M,Unclassified,LC_Variants,999.0,32.0,,
000000000854912712,LC(s)/UPC 9/125 12F BOPT 50M,Unclassified,LC_Variants,999.0,32.0,,
000000000854919581,kit 5-5- cable X-tower,Accessories,Other,85.0,999.0,,
000000000854919582,kit 5-5- cable Y-tower,Accessories,Other,85.0,999.0,,
000000000854919583,kit 5-5- external cable,Accessories,Other,85.0,999.0,,
000000000854919584,ASSY CBL BASE FIBER TOWER X        ,Unclassified,Other,999.0,999.0,,
000000000860000039,NRE CHARGE,Unclassified,Other,999.0,999.0,,
000000000860240011,LC CRIMP TUBING  3MM CABLE,Unclassified,LC_Variants,999.0,32.0,,
000000000860242006,"LC HOUSING, GREEN (SM)",Accessories,LC_Variants,85.0,32.0,,
000000000860252831,"LC CONNECTOR HEAD, SM 125.5, BLUE",Unclassified,LC_Variants,999.0,32.0,,
000000000860252832,LC CONNECTOR HEAD  MM  BEIGE,Unclassified,LC_Variants,999.0,32.0,,
000000000860252861,"LC DUPLEX CLIP W/LATCH- LOOPBACK, BLUE",Loopback_Group,LC_Variants,40.0,30.0,,
000000000860252864,"LC DUPLEX CLIP - LOOPBACK, BLUE",Loopback_Group,LC_Variants,40.0,30.0,,
000000000860253010,LC CONN HEAD FOR DUPLEX 127 3.0CON,Unclassified,LC_Variants,999.0,32.0,,
000000000860262001,"LC HOUSING, GREEN (APC)",Accessories,LC_Variants,85.0,32.0,,
000000000860262005,WASHER,Unclassified,Other,999.0,999.0,,
000000000860262501,"LC EXTENDER CAP,BARE FIBER,GREEN,SM",Unclassified,LC_Variants,999.0,32.0,,
000000000860452008,"NUT, Stainless Steel",Unclassified,Other,999.0,999.0,,
000000000860452020,DUST CAP (W/TAIL) GRAY,Accessories,Other,85.0,999.0,,
000000000860590012,LC BOTTOM CLIP  INDUSTRIAL LC,Unclassified,LC_Variants,999.0,32.0,,
000000000860633021,"TUBING, Epoxy filling, SC Conn",Unclassified,Other_Connector_Types,999.0,40.0,,
000000000860730011,SPRING-COMPRESSION,Unclassified,Other,999.0,999.0,,
000000000860983210,"LC DUPL CONN HEAD,MM127,METAL PLUG BODY",Unclassified,LC_Variants,999.0,32.0,,
000000000861050002,MOTHERBOARD CLIP (LIGHT BLUE) SHORT<ZY>,Unclassified,Other,999.0,999.0,,
000000000861050003,MOTHERBOARD CLIP (GREEN)  SHORT,Unclassified,Other,999.0,999.0,,
000000000861050004,MOTHERBOARD CLIP (RED)  SHORT,Unclassified,Other,999.0,999.0,,
000000000861050005,MOTHERBOARD CLIP (YELLOW)  SHORT,Unclassified,Other,999.0,999.0,,
000000000861050016,"MOTHERBOARD CLIP (BLACK), SHORT",Unclassified,Other,999.0,999.0,,
000000000861050111,PIN HOLDER FOR SMALLER SPRING,Unclassified,Other,999.0,999.0,,
000000000861052007,THREADED SQUARE T-NUT,Unclassified,Other,999.0,999.0,,
000000000861055001,"COMPRESSION SPRING, LARGE, HBMT",Unclassified,Other,999.0,999.0,,
000000000861055005,"COMPRESSION SPRING, LARGE, VFI",Unclassified,Other,999.0,999.0,,
000000000861055112,DAUGHTERBOARD PLUG LIGHT BLUE,Unclassified,Other,999.0,999.0,,
000000000861055121,PIN HOLDER FOR LARGER SPRING<ZY>,Unclassified,Other,999.0,999.0,,
000000000861055162,DAUGHTERBOARD PLUG BLACK,Unclassified,Other,999.0,999.0,,
000000000861059001,HBMT DC CHICKLET PROTECTIVE CAP,Unclassified,Other,999.0,999.0,,
000000000861059004,CARRIER,Unclassified,Other,999.0,999.0,,
000000000861141040,"MPO DUST CAP, BLACK",Accessories,MPO_Group,85.0,10.0,,
000000000861141104,MPO EMI ADAPTER MOUNTING PLATE,Adapters,MPO_Group,30.0,10.0,,
000000000861141105,MPO EMI ADAPTER GASKET  FLANGE,Adapters,MPO_Group,30.0,10.0,,
000000000861141106,MPO EMI ADAPTER HINGE PIN,Adapters,MPO_Group,30.0,10.0,,
000000000861141205,"MPO EMI ADAPTER GASKET, FLANGELSS",Adapters,MPO_Group,30.0,10.0,,
000000000861162004,SPRING LEVER,Unclassified,Other,999.0,999.0,,
000000000861162005,EMI GASKET,Unclassified,Other,999.0,999.0,,
000000000861162006,I/O EMI SHIELDING GASKET,Unclassified,Other,999.0,999.0,,
000000000861230612,PRESS-IN CAPTIVE LOCKNUT,Unclassified,Other,999.0,999.0,,
000000000861250003,DUST CAP  LC ADAPTER,Adapters,LC_Variants,30.0,32.0,,
000000000861260692,DUPLEX LC ADAPTER CLIP,Adapters,LC_Variants,30.0,32.0,,
000000000861271302,LC DOOR SPRING,Unclassified,LC_Variants,999.0,32.0,,
000000000861271304,LC HINGE PIN,Unclassified,LC_Variants,999.0,32.0,,
000000000861271353,"LC DOOR, SC FOOT PRINT, GREEN",Unclassified,LC_Variants,999.0,32.0,,
000000000861520005,"SPLIT SLEEVE, CERAMIC FC/SC",Splitter_Cables,Other_Connector_Types,18.0,40.0,,
000000000861610002,SPRING LEVER BLUE,Unclassified,Other,999.0,999.0,,
000000000861610003,MOUNTING PLATE,Unclassified,Other,999.0,999.0,,
000000000861660003,SCD ADAPTER MOUNTING PLATE,Adapters,Other_Connector_Types,30.0,40.0,,
000000000863891355,BLC 2 POS ADAPTER ASSEMBLY - BLACK,Adapters,Other,30.0,999.0,,
000000000863891363,"BLC(2POS) - LCD JPR, MM 62.5/125um, 6in",Jumpers,LC_Variants,65.0,31.0,,
000000000863897064,"DC PLUG ASSEMBLY KIT,MM,YELL,10pcs",Accessories,Other,85.0,999.0,,
000000000863897065,"MB SHORT CLIP KIT,L BLUE,10pcs",Accessories,Other_MultiFiber,85.0,16.0,,
000000000863897066,"MB SHORT CLIP KIT,YELL,10pcs",Accessories,Other_MultiFiber,85.0,16.0,,
000000000863897068,"DC PLUG ASSEMBLY KIT,MM,RED,10pcs",Accessories,Other,85.0,999.0,,
000000000863897069,"MB SHORT CLIP KIT,GREEN,10pcs",Accessories,Other_MultiFiber,85.0,16.0,,
000000000863897070,"MB SHORT CLIP KIT,RED,10pcs",Accessories,Other_MultiFiber,85.0,16.0,,
000000000863931501,SLEEVE ASSEMBLY MXL38999S/30AC8,Unclassified,Other,999.0,999.0,,
000000000863931502,SLEEVE ASSEMBLY MXL 38999S/30AD12,Unclassified,Other,999.0,999.0,,
000000000863931504,SLEEVE ASSEMBLY MXL38999S/30AF30,Unclassified,Other,999.0,999.0,,
000000000864010150,"3.5MIL WHITE VINYL,40in WD,LO TACK ADHSV",Unclassified,Other,999.0,999.0,,
000000000866000002,"HOUSING, LENSED MT",Accessories,Other,85.0,999.0,,
000000000867303007,MT PRIZM MT REMOVAL TOOL,Unclassified,Other,999.0,999.0,,
000000000867445000,CRIMP TOOL (LC CONNECTOR),Unclassified,LC_Variants,999.0,32.0,,
000000000867730011,PROTECTIVE TUBING (1.25mm),Unclassified,Other,999.0,999.0,,
000000000869340119,"ANTI-STATIC POLY TUBING ROLL,4mil,4in",Unclassified,Other,999.0,999.0,,
000000000869410100,MTP I.B.C CLEANER UC CONEC 8037 NEW CRT,Accessories,MTP_Group,85.0,11.0,,
000000000869410437,"HEAT SHRINK TUBING 16/4mm,ADHESIVE,BLACK",Unclassified,Other,999.0,999.0,,
000000000869410718,"LBL-SELF-LAM, 0.5W x 0.75H in, WHITE",Unclassified,Other,999.0,999.0,,
000000000869411025,"TUBING HEAT SHRINK,.125in ID,WHITE",Unclassified,Other,999.0,999.0,,
000000000885308850,LC-LC 4F RND 50/125 7MM LSZH 30M GREY,Unclassified,LC_Variants,999.0,30.0,,
000000000885309330,LC/SPC 9 BFPT 1.5M (0.9/YE),Unclassified,LC_Variants,999.0,30.0,,
000000000885350131,LCD TO LCD MM OM2  2.0MM OR LSZH 2.0M,Unclassified,LC_Variants,999.0,31.0,,
000000000885360008,LC-LC DUP MM OM3 3MM 10M-AQ,Unclassified,LC_Variants,999.0,30.0,,
000000000885360344,LC DUPLEX ONE BODY BLUE ADAPTER,Adapters,LC_Variants,30.0,30.0,,
000000000885360382,LC-LC DUP MM OM3 3MM 50M-AQ,Unclassified,LC_Variants,999.0,30.0,,
000000000885360678,LC DUPLEX ONE BODY BLUE ADAP FLANGELESS,Adapters,LC_Variants,30.0,30.0,,
000000000885360707,MPO(F)-4XLCD OM3 RND 3.0 OFNP AQUA 10M,Unclassified,MPO_Group,999.0,10.0,,
000000000885361103,"SC/APC ONE BODY AD, FLG W/ CLIP GREEN",Unclassified,Other_Connector_Types,999.0,40.0,,
000000000885361104,SC SM ONE BODY AD  FLG W/CLIP BLUE,Unclassified,Other_Connector_Types,999.0,40.0,,
000000000885362101,LC ONEBODY SPX ADAPTOR ZR SLEEVE,Unclassified,LC_Variants,999.0,32.0,,
000000000885362200,LC DUPLEX BLUE ADAPTER SQUARE CAP,Adapters,LC_Variants,30.0,30.0,,
000000000885362203,"LCD ONE BODY BEIGE ADA, NO FLG PLS CLIP",Unclassified,LC_Variants,999.0,31.0,,
000000000885362217,LC DUPLEX ONE BODY BEIGE ADAPTER,Adapters,LC_Variants,30.0,30.0,,
000000000885362400,LC 4WAY ADAPTER ONE BODY BLUE,Adapters,LC_Variants,30.0,32.0,,
000000000885362402,LC 4WAY SMALL ADAPTER ONE BODY BLUE,Adapters,LC_Variants,30.0,32.0,,
000000000885363176,LCD-LCD 9/125 2.0MM OFNR YELLOW 5M,Unclassified,LC_Variants,999.0,31.0,,
000000000885363177,LCD-LCD 9/125 2.0MM OFNR YELLOW 30M,Unclassified,LC_Variants,999.0,31.0,,
000000000885363179,LCD-LCD G657 A1 2MM PVC BLUE 2M,Unclassified,LC_Variants,999.0,31.0,,
000000000885363180,LCD-LCD G657 A1 2MM PVC BLUE 3M,Unclassified,LC_Variants,999.0,31.0,,
000000000885363181,LCD-LCD G657 A1 2MM PVC RED 1M,Unclassified,LC_Variants,999.0,31.0,,
000000000885363182,LC/UPC-LC/UPC G657 A1 2MM PVC RED 1M,Unclassified,LC_Variants,999.0,30.0,,
000000000885363183,LC/UPC-LC/UPC G657 A1 2MM PVC RED 2M,Unclassified,LC_Variants,999.0,30.0,,
000000000885363245,"LCD 90D TO LCD OM3 2MM AQUA LSZH, 0.7M",Unclassified,LC_Variants,999.0,31.0,,
000000000885363249,"LCD TO LCD SM 2MM CBL,SHORT BOOT 0.12M",Unclassified,LC_Variants,999.0,31.0,,
000000000885363250,LCD-LCD G657 A1 2MM PVC RED 2M,Unclassified,LC_Variants,999.0,31.0,,
000000000885363438,"SNAPMATE LC/UPC PIGTAIL, SM BLUE",Pigtails,LC_Variants,10.0,30.0,,
000000000885363439,SNAPMATE PLUG/UPC PIGTAIL WHITE #14742,Pigtails,Other,10.0,999.0,,
000000000885363440,"LC/UPC-D FERRULE PM JPR, 0.55M rev.014",Jumpers,LC_Variants,65.0,30.0,,
000000000885363441,LC/UPC-D FERRULE G657B3 0.55M rev.014,Unclassified,LC_Variants,999.0,30.0,,
000000000885363457,LC/UPC-LC/UPC G657 A1 2MM PVC RED 0.5M,Unclassified,LC_Variants,999.0,30.0,,
000000000885363465,LC/UPC-SM/UPC JPR 431-1866-001ZNE Rev002,Jumpers,LC_Variants,65.0,30.0,,
000000000885363467,LC/UPC-SM/UPC JPR 431-1869-001ZNE Rev002,Jumpers,LC_Variants,65.0,30.0,,
000000000885363488,"LCD-2XST 62.5/125 3MM JPR, LSZH 0.71M OR",Jumpers,LC_Variants,65.0,31.0,,
000000000885363509,"24F LC/PC G657A2 PTL,8MM LSZH YEL,2.82M",Unclassified,LC_Variants,999.0,32.0,,
000000000885363512,"LC/APC G652D 0.9MM PIGTAIL, 1M",Pigtails,LC_Variants,10.0,30.0,,
000000000885363521,"12xLCD/UPC-12xLCD/UPC JPR,SM,LSZH,20m",Jumpers,Other,65.0,999.0,,
000000000885363522,"12xLCD/UPC-12xLCD/UPC JPR,SM,LSZH,40m",Jumpers,Other,65.0,999.0,,
000000000885363523,"12xLCD/UPC-12xLCD/UPC JPR,SM,LSZH,60m",Jumpers,Other,65.0,999.0,,
000000000885363524,"12xLCD/UPC-12xLCD/UPC JPR,SM,LSZH,100m",Jumpers,Other,65.0,999.0,,
000000000885363525,"12xLCD/UPC-12xLCD/UPC JPR,SM,LSZH,200m",Jumpers,Other,65.0,999.0,,
000000000885363526,"12x LCD - 12x LCD JPR,OM3,LSZH,20m",Jumpers,LC_Variants,65.0,31.0,,
000000000885363527,"12x LCD - 12x LCD JPR,OM3,LSZH,40m",Jumpers,LC_Variants,65.0,31.0,,
000000000885363528,"12x LCD - 12x LCD JPR,OM3,LSZH,60m",Jumpers,LC_Variants,65.0,31.0,,
000000000885363547,"SNAPMATE LC/UPC PIGTAIL, SM BLUE 0.5M",Pigtails,LC_Variants,10.0,30.0,,
000000000885363548,"SNAPMATE LC/UPC PIGTAIL, SM WHITE 0.5M",Pigtails,LC_Variants,10.0,30.0,,
000000000885363702,"2X LC/UPC SM 7mm CBL,LSZH BLK-3.475m",Unclassified,LC_Variants,999.0,30.0,,
000000000885363888,LC DUP ADAPTER ZR SLEEVE SM FLANGE BLUE,Adapters,LC_Variants,30.0,30.0,,
000000000885365006,"LCD-LCD,OM1,1.6MM,PVC,OR,ST BT 3M",Unclassified,LC_Variants,999.0,31.0,,
000000000885365007,"LCD-LCD,OM1,1.6MM,PVC,OR,ST BT 5M",Unclassified,LC_Variants,999.0,31.0,,
000000000885365008,"LCD-LCD,OM1,1.6MM,PVC,OR,ST BT 10M",Unclassified,LC_Variants,999.0,31.0,,
000000000885365009,"LCD-LCD,OM1,1.6MM,PVC,OR,ST BT 15M",Unclassified,LC_Variants,999.0,31.0,,
000000000885365010,"LCD-LCD,OM1,1.6MM,PVC,OR,ST BT 20M",Unclassified,LC_Variants,999.0,31.0,,
000000000885365016,"LCD-LCD,657A1,1.6MM,PVC,YL,ST BT 3M",Unclassified,LC_Variants,999.0,31.0,,
000000000885365017,"LCD-LCD,657A1,1.6MM,PVC,YL,ST BT 5M",Unclassified,LC_Variants,999.0,31.0,,
000000000885365018,"LCD-LCD,657A1,1.6MM,PVC,YL,ST BT 10M",Unclassified,LC_Variants,999.0,31.0,,
000000000885365019,"LCD-LCD,657A1,1.6MM,PVC,YL,ST BT 15M",Unclassified,LC_Variants,999.0,31.0,,
000000000885365020,"LCD-LCD,657A1,1.6MM,PVC,YL,ST BT 20M",Unclassified,LC_Variants,999.0,31.0,,
000000000885365026,"LCD-SCD/APC,OM1,1.6MM,PVC,OR,ST BT 3M",Unclassified,LC_Variants,999.0,31.0,,
000000000885365027,"LCD-SCD/APC,OM1,1.6MM,PVC,OR,ST BT 5M",Unclassified,LC_Variants,999.0,31.0,,
000000000885365028,"LCD-SCD/APC,OM1,1.6MM,PVC,OR,ST BT 10M",Unclassified,LC_Variants,999.0,31.0,,
000000000885365029,"LCD-SCD/APC,OM1,1.6MM,PVC,OR,ST BT 15M",Unclassified,LC_Variants,999.0,31.0,,
000000000885365030,"LCD-SCD/APC,OM1,1.6MM,PVC,OR,ST BT 20M",Unclassified,LC_Variants,999.0,31.0,,
000000000885365036,"LCD-SCD/APC,G657A1,1.6MMPVC,YL,ST BT 3M",Unclassified,LC_Variants,999.0,31.0,,
000000000885365037,"LCD-SCD/APC,G657A1,1.6MMPVC,YL,ST BT 5M",Unclassified,LC_Variants,999.0,31.0,,
000000000885365038,"LCD-SCD/APC,G657A1,1.6MMPVC,YL,ST BT 10M",Unclassified,LC_Variants,999.0,31.0,,
000000000885365039,"LCD-SCD/APC,G657A1,1.6MMPVC,YL,ST BT 15M",Unclassified,LC_Variants,999.0,31.0,,
000000000885365040,"LCD-SCD/APC,G657A1,1.6MMPVC,YL,ST BT 20M",Unclassified,LC_Variants,999.0,31.0,,
000000000885365041,12XLC 900UM PITAIL SM G657A2 LSZH 1.005M,Unclassified,Other,999.0,999.0,,
000000000885365056,PLUG/M-LC G657B3 0.9MM WT 0.22M rev.01,Unclassified,LC_Variants,999.0,32.0,,
000000000885365057,PLUG/M-LC G657B3 0.9MM BL 0.22M rev.01,Unclassified,LC_Variants,999.0,32.0,,
000000000885365058,PLUG/M-LC G657B3 0.9MM WT 0.5M rev.01,Unclassified,LC_Variants,999.0,32.0,,
000000000885365059,PLUG/M-LC G657B3 0.9MM BL 0.5M rev.01,Unclassified,LC_Variants,999.0,32.0,,
000000000885365061,LC/UPC SIMPLEX G657A2 HYTREL 900UM JUMPE,Unclassified,LC_Variants,999.0,30.0,,
000000000885365069,LC/UPC SIMPLEX G657A2 HYTREL 900UM 0.45M,Unclassified,LC_Variants,999.0,30.0,,
000000000885365113,LC/UPC BL HSG WT BT SM PTL 500UM 1.5M,Unclassified,LC_Variants,999.0,30.0,,
000000000885365114,PLUG/M-LC G657B3 0.9MM BL 0.24M rev.01,Unclassified,LC_Variants,999.0,32.0,,
000000000885365115,PLUG/M-LC G657B3 0.9MM WT 0.24M rev.01,Unclassified,LC_Variants,999.0,32.0,,
000000000885365116,PLUG/M-LC G657B3 0.9MMBL 0.185M rev.01,Unclassified,LC_Variants,999.0,32.0,,
000000000885365117,PLUG/M-LC G657B3 0.9MMWT 0.185M rev.01,Unclassified,LC_Variants,999.0,32.0,,
000000000885365202,PLUG/F WT SP G657B3 NT 250UM 1M rev.04,Unclassified,Other,999.0,999.0,,
000000000885365206,LC-LC G657A1 1C BF TR ACR 10KM,Unclassified,LC_Variants,999.0,30.0,,
000000000885365207,LCD-LCD G657A1 2C 2D YL LSZH 20M,Unclassified,LC_Variants,999.0,31.0,,
000000000885365240,LC/UPC G657A2 HYTREL 900UM JMP 460mm,Unclassified,LC_Variants,999.0,30.0,,
000000000885365241,LC/UPC G657A2 HYTREL 900UM JMP 520MM,Unclassified,LC_Variants,999.0,30.0,,
000000000885365242,PLUG/M-LC G657B3 0.9MM BL 0.5M rev.01,Unclassified,LC_Variants,999.0,32.0,,
000000000885365243,PLUG/M-LC G657B3 0.9MM WT 0.5M rev.01,Unclassified,LC_Variants,999.0,32.0,,
000000000885365244,PLUG/M-LC G657B3 0.9MM BL 0.14m rev.01,Unclassified,LC_Variants,999.0,32.0,,
000000000885365245,PLUG/M-LC G657B3 0.9MM WT 0.140M rev.01,Unclassified,LC_Variants,999.0,32.0,,
000000000885365249,SC/APC-SC/APC WT 90D BT SM YL LSZH .736M,Unclassified,Other_Connector_Types,999.0,40.0,,
000000000885365283,PLUG/M-LC G657B3 0.9MMWT 0.485M rev.01,Unclassified,LC_Variants,999.0,32.0,,
000000000885365330,LCD TO LCD/UPC SM JUMPER 250MM,Jumpers,LC_Variants,22.0,31.0,,
000000000885366037,"MPO(F)-MPO(F) 12F OM3 3MM AQ,PLRT B,5M",Unclassified,MPO_Group,999.0,10.0,,
000000000885366038,"MPO(F)-MPO(F) 12F OM3 3MM AQ,PLRT B,10M",Unclassified,MPO_Group,999.0,10.0,,
000000000885366203,MPO QSFP MM  OM3JUMPER 3M,Unclassified,MPO_Group,999.0,10.0,,
000000000885366210,MPO QSFP MM  OM3 JUMPER 10M,Jumpers,MPO_Group,22.0,10.0,,
000000000885366301,MPO QSFP MM  OM4 JUMPER 1M,Jumpers,MPO_Group,22.0,10.0,,
000000000885366303,MPO QSFP MM  OM4JUMPER 3M,Unclassified,MPO_Group,999.0,10.0,,
000000000885366305,MPO QSFP MM  OM4 JUMPER 5M,Jumpers,MPO_Group,22.0,10.0,,
000000000885366310,MPO QSFP MM  OM4 JUMPER 10M,Jumpers,MPO_Group,22.0,10.0,,
000000000885366400,MPO(M) TO MPO(F) QSFP OM4 JUMPER 10M,Jumpers,MPO_Group,22.0,10.0,,
000000000885366503,MPO QSFPTO 4XLCD OM3 3M,Unclassified,MPO_Group,999.0,10.0,,
000000000885366505,MPO QSFPTO 4XLCD OM3 5M,Unclassified,MPO_Group,999.0,10.0,,
000000000885366703,MPO QSFP SM JUMPER 3M,Jumpers,MPO_Group,22.0,10.0,,
000000000885366705,MPO QSFP SM JUMPER 5M,Jumpers,MPO_Group,22.0,10.0,,
000000000885366730,MPO QSFP SM JUMPER 30M,Jumpers,MPO_Group,22.0,10.0,,
000000000885366803,MPO QSFP TO 4XLCD SM 3M,Unclassified,MPO_Group,999.0,10.0,,
000000000885366805,MPO QSFP TO 4XLCD SM 5M,Unclassified,MPO_Group,999.0,10.0,,
000000000885366830,MPO QSFP TO 4XLCD SM 30M,Unclassified,MPO_Group,999.0,10.0,,
000000000885366926,MT24(F)-3XMTP (F) SHT CLIP OM4 110MM JMP,Unclassified,Other,999.0,999.0,,
000000000885366928,MT24(F)-3XMTP (F) SHT CLIP OM4 260MM JMP,Unclassified,Other,999.0,999.0,,
000000000885366930,MPO(M)-MPO(M) 12F OM4 LSZH OFNR 5M,Unclassified,MPO_Group,999.0,10.0,,
000000000885367143,12F MPO(M)/APC TO 12XLC G657A2 LSZH 10M,Unclassified,MPO_Group,999.0,10.0,,
000000000885367172,MPO(F)/APC 12F SM YL 3MM OFNP JMP 6FT,Unclassified,MPO_Group,999.0,10.0,,
000000000885367173,MPO(F)/APC 12F SM YL 3MM OFNP JMP 8FT,Unclassified,MPO_Group,999.0,10.0,,
000000000885367174,MPO(F)/APC 12F SM YL 3MM OFNP JMP 10FT,Unclassified,MPO_Group,999.0,10.0,,
000000000885367175,MPO(F)/APC 12F SM YL 3MM OFNP JMP 12FT,Unclassified,MPO_Group,999.0,10.0,,
000000000885367176,MPO(F)/APC 12F SM YL 3MM OFNP JMP 36FT,Unclassified,MPO_Group,999.0,10.0,,
000000000885368100,15XLCD PIGTAIL 11MM RND G657 A2 LSZH BLK,Pigtails,Other,10.0,999.0,,
000000000885368119,SC/UPC to SC/APC 5.0MM G657A2 LSZH 10M,Unclassified,Other_Connector_Types,999.0,40.0,,
000000000885368791,LCD/UPC G657A1 2.0mm ZPCD OFNP JPR 30m,Jumpers,LC_Variants,65.0,31.0,,
000000000885368793,LCD/UPC G657A1 2.0mm ZPCD OFNP JPR 60m,Jumpers,LC_Variants,65.0,31.0,,
000000000885368800,LCD/UPC G657A1 2.0mm ZPCD OFNP JPR 300m,Jumpers,LC_Variants,65.0,31.0,,
000000000885368828,LCD-LCD 1.6MM G657A2 JMP YL LSZH 270mm,Unclassified,LC_Variants,999.0,31.0,,
000000000885368829,LCD-LCD 1.6MM G657A2 JMP YL LSZH 400mm,Unclassified,LC_Variants,999.0,31.0,,
000000000885368830,LCD-LCD 1.6MM OM3 JMP AQUA LSZH 270mm,Unclassified,LC_Variants,999.0,31.0,,
000000000885368831,LCD-LCD 1.6MM OM3 JMP AQUA LSZH 400mm,Unclassified,LC_Variants,999.0,31.0,,
000000000885369265,DISTRIBUTION BOX 8C 215x119.5x95MM OM2,Unclassified,Other,999.0,999.0,,
000000000885371505,LCD/UPC JPR SM BIF 2.0mm ZPCD PLNM  5m,Jumpers,LC_Variants,65.0,31.0,,
000000000885371510,LCD/UPC JPR SM BIF 2.0mm ZPCD PLNM  10m,Jumpers,LC_Variants,65.0,31.0,,
000000000885371520,LCD/UPC JPR SM BIF 2.0mm ZPCD PLNM  20m,Jumpers,LC_Variants,65.0,31.0,,
000000000885371530,LCD/UPC JPR SM BIF 2.0mm ZPCD PLNM  30m,Jumpers,LC_Variants,65.0,31.0,,
000000000885371550,LCD/UPC JPR SM BIF 2.0mm ZPCD PLNM 50M,Jumpers,LC_Variants,65.0,31.0,,
000000000885371600,LCD/UPC JPR SM BIF 2.0mm ZPCD PLNM  100m,Jumpers,LC_Variants,65.0,31.0,,
000000000885373501,LCD JPR MM OM3 2.0mm ZPCD PLNM  1m,Jumpers,LC_Variants,65.0,31.0,,
000000000885373503,LCD JPR MM OM3 2.0mm ZPCD PLNM  3m,Jumpers,LC_Variants,65.0,31.0,,
000000000885373510,LCD JPR MM OM3 2.0mm ZPCD PLNM  10m,Jumpers,LC_Variants,65.0,31.0,,
000000000885374501,LCD JPR MM OM4 2.0mm ZPCD PLNM  1m,Jumpers,LC_Variants,65.0,31.0,,
000000000885376515,LCD/UPC JPR SM BIF 2.0mm ZPCD LSZH  15m,Jumpers,LC_Variants,65.0,31.0,,
000000000885378003,LCD JPR MM OM3 1.6mm ZPCD LSZH  3m,Jumpers,LC_Variants,65.0,31.0,,
000000000885378005,LCD JPR MM OM3 1.6mm ZPCD LSZH  5m,Jumpers,LC_Variants,65.0,31.0,,
000000000885378050,LCD JPR MM OM3 1.6mm ZPCD LSZH 50m,Jumpers,LC_Variants,65.0,31.0,,
000000000885379505,LCD JPR MM OM4 2.0mm ZPCD LSZH  5m,Jumpers,LC_Variants,65.0,31.0,,
000000000885379510,LCD JPR MM OM4 2.0mm ZPCD LSZH  10m,Jumpers,LC_Variants,65.0,31.0,,
000000000885379520,LCD JPR MM OM4 2.0mm ZPCD LSZH  20m,Jumpers,LC_Variants,65.0,31.0,,
000000000885379530,LCD JPR MM OM4 2.0mm ZPCD LSZH  30m,Jumpers,LC_Variants,65.0,31.0,,
000000000885379550,LCD JPR MM OM4 2.0mm ZPCD LSZH  50m,Jumpers,LC_Variants,65.0,31.0,,
000000000885379600,LCD JPR MM OM4 2.0mm ZPCD LSZH  100m,Jumpers,LC_Variants,65.0,31.0,,
000000000885381032,LCD/UPC-LCD/UPC 2MM  SM YL JMP 2.5M,Unclassified,LC_Variants,999.0,31.0,,
000000000885381042,LCD/UPC-LCD/UPC EZ FLIP 2OM4 AQ JMP 2.5M,Unclassified,LC_Variants,999.0,31.0,,
000000000885381043,LCD/UPC-LCD/UPC EZ FLIP 2 OM4 AQ JMP 3M,Unclassified,LC_Variants,999.0,31.0,,
000000000885382004,12F MPO(2F-2F) G657A1 3D YL OFNP 3M,Unclassified,MPO_Group,999.0,10.0,,
000000000885382014,12F MPO(2F-2F) G657A1 3D YL OFNP 5M,Unclassified,MPO_Group,999.0,10.0,,
000000000885382016,12F MPO(2F-2F) G657A1 3D YL OFNP 6M<ZY>,Unclassified,MPO_Group,999.0,10.0,,
000000000885382018,12F MPO(2F-2F) G657A1 3D YL OFNP 7M<ZY>,Unclassified,MPO_Group,999.0,10.0,,
000000000885382020,12F MPO(2F-2F) G657A1 3D YL OFNP 8M<ZY>,Unclassified,MPO_Group,999.0,10.0,,
000000000885382021,12F MPO(2F-2F)G657A1 3D YL OFNP 8.5M<ZY>,Unclassified,MPO_Group,999.0,10.0,,
000000000885382022,12F MPO(2F-2F) G657A1 3D YL OFNP 9M,Unclassified,MPO_Group,999.0,10.0,,
000000000885382023,12F MPO(2F-2F)G657A1 3D YL OFNP 9.5M<ZY>,Unclassified,MPO_Group,999.0,10.0,,
000000000885382024,12F MPO(2F-2F) G657A1 3D YL OFNP 10M<ZY>,Unclassified,MPO_Group,999.0,10.0,,
000000000885382026,12F MPO(2F-2F) G657A1 3D YL OFNP 11M<ZY>,Unclassified,MPO_Group,999.0,10.0,,
000000000885382027,12F MPO(2F-2F)657A1 3D YL OFNP 11.5M<ZY>,Unclassified,MPO_Group,999.0,10.0,,
000000000885382028,12F MPO(2F-2F) G657A1 3D YL OFNP 12M,Unclassified,MPO_Group,999.0,10.0,,
000000000885382029,12F MPO(2F-2F)657A1 3D YL OFNP 12.5M<ZY>,Unclassified,MPO_Group,999.0,10.0,,
000000000885382030,12F MPO(2F-2F) G657A1 3D YL OFNP 13M<ZY>,Unclassified,MPO_Group,999.0,10.0,,
000000000885382032,12F MPO(2F-2F) G657A1 3D YL OFNP 14M<ZY>,Unclassified,MPO_Group,999.0,10.0,,
000000000885382034,12F MPO(2F-2F) G657A1 3D YL OFNP 15M<ZY>,Unclassified,MPO_Group,999.0,10.0,,
000000000885382045,MPO QSFP TO 4XLCD SM OFNP JMP 5M,Unclassified,MPO_Group,999.0,10.0,,
000000000885382046,MPO QSFP SM OFNP JUMPER 5M,Jumpers,MPO_Group,22.0,10.0,,
000000000885382047,12F MPO(2F-2F) G657A1 3D YL OFNP 132M,Unclassified,MPO_Group,999.0,10.0,,
000000000885382052,MPO(F)/APC-MPO(F)/APC SM 3MM YL B 2.5M,Unclassified,MPO_Group,999.0,10.0,,
000000000885382062,QSFP MPO(F) OM4 3MM AQUA JMP 2.5M,Unclassified,MPO_Group,999.0,10.0,,
000000000885382072,MPO(F)-MPO(F) OM4 3MM AQUA B JMP 2.5M,Unclassified,MPO_Group,999.0,10.0,,
000000000885382090,13.5M-Long Shuffle Cable  Pinout 3,Shuffle_Cables,Other,20.0,999.0,,
000000000885382091,18.5M-Long Shuffle Cable  Pinout 3,Shuffle_Cables,Other,20.0,999.0,,
000000000885382092,23.5M-Long Shuffle Cable  Pinout 3,Shuffle_Cables,Other,20.0,999.0,,
000000000885382093,28.5M-Long Shuffle Cable  Pinout 3,Shuffle_Cables,Other,20.0,999.0,,
000000000885382094,33.5M-Long Shuffle Cable  Pinout 3,Shuffle_Cables,Other,20.0,999.0,,
000000000885382095,38.5M-Long Shuffle Cable  Pinout 3,Shuffle_Cables,Other,20.0,999.0,,
000000000885382096,43.5M-Long Shuffle Cable  Pinout 3,Shuffle_Cables,Other,20.0,999.0,,
000000000885382097,48.5M-Long Shuffle Cable  Pinout 3,Shuffle_Cables,Other,20.0,999.0,,
000000000885382098,53.5M-Long Shuffle Cable  Pinout 3,Shuffle_Cables,Other,20.0,999.0,,
000000000885382099,58.5M-Long Shuffle Cable  Pinout 3,Shuffle_Cables,Other,20.0,999.0,,
000000000885382100,63.5M-Long Shuffle Cable  Pinout 3,Shuffle_Cables,Other,20.0,999.0,,
000000000885382101,68.5M-Long Shuffle Cable  Pinout 3,Shuffle_Cables,Other,20.0,999.0,,
000000000885382102,73.5M-Long Shuffle Cable  Pinout 3,Shuffle_Cables,Other,20.0,999.0,,
000000000885382103,78.5M-Long Shuffle Cable  Pinout 3,Shuffle_Cables,Other,20.0,999.0,,
000000000885382104,83.5M-Long Shuffle Cable  Pinout 3,Shuffle_Cables,Other,20.0,999.0,,
000000000885382105,88.5M-Long Shuffle Cable  Pinout 3,Shuffle_Cables,Other,20.0,999.0,,
000000000885382106,93.5M-Long Shuffle Cable  Pinout 3,Shuffle_Cables,Other,20.0,999.0,,
000000000885382107,98.5M-Long Shuffle Cable  Pinout 3,Shuffle_Cables,Other,20.0,999.0,,
000000000885382108,103.5M-Long Shuffle Cable  Pinout 3,Shuffle_Cables,Other,20.0,999.0,,
000000000885382109,108.5M-Long Shuffle Cable  Pinout 3,Shuffle_Cables,Other,20.0,999.0,,
000000000885382110,110M-Long Shuffle Cable  Pinout 3,Shuffle_Cables,Other,20.0,999.0,,
000000000885382132,132M-Long Shuffle Cable  Pinout 3,Shuffle_Cables,Other,20.0,999.0,,
000000001060050001,"BODY, MTP LOW PROFILE LOOPBACK",Loopback_Group,MTP_Group,40.0,11.0,,
000000001060051000,"MTP LOOPBACK, 12CH, SM",Loopback_Group,MTP_Group,40.0,11.0,,
000000001060051100,MTP LOOPBACK  12 CH  MM 50/125  QSFP,Loopback_Group,MTP_Group,40.0,11.0,,
000000001060051102,"MTP(F) LOOPBACK, 12CH, MM50/125, QSFP",Loopback_Group,MTP_Group,40.0,11.0,,
000000001060051105,"MTP/APC LOOPBACK, 12F, SM CIENA",Loopback_Group,MTP_Group,40.0,11.0,,
000000001060051126,MTP LOOPBACK 12CH 50/25 QSFP,Loopback_Group,MTP_Group,40.0,11.0,,
000000001060051130,DEMATE ACCESSORY TOOL MTP,Unclassified,MTP_Group,999.0,11.0,,
000000001060051500,"MTP LOOPBACK, 8CH, SM",Loopback_Group,MTP_Group,40.0,11.0,,
000000001060051514,"MTP LOOPBACK, 8CH, SM, QSFP",Loopback_Group,MTP_Group,40.0,11.0,,
000000001060051602,"MTP LOOPBACK, 24CH, MM 50/125",Loopback_Group,MTP_Group,40.0,11.0,,
000000001060200003,LC CONN SPX 0.9 BG MM126,Unclassified,LC_Variants,999.0,32.0,,
000000001060204014,LC HEAD SPX 0.9 BL SM125 CC0.5 #B71,Unclassified,LC_Variants,999.0,32.0,,
000000001060212114,LC CONNECTOR REAR BODY -TIGHT CABLE-SM,Unclassified,LC_Variants,999.0,32.0,,
000000001060212200,LC DUPLEX CONNECTOR(TIGHT CABLE)SM-BL,Unclassified,LC_Variants,999.0,30.0,,
000000001060212300,LC  DUPLEX CONNECTOR (TIGHT CABLE)MM-BE,Unclassified,LC_Variants,999.0,32.0,,
000000001060212400,LC SIMPLEX CONNECTOR APC TIGHT CABLE,Unclassified,LC_Variants,999.0,32.0,,
000000001060212500,LC CONNECTOR SMPLX PC TIGHT CABLE,Unclassified,LC_Variants,999.0,32.0,,
000000001060213300,LC DPX MM CONN.90 DEG.BOOT (TJC),Unclassified,LC_Variants,999.0,30.0,,
000000001060220600,ST CN MM127 4.0um 0.9mm bfiber Blk Bt,Unclassified,Other_Connector_Types,999.0,40.0,,
000000001060230110,"COMPRESSION SPRING, EBO LATCHED",Unclassified,EBO_Group,999.0,20.0,,
000000001060230115,"Ferrule adhesive, 3cc, EBO CONNECTOR",Unclassified,EBO_Group,999.0,20.0,,
000000001060230116,"FERRULE, SM, 16F, EBO CONNECTOR<ZY>",Unclassified,EBO_Group,999.0,20.0,,
000000001060230117,"COLLET,EBO 16F CASS CONN,LOOSE FIBER",Unclassified,EBO_Group,999.0,20.0,,
000000001060230119,"FERRULE, MM, 16F, EBO CONNECTOR<ZY>",Unclassified,EBO_Group,999.0,20.0,,
000000001060230120,"16F MM OM4 EBO FERR+COLLET+RIBB,4.0m",Unclassified,EBO_Group,999.0,20.0,,
000000001060230200,"HOUSING, RECEPT, EBO-CASS 9FERR UNIV",Accessories,EBO_Group,85.0,20.0,,
000000001060230201,"HOUSING COVER, RECEPT, EBO-C 9FERR UNIV",Accessories,EBO_Group,85.0,20.0,,
000000001060230202,"SPRING PUSHER, RECEPT, EBO-C 9FERR UNIV",Unclassified,EBO_Group,999.0,20.0,,
000000001060230203,"FERRULE HOLDER, RECEPT, EBO-C 9x16F",Unclassified,EBO_Group,999.0,20.0,,
000000001060230204,"FERRULE HOLDER CVR, RECEPT, EBO-C 9x16F",Unclassified,EBO_Group,999.0,20.0,,
000000001060230205,"SLEEVE, CONN, EBO-C 9FERR UNIV",Unclassified,EBO_Group,999.0,20.0,,
000000001060230206,"HOUSING, CONN, EBO-C 9x16F",Accessories,EBO_Group,85.0,20.0,,
000000001060230207,"HOUSING CVR, CONN, EBO-C 9x16F",Accessories,EBO_Group,85.0,20.0,,
000000001060230208,"COMPRESSION SPRING, ROUND, EBO CASSETTE",Unclassified,EBO_Group,999.0,20.0,,
000000001060230213,"ENDCAP, CONN, EBO-C, 9FERR UNIV",Unclassified,EBO_Group,999.0,20.0,,
000000001060230214,"ENDCAP, RECEPT, EBO-C, 9FERR UNIV",Unclassified,EBO_Group,999.0,20.0,,
000000001060230217,"CRIMP BAND, EBO CASSETTE CONNECTOR",Unclassified,EBO_Group,999.0,20.0,,
000000001060230248,"HOUSING, CONN, EBO-C 9x16F",Accessories,EBO_Group,85.0,20.0,,
000000001060230249,"SPRING PUSHER W-PORT, EBO-C 9FERR UNIV",Unclassified,EBO_Group,999.0,20.0,,
000000001060230250,"SHELL HALF, EBO 9X16F INLINE RECEPT<ZY>",Unclassified,EBO_Group,999.0,20.0,,
000000001060230270,EBO PUSH-PULL ADAPTER ASSEMBLY,Adapters,EBO_Group,30.0,20.0,,
000000001060230303,"CONNECTOR KIT, VB EBO 9X16F",Accessories,EBO_Group,85.0,20.0,,
000000001060230316,"RECEPTACLE KIT, INLINE, VB EBO 9X16F",Accessories,EBO_Group,85.0,20.0,,
000000001060231238,SERVER RACK MM ASSEMBLY,Unclassified,Other,999.0,999.0,,
000000001060231239,IB0 DOWNSTREAM MM ASSEMBLY,Unclassified,Other,999.0,999.0,,
000000001060231248,"MPO-16 EBO PP to 2x MPO8 JPR, 2m",Jumpers,MPO_Group,65.0,10.0,,
000000001060231249,"EBO16F PP DUAL KEY TO MPO16F,SM,2m",Unclassified,MPO_Group,999.0,10.0,,
000000001060231250,"MPO-16 EBO PP TO 8x LCD JPR, 2m",Jumpers,MPO_Group,65.0,10.0,,
000000001060231264,288F 18xEBO PP-18xEBO PP SM OFNR 85m,Unclassified,Other,999.0,999.0,,
000000001060231265,"EBO16 DK PP-2x MPO8(F)/APC,SM,4m",Unclassified,Other,999.0,999.0,,
000000001060231266,"4x EBO16 DK PP-8x MPO8(F)/APC,SM,64F,4m",Unclassified,Other,999.0,999.0,,
000000001060231267,"EBO16 DK PP-8x LCD/UPC, SM,4m",Unclassified,LC_Variants,999.0,31.0,,
000000001060231274,"HARNESS, BACKHAUL SHUFFLE, SL V3",Shuffle_Cables,Other,20.0,999.0,,
000000001060231275,"FRONTHAUL SHUFFLE HARNESS, V3 SL",Shuffle_Cables,Other,20.0,999.0,,
000000001060231301,"EBO-16 PP - EBO-16 PP JPR, SM, 1.0m",Jumpers,EBO_Group,65.0,20.0,,
000000001060231303,"EBO-16 PP - EBO-16 PP JPR, SM, 5.0m",Jumpers,EBO_Group,65.0,20.0,,
000000001060231304,"9xMPO16-9x16 EBO Recept,SM,Ribb fiber,1m",Unclassified,EBO_Group,999.0,20.0,,
000000001060231305,"9x MPO16 to 9x16 EBO Plug, SM, 3m",Unclassified,MPO_Group,999.0,10.0,,
000000001060231309,"9x16MPO-9X16EBO RECEPT,MM,RIBB FIBER",Unclassified,Other,999.0,999.0,,
000000001060231310,"9X16MPO-9X16EBO PLUG,MM,3M",Unclassified,Other,999.0,999.0,,
000000001060231317,"VB EBO 9x16F CN TO 18X8F MPO(F) CABLE,MM",Unclassified,MPO_Group,999.0,10.0,,
000000001060231318,"VB EBO 9x16F RCPT TO 18X8F MPO(F) CBL,MM",Unclassified,MPO_Group,999.0,10.0,,
000000001060231505,"EBO16 PP DUAL KEY-MTP16 JPR,MM,3.0m",Jumpers,MTP_Group,65.0,11.0,,
000000001060231507,"EBO16 PP DUAL KEY-EBO16 PP DUAL KEY,JPR",Jumpers,Other,65.0,999.0,,
000000001060231508,"MPO(F)/APC-EBO16 DK PP JPR,OM3,TYPE A,2m",Jumpers,MPO_Group,65.0,10.0,,
000000001060231509,"MPO(F)/APC-EBO16 DK PP JPR,OM3,TYPE B,2m",Jumpers,MPO_Group,65.0,10.0,,
000000001060231510,"MPO(M)/APC-EBO16 DK PP JPR,OM3,TYPE A,2m",Jumpers,MPO_Group,65.0,10.0,,
000000001060231512,"EBO16 DK PP-16X FC/APC, OM3, 3m",Unclassified,Other_Connector_Types,999.0,40.0,,
000000001060231513,"MPO16(F)/APC - 16X FC/APC, OM3, 3m",Unclassified,MPO_Group,999.0,10.0,,
000000001060231550,EBO LOOPBACK,Loopback_Group,EBO_Group,40.0,20.0,,
000000001060231630,288F SM 2X144 EBO TO 2X144EBO LSZH 50M,Unclassified,EBO_Group,999.0,20.0,,
000000001060231800,288F MM 2X144 EBO TO 2X144EBO LSZH 20M,Unclassified,EBO_Group,999.0,20.0,,
000000001060231803,288F MM 2x144EBO TO 2x144EBO LSZH 10M,Unclassified,Other,999.0,999.0,,
000000001060231805,288F MM 2X144 EBO TO 2X144EBO LSZH 25M,Unclassified,EBO_Group,999.0,20.0,,
000000001060231810,288F MM 2X144 EBO TO 2X144EBO LSZH 30M,Unclassified,EBO_Group,999.0,20.0,,
000000001060231815,288F MM 2X144 EBO TO 2X144EBO LSZH 35M,Unclassified,EBO_Group,999.0,20.0,,
000000001060231820,288F MM 2X144 EBO TO 2X144EBO LSZH 40M,Unclassified,EBO_Group,999.0,20.0,,
000000001060231821,288F MM 2x144EBO TO 2x144EBO LSZH 15M,Unclassified,Other,999.0,999.0,,
000000001060231825,288F MM 2X144 EBO TO 2X144EBO LSZH 45M,Unclassified,EBO_Group,999.0,20.0,,
000000001060239002,"EBO LATCHED - 12xSC/APC JPR,SM,2m",Jumpers,EBO_Group,65.0,20.0,,
000000001060243310,BULK PACKED P/N 1060243300,Unclassified,Other,999.0,999.0,,
000000001060245259,LC CONN.3MM CBL APPL. 126 LOW COST,Unclassified,LC_Variants,999.0,32.0,,
000000001060245500,LC CONN BFIB (SM126) BLUE,Unclassified,LC_Variants,999.0,32.0,,
000000001060252320,LCD SM DOUBLE CONNECTOR STD BOOT,Unclassified,LC_Variants,999.0,31.0,,
000000001060252370,LCD SM DOUBLE CONNECTOR 90DEG BOOT,Unclassified,LC_Variants,999.0,31.0,,
000000001060253300,LC DUPLEX CONN 127 MM 2.0 CABLE,Unclassified,LC_Variants,999.0,30.0,,
000000001060253610,LC DUPL CONN 127MM 90D STACKB BOOT 2.0CA,Unclassified,LC_Variants,999.0,32.0,,
000000001060262301,LC BOOT GREEN  2.0 MM CABLE,Unclassified,LC_Variants,999.0,32.0,,
000000001060282130,LC DPX CN HEAD SM125.5 CBL BLU(MTL PLG),Unclassified,LC_Variants,999.0,30.0,,
000000001060283020,LC SPX CN HEAD MM127 CBL BEIGE(MTL PLUG),Unclassified,LC_Variants,999.0,32.0,,
000000001060291002,CS 2F SINGLE CHANNEL O/FLG BLUE,Unclassified,Other_Connector_Types,999.0,40.0,,
000000001060291012,CS 4F DUAL CHANNEL O/FLG BLUE,Unclassified,Other_Connector_Types,999.0,40.0,,
000000001060291017,CS 8F QUAD CHANNEL AD NO/FLG BLUE,Unclassified,Other_Connector_Types,999.0,40.0,,
000000001060295003,"CS-LCUNI 2.0mm SM JUMPER, 3M",Jumpers,Other_Connector_Types,22.0,40.0,,
000000001060452015,DUST CAP(FOR FERRULE) LC BLC CONN.,Accessories,LC_Variants,85.0,32.0,,
000000001060453000,BLC CONNECTOR 2 POSITION MM127.0  BLACK,Unclassified,Other,999.0,999.0,,
000000001060455000,BLC CONNECTOR  2 POSITION SM126.0  BLACK,Unclassified,Other,999.0,999.0,,
000000001060463000,BLC CONN 8POS MM127 3.0 CONC.,Unclassified,Other,999.0,999.0,,
000000001060465000,BLC CONN.126.0 SM BLACK 8 POS,Unclassified,Other,999.0,999.0,,
000000001060485000,BLC/APC CONNECTOR 2 POSITION,Unclassified,Other,999.0,999.0,,
000000001060520010,LC LOOPBACK MM 50/125um,Loopback_Group,LC_Variants,40.0,32.0,,
000000001060520030,LC LOOPBACK SM 9/125um,Loopback_Group,LC_Variants,40.0,32.0,,
000000001060520080,"LC LOOPBACK MM 50/125um, BLACK",Loopback_Group,LC_Variants,40.0,32.0,,
000000001060520130,LC LOOPBACK SM 9/125 BIF,Loopback_Group,LC_Variants,40.0,32.0,,
000000001060520150,"LC LOOPBACK SM 9/125 BIF, ADVA",Loopback_Group,LC_Variants,40.0,32.0,,
000000001060590020,INDUSTRIAL CONNECTOR DUST CAP W/ TETHER,Harness_Tether,Other,75.0,999.0,,
000000001060596200,MTP INDUSTRIAL ADAPTER,Adapters,MTP_Group,30.0,11.0,,
000000001060597002,"LC TOP CLIP, INDUSTRIAL LC",Unclassified,LC_Variants,999.0,32.0,,
000000001060597100,PLUG ASSY MM METAL BODY IND LC WITH LOGO,Unclassified,LC_Variants,999.0,32.0,,
000000001060597300,PLUG ASSY MM METAL BODY IND LC NO LOGO,Unclassified,LC_Variants,999.0,32.0,,
000000001060597400,ADAPTER ASY MM METAL BODY IND LC NO LOGO,Adapters,LC_Variants,30.0,32.0,,
000000001060597600,ADAPTER ASSY SM METAL BODY IND LC W/LOGO,Adapters,LC_Variants,30.0,32.0,,
000000001060597800,ADAPTER ASY SM METAL BODY IND LC NO LOGO,Adapters,LC_Variants,30.0,32.0,,
000000001060598008,"INDUSTRIAL LC CONNECTOR, SM, STD PLATING",Unclassified,LC_Variants,999.0,32.0,,
000000001060598009,"STRAIN RELIEF, M16 THREAD, WITH NUT<ZY>",Unclassified,Other,999.0,999.0,,
000000001060598012,"SPACER, 2.9mm, 15.5 I.D<ZY>",Unclassified,Other,999.0,999.0,,
000000001060630660,SC CONN (MMPC+ZR) 2.4MM 1PC BEIGE,Unclassified,Other_Connector_Types,999.0,40.0,,
000000001060632100,SC/APC SM CONNECTOR TIGHT CABLE,Unclassified,Other_Connector_Types,999.0,40.0,,
000000001060730020,SNAP MATE KIT (FULL),Accessories,Other,85.0,999.0,,
000000001060730021,"SNAPMATE HOUSING/SPLIT SLEEVE KIT,BLACK",Splitter_Cables,Other,18.0,999.0,,
000000001060730022,SNAPMATE LC PLUG(SM125.5)/SPRING KIT,Accessories,LC_Variants,85.0,32.0,,
000000001060770020,DUSTCAP ASSEMBLY,Accessories,Other,85.0,999.0,,
000000001060770028,"RELEASE TAB, DBL WING, SNGL MT CIRC",Unclassified,Other,999.0,999.0,,
000000001060770085,"RECEPT ASSY, SINGLE CIRC MT (ISI-O2)",Unclassified,Other,999.0,999.0,,
000000001060770092,"NUT,RETENTION,RECEPT ADAPT (ISI-O2)",Unclassified,Other,999.0,999.0,,
000000001060770106,"SHUTTER ASY,RECP,CIRC MT,BLUE (ISI-O2)",Unclassified,Other,999.0,999.0,,
000000001060770541,"SHUTTER ASBY, RECEPT, SING CIRC MT, BLUE",Unclassified,Other,999.0,999.0,,
000000001060770607,"PROTECTIVE ENCLOSURE, BOOM ARM ASBY",Unclassified,Other,999.0,999.0,,
000000001060770633,"SUBASBY, LENSED MT CONN TO 4LC",Unclassified,Other,999.0,999.0,,
000000001060775510,"PULLING EYE KIT, 1X3 CIRCULAR MT",Accessories,Other,85.0,999.0,,
000000001060806640,"MT FERR KIT,SM ELITE 24F,PRE-ANGLED,20N",Accessories,Other,85.0,999.0,,
000000001060806660,"MT FERRULE KIT, SM ELITE 24F, P-A, USC",Accessories,Other,85.0,999.0,,
000000001060809002,"MT FERRULE KIT, SM 16F, PRE-ANGLED",Accessories,Other,85.0,999.0,,
000000001060809004,"MT FERRULE KIT, SM ELITE 16F, P-A, USC",Accessories,Other,85.0,999.0,,
000000001060811406,"BOOT,AROUND,PUSH-PULL,MTP,1.8-3.2mm<ZY>",Unclassified,MTP_Group,999.0,11.0,,
000000001060813018,MTP DUST CAP WITH TETHER  BLACK,Harness_Tether,MTP_Group,75.0,11.0,,
000000001060813035,"SPRING PUSH, MTP RND, HFC, 3.0mm CBL<ZY>",Unclassified,MTP_Group,999.0,11.0,,
000000001060813042,"CRIMP BAND, 3.4-3.8mm RND CBL, MTP",Unclassified,MTP_Group,999.0,11.0,,
000000001060813043,"CRIMP BAND, 3.0mm RND CBL, MTP<ZY>",Unclassified,MTP_Group,999.0,11.0,,
000000001060813502,"BOOT, ROUND, BLACK, MTP 3MM CONNECT<ZY>",Unclassified,MTP_Group,999.0,11.0,,
000000001060819004,"DUST CAP, MTP, SLATE<ZY>",Accessories,MTP_Group,85.0,11.0,,
000000001060819015,"ASSEMBLY, HOUSING, MTP-16, YELLOW<ZY>",Accessories,MTP_Group,85.0,11.0,,
000000001060822200,"MPO FEMALE CN. KIT, 12F, 3mm,YELL, HKS",Accessories,MPO_Group,85.0,10.0,,
000000001060822300,"MPO(F) EZ-WAY CN. KIT, 12F,2mm, GRN, SNK",Accessories,MPO_Group,85.0,10.0,,
000000001060822400,"MPO FEMALE CN. KIT, 12F, 2mm,GRN, HKS",Accessories,MPO_Group,85.0,10.0,,
000000001060827130,"MPO12(F) MM CN,AQU,SHBT,FXDKEY,3mm SENKO",Unclassified,MPO_Group,999.0,10.0,,
000000001060827131,GUIDE PINS FOR PN 1060827130,Unclassified,Other,999.0,999.0,,
000000001060829002,"PIN SPACER, MTP-16, SM/MM <ZY>",Unclassified,MTP_Group,999.0,11.0,,
000000001060902900,LC CONN(125.5) 1.6mm CBL HGH PREC.,Unclassified,LC_Variants,999.0,32.0,,
000000001061041030,"HBMT BACKPLANE ADAPTER W/O FLANGE,SCREWS",Adapters,Other,30.0,999.0,,
000000001061041151,"DAUGHTERBOARD PLUG, BLACK",Unclassified,Other,999.0,999.0,,
000000001061041203,"DC BOOT RETAINER, BLACK (NON EMI)",Unclassified,Other,999.0,999.0,,
000000001061042120,"HBMT DUAL STACK DAUGHTERCARD CN.,SCREWS",Unclassified,Other,999.0,999.0,,
000000001061051000,HBMT BKPLN ADPTR (SCREW VERSION)w/FLANGE,Unclassified,Other,999.0,999.0,,
000000001061051001,HBMT MB ADPTR(SCRW VRSN MTL BKPLN)w/FLNG,Unclassified,Other_MultiFiber,999.0,16.0,,
000000001061051100,DAUGHTERCARD ASSEMBLY (SCREW VERSION),Unclassified,Other,999.0,999.0,,
000000001061052000,HBMT Motherboard Adaptor Fixed Style,Unclassified,Other,999.0,999.0,,
000000001061052100,HBMT Daughtercard Connector Rivet Mount,Unclassified,Other,999.0,999.0,,
000000001061052554,"MOTHERBOARD CLIP KIT, BLACK, 3.0mm CBL",Accessories,Other,85.0,999.0,,
000000001061055054,VFI MB CLIP KIT SM BLACK w/12F FER,Accessories,Other_MultiFiber,85.0,16.0,,
000000001061055200,VFI MB CLIP KIT SM-E LIGHT BL w/36F FER,Accessories,Other_MultiFiber,85.0,16.0,,
000000001061055210,VFI MB CLIP KIT SM-E GREEN w/36F FER,Accessories,Other_MultiFiber,85.0,16.0,,
000000001061055220,VFI MB CLIP KIT SM-E RED w/36F FER,Accessories,Other_MultiFiber,85.0,16.0,,
000000001061055230,VFI MB CLIP KIT SM-E YELLOW w/36F FER,Accessories,Other_MultiFiber,85.0,16.0,,
000000001061060105,SCR-SHOULDER PHPH2-56 SS,Unclassified,Other,999.0,999.0,,
000000001061060200,"VFI DAUGHTERCARD CONNECTOR, 4 PORT",Unclassified,Other,999.0,999.0,,
000000001061060210,"VFI DAUGHTERCARD CONECTOR, 4 PORT",Unclassified,Other,999.0,999.0,,
000000001061060300,VFI DAUGHTERCARD CONNECTOR 6 PORT,Unclassified,Other,999.0,999.0,,
000000001061060500,VFI DAUGHTER CARD CONNECTOR 8 PORT,Unclassified,Other,999.0,999.0,,
000000001061061003,VFI-HBMT DUMMY PLUG,Unclassified,Other,999.0,999.0,,
000000001061061011,VFI-HBMT APC CLEANING ASSEMBLY,Accessories,Other,85.0,999.0,,
000000001061061016,VFI-HBMT APC CLEANING PLUG  (8 DEGREE),Accessories,Other,85.0,999.0,,
000000001061061017,VFI-HBMT DUMMY PLUG,Unclassified,Other,999.0,999.0,,
000000001061061200,"VFI BACKPLANE ADAPTER, 4 PORT",Adapters,Other,30.0,999.0,,
000000001061061210,"VFI BP ADAPTER, 4 PORT, W/ LASER SHIELD",Adapters,Other,30.0,999.0,,
000000001061061300,"VFI BACKPLANE ADAPTER, 6 PORT",Adapters,Other,30.0,999.0,,
000000001061061500,VFI BACKPLANE ADAPTER 8 PORT,Adapters,Other,30.0,999.0,,
000000001061061503,"LASER SHIELD, VFI BP ADAPTER, 8 PORT",Adapters,Other,30.0,999.0,,
000000001061061600,"VFI BP ADAPTER, 8 PORT, W/ LASER SHIELD",Adapters,Other,30.0,999.0,,
000000001061062100,VFI DC PLG ASM SM-E 20N SPR BK w/36F FER,Unclassified,Other,999.0,999.0,,
000000001061062110,VFI MB CLIP KIT SM-E BLACK w/36F FER,Accessories,Other_MultiFiber,85.0,16.0,,
000000001061063104,"MTP12(F)/APC-4X MT12(F)/APC MB JPR,SM,3m",Jumpers,MTP_Group,65.0,11.0,,
000000001061063165,"LCD/UPC-MT(M)/APC VFI DC JPR,SMBIF,200mm",Jumpers,LC_Variants,65.0,31.0,,
000000001061063224,MTP12(F)/APC PTAB JPR SMBIF 3mm CBL 3m,Jumpers,MTP_Group,65.0,11.0,,
000000001061063226,MTP12(F)/APC PTAB JPR SMBIF 3mm CBL 7m,Jumpers,MTP_Group,65.0,11.0,,
000000001061063227,MTP12(F)/APC PTAB JPR SMBIF 3mm CBL 10m,Jumpers,MTP_Group,65.0,11.0,,
000000001061063228,MTP12(F)/APC PTAB JPR SMBIF 3mm CBL 20m,Jumpers,MTP_Group,65.0,11.0,,
000000001061063229,MTP12(F)/APC PTAB JPR SMBIF 3mm CBL 25m,Jumpers,MTP_Group,65.0,11.0,,
000000001061063230,MTP12(F)/APC PTAB JPR SMBIF 3mm CBL 30m,Jumpers,MTP_Group,65.0,11.0,,
000000001061063231,MTP12(F)/APC PTAB JPR SMBIF 3mm CBL 45m,Jumpers,MTP_Group,65.0,11.0,,
000000001061063232,MTP12(F)/APC PTAB JPR SMBIF 3mm CBL 75m,Jumpers,MTP_Group,65.0,11.0,,
000000001061063233,MTP12(F)/APC PTAB JPR SMBIF 3mm CBL 100m,Jumpers,MTP_Group,65.0,11.0,,
000000001061063240,MTP12(F)/APC-4XLCD/UPC JP SMBIF 3mm 20m,Unclassified,MTP_Group,999.0,11.0,,
000000001061063241,MTP12(F)/APC-4XLCD/UPC JP SMBIF 3mm 30m,Unclassified,MTP_Group,999.0,11.0,,
000000001061063242,MTP12(F)/APC-4XLCD/UPC JP SMBIF 3mm 45m,Unclassified,MTP_Group,999.0,11.0,,
000000001061063243,MTP12(F)/APC-4XLCD/UPC JP SMBIF 3mm 60m,Unclassified,MTP_Group,999.0,11.0,,
000000001061063244,MTP12(F)/APC-4XLCD/UPC JP SMBIF 3mm 75m,Unclassified,MTP_Group,999.0,11.0,,
000000001061063245,MTP12(F)/APC-4XLCD/UPC JP SMBIF 3mm 100m,Unclassified,MTP_Group,999.0,11.0,,
000000001061063261,MTP12(F)/APC PTAB JPR SMBIF 3mm CBL 15m,Jumpers,MTP_Group,65.0,11.0,,
000000001061063262,MTP12(F)/APC-4XLCD/UPC JP SMBIF 3mm 25m,Unclassified,MTP_Group,999.0,11.0,,
000000001061063267,"4x VFI MB(24) JPR,SM LL,3mm CBL,575mm",Jumpers,Other_MultiFiber,65.0,16.0,,
000000001061063268,"4x VFI MB(24) JPR,SM LL,3mm CBL,595mm",Jumpers,Other_MultiFiber,65.0,16.0,,
000000001061063269,"4x VFI MB(24) JPR,SM LL,3mm CBL,680mm",Jumpers,Other_MultiFiber,65.0,16.0,,
000000001061063270,"4x VFI MB(24) JPR,SM LL,3mm CBL,650mm",Jumpers,Other_MultiFiber,65.0,16.0,,
000000001061063271,"VFI DC(24) TO 2x MPO(F) JPR,SM LL,1050mm",Jumpers,MPO_Group,65.0,10.0,,
000000001061063272,"VFI DC(24)  PIGTAIL,16F, SM LL,1000mm",Pigtails,Other,10.0,999.0,,
000000001061063273,"VFI MB(24) TO 16x LC JPR,SM LL,2000mm",Jumpers,Other_MultiFiber,65.0,16.0,,
000000001061063274,"VFI DC(24)/APC LOOPBACK ASSY,SM LL",Loopback_Group,Other,40.0,999.0,,
000000001061063275,"4x VFI MB(24) JPR,SM LL,3mm CBL,625mm",Jumpers,Other_MultiFiber,65.0,16.0,,
000000001061063277,MTP12(F)/APC PTAB JPR SMBIF 3mm CBL 60m,Jumpers,MTP_Group,65.0,11.0,,
000000001061063289,"MTP12(F)/APC-2XMT12(F)/APC MBJPR,SM,13m",Unclassified,MTP_Group,999.0,11.0,,
000000001061063293,"VFI DC(24) TO 24x LC JPR,SM LL,1000mm",Jumpers,LC_Variants,65.0,32.0,,
000000001061063294,"VFI MB(24) TO 24x LC JPR,SM LL,2000mm",Jumpers,Other_MultiFiber,65.0,16.0,,
000000001061065054,VFI DC PLG ASM SM 10N SPR BK w/12F FER,Unclassified,Other,999.0,999.0,,
000000001061065070,VFI DC PLG ASM SM-E 20N SPR LB w/36F FER,Unclassified,Other,999.0,999.0,,
000000001061065080,VFI DC PLG ASM SM-E 20N SPR LB w/36F FER,Unclassified,Other,999.0,999.0,,
000000001061065090,VFI DC PLG ASM SM-E 20N SPR RD w/36F FER,Unclassified,Other,999.0,999.0,,
000000001061065200,VFI DC PLG ASM SM-E 20N SPR YL w/36F FER,Unclassified,Other,999.0,999.0,,
000000001061069940,VFI-4 ADAPTER SCREWDRIVER,Adapters,Other,30.0,999.0,,
000000001061069980,VFI-8 ADAPTER SCREWDRIVER,Adapters,Other,30.0,999.0,,
000000001061082122,DETECTOR#TVOC-DP20,Unclassified,Other,999.0,999.0,,
000000001061082141,DETECTOR#TVOC-2-DP1,Unclassified,Other,999.0,999.0,,
000000001061082142,DETECTOR#TVOC-2-DP2,Unclassified,Other,999.0,999.0,,
000000001061082143,DETECTOR#TVOC-2-DP4,Unclassified,Other,999.0,999.0,,
000000001061082144,DETECTOR#TVOC-2-DP6,Unclassified,Other,999.0,999.0,,
000000001061082145,DETECTOR#TVOC-2-DP8,Unclassified,Other,999.0,999.0,,
000000001061082146,DETECTOR#TVOC-2-DP10,Unclassified,Other,999.0,999.0,,
000000001061082147,DETECTOR#TVOC-2-DP15,Unclassified,Other,999.0,999.0,,
000000001061082148,DETECTOR#TVOC-2-DP20,Unclassified,Other,999.0,999.0,,
000000001061082149,DETECTOR#TVOC-2-DP25,Unclassified,Other,999.0,999.0,,
000000001061082151,DETECTOR#TVOC-2-DP30,Unclassified,Other,999.0,999.0,,
000000001061082152,DETECTOR#TVOC-2-DP60,Unclassified,Other,999.0,999.0,,
000000001061082153,OPTICAL CABLE#TVOC-2-OP05,Unclassified,Other,999.0,999.0,,
000000001061082154,OPTICAL CABLE#TVOC-2-OP1,Unclassified,Other,999.0,999.0,,
000000001061082155,OPTICAL CABLE#TVOC-2-OP2,Unclassified,Other,999.0,999.0,,
000000001061082156,OPTICAL CABLE#TVOC-2-OP4,Unclassified,Other,999.0,999.0,,
000000001061082157,OPTICAL CABLE#TVOC-2-OP6,Unclassified,Other,999.0,999.0,,
000000001061082158,OPTICAL CABLE#TVOC-2-OP8,Unclassified,Other,999.0,999.0,,
000000001061082159,OPTICAL CABLE#TVOC-2-OP10,Unclassified,Other,999.0,999.0,,
000000001061082160,OPTICAL CABLE#TVOC-2-OP15,Unclassified,Other,999.0,999.0,,
000000001061082161,OPTICAL CABLE#TVOC-2-OP20,Unclassified,Other,999.0,999.0,,
000000001061082162,OPTICAL CABLE#TVOC-2-OP25,Unclassified,Other,999.0,999.0,,
000000001061082163,OPTICAL CABLE#TVOC-1TO2-OP03,Unclassified,Other,999.0,999.0,,
000000001061082172,OPTICAL CABLE#TVOC-1TO2-OP20,Unclassified,Other,999.0,999.0,,
000000001061101000,ST ADAPTER (METAL CERAMIC SLEEVE),Adapters,Other_Connector_Types,30.0,40.0,,
000000001061140011,"MPO EMI REAR MNT 45 DEG. ADAPTER,BLUE DR",Adapters,MPO_Group,30.0,10.0,,
000000001061140100,MPO EMI ADAPTER,Adapters,MPO_Group,30.0,10.0,,
000000001061141040,MPO/MPT L2 DUST CAP W/FLANGE-CLOSED PRPL,Accessories,MPO_Group,85.0,10.0,,
000000001061141047,MPO/MTP L1 DUST CAP NO FLANGE-OPEN PRPL,Accessories,MPO_Group,85.0,10.0,,
000000001061141100,MPO EMI ADAPTER SCREW MOUNT,Adapters,MPO_Group,30.0,10.0,,
000000001061141103,MPO EMI ADAPTER DOOR,Adapters,MPO_Group,30.0,10.0,,
000000001061141110,"MPO EMI ADAPTER  FLANGE, NO EMI GASKET",Adapters,MPO_Group,30.0,10.0,,
000000001061141112,"INTERNAL SHUTTER, MPO ADAPTER (A) 16 FB",Adapters,MPO_Group,30.0,10.0,,
000000001061141113,"INTERNAL SHUTTER, MPO ADAPTER (B) 12 FB",Adapters,MPO_Group,30.0,10.0,,
000000001061141114,"INSERT, MPO ADAPTER INTERNAL SHUTTER",Adapters,MPO_Group,30.0,10.0,,
000000001061141115,"INSERT, MPO ADAPTER INTERNAL SHUTTER 16F",Adapters,MPO_Group,30.0,10.0,,
000000001061141140,MPO EMI ADAPTER;MPO - MT SNAP MOUNT CONN,Adapters,MPO_Group,30.0,10.0,,
000000001061141150,MPO EMI ADAPTER;MT TO MPO CONNECTION,Adapters,MPO_Group,30.0,10.0,,
000000001061141160,MT TO MPO EMI ADAPTER-STAGGERED FLANGE,Adapters,MPO_Group,30.0,10.0,,
000000001061141200,"MPO EMI ADAPTER SMALL FLANGE, SNAP Mnt",Adapters,MPO_Group,30.0,10.0,,
000000001061141201,MPO EMI ADAPTER SHELL FLANGELESS,Adapters,MPO_Group,30.0,10.0,,
000000001061141204,"MPO EMI ADAPTR SMALL FLNG, NO SHUTTER",Unclassified,MPO_Group,999.0,10.0,,
000000001061141208,"MPO EMI AD SMALL FLNG, SNAP MOUNT,NO LBL",Unclassified,MPO_Group,999.0,10.0,,
000000001061141300,MPO EMI ADAPTER  SNAP MT  SNG,Adapters,MPO_Group,30.0,10.0,,
000000001061141400,MPO EMI ADAPTER FLANGE WITH M2 HOLES,Adapters,MPO_Group,30.0,10.0,,
000000001061141502,MPO EMI ADAPTER INSERT- HBMT(DC) VERSION,Adapters,MPO_Group,30.0,10.0,,
000000001061141508,MPO INSERT-HBMT(MB) VERSION-EMI MATERIAL,Unclassified,MPO_Group,999.0,10.0,,
000000001061141511,"MPO-MPO ADAPTER,EMI,SHUTTER,TAB UP/UP",Adapters,MPO_Group,30.0,10.0,,
000000001061141523,"MPO-MT ADAPTER,EMI, TAB UP/TAB UP",Adapters,MPO_Group,30.0,10.0,,
000000001061141524,1X4 MPO-MT EMI ADAPTER (TAB UP/TAB UP),Adapters,MPO_Group,30.0,10.0,,
000000001061141525,1X6 MPO-MT EMI ADAPTER (TAB UP/TAB UP),Adapters,MPO_Group,30.0,10.0,,
000000001061141537,1X6 12F MPO-MT EMI ADAPTER M/F,Adapters,MPO_Group,30.0,10.0,,
000000001061141596,1X4 MPO EMI ADPT INTRN SHTR  (K-UP/K-UP),Unclassified,MPO_Group,999.0,10.0,,
000000001061141597,1X6 MPO-MPO EMI ADAPTER (TAB UP/TAB UP),Adapters,MPO_Group,30.0,10.0,,
000000001061141598,1X6 MPO-MPO EMI ADAPTER (TAB UP/TAB UP),Adapters,MPO_Group,30.0,10.0,,
000000001061141631,1x1 MPO-MPO EMI Adapter 16F Aligned Key,Adapters,MPO_Group,30.0,10.0,,
000000001061141633,1x4 MPO-MPO EMI Adapter 16F Aligned Key,Adapters,MPO_Group,30.0,10.0,,
000000001061141647,1x2 MPO-MT Horiz EMI Ad 16F M/F,Unclassified,MPO_Group,999.0,10.0,,
000000001061141667,1x2 MPO-MPO Horiz EMI Ad 12F Opposed Key,Unclassified,MPO_Group,999.0,10.0,,
000000001061141700,MMC 4-port EMI adapter,Adapters,MMC_Group,30.0,12.0,,
000000001061144000,MPO EMI ADAPTER 45 DEGREE (SNAP MOUNT),Adapters,MPO_Group,30.0,10.0,,
000000001061144003,"MPO EMI ADAPTR 45DG, NO SHUTTER,SNAP MNT",Unclassified,MPO_Group,999.0,10.0,,
000000001061144005,"MPO - MT EMI ADAPTR, 45DEGRE, SNAP MOUNT",Unclassified,MPO_Group,999.0,10.0,,
000000001061149999,NRE CHARGE,Unclassified,Other,999.0,999.0,,
000000001061151100,LC-D EMI ADAPTER  SCREW MT  ZR  METAL,Adapters,LC_Variants,30.0,32.0,,
000000001061151106,LC-D EMI AD W/PH.BRO SCREW MT  ZR  METAL,Unclassified,LC_Variants,999.0,32.0,,
000000001061151110,LC-D EMI ADAPTER  SCW MT  ZR  METAL DOOR,Adapters,LC_Variants,30.0,32.0,,
000000001061151116,LC-D EMI AD SCW MT PH.BRONZE DOOR,Unclassified,LC_Variants,999.0,32.0,,
000000001061151120,LC-D EMI ADAPTER  SCW MT ZR  METAL 2DOOR,Adapters,LC_Variants,30.0,32.0,,
000000001061151126,LCD EMI AD W/PH.BR SCW MT ZR METAL 2DOOR,Unclassified,LC_Variants,999.0,31.0,,
000000001061151127,"LC-D EMI ADAPTER SCREW MT,ZR,W/SHUTTERS",Adapters,LC_Variants,30.0,32.0,,
000000001061151130,"LC-D EMI ADAPTER,SCW MT,ZR,PLASTIC DOOR",Adapters,LC_Variants,30.0,32.0,,
000000001061152100,LC-D EMI ADAPTER  SNAP MT  ZR  METAL,Adapters,LC_Variants,30.0,32.0,,
000000001061152103,LC-D EMI APC ADAPTER SNAP MT ZR METAL,Adapters,LC_Variants,30.0,32.0,,
000000001061152110,LC-D EMI ADAPTER  SNAP MT  ZR METAL DOOR,Adapters,LC_Variants,30.0,32.0,,
000000001061152119,LCD EMI AD ZR SNAP MNT MTL DOOR DBL GSK,Unclassified,LC_Variants,999.0,31.0,,
000000001061152300,"LCD EMI ADAPTER, 1-PC, SNAP MOUNT",Adapters,LC_Variants,30.0,31.0,,
000000001061153200,"LC ADAPTER (EMI) 45 DEG-SCREW MOUNT, BLU",Adapters,LC_Variants,30.0,32.0,,
000000001061153201,"LC ADAPTER (EMI) 45 DEG SCREW MOUNT, GRN",Adapters,LC_Variants,30.0,32.0,,
000000001061153205,LC ADPTR.45 DEG-SCREW MNT W/PLAST.DOOR,Unclassified,LC_Variants,999.0,32.0,,
000000001061154100,LC-D EMI ADAPTER 45 DEGREE SNAP MOUNT,Adapters,LC_Variants,30.0,32.0,,
000000001061154150,LCD EMI ADAPTER 45DG SNAP MOUNT NO DOORS,Adapters,LC_Variants,30.0,31.0,,
000000001061154151,LCD EMI ADPTR 45DG SNAP MNT NO DRS-GREEN,Unclassified,LC_Variants,999.0,31.0,,
000000001061162000,"SC METAL ADAPTER, SNAP MOUNT",Adapters,Other_Connector_Types,30.0,40.0,,
000000001061162001,SC METAL RECEPTACLE WITH SHUTTERS,Unclassified,Other_Connector_Types,999.0,40.0,,
000000001061162003,SC METAL DOOR,Unclassified,Other_Connector_Types,999.0,40.0,,
000000001061162100,SC METAL ADAPTER (SCREW MOUNTING),Adapters,Other_Connector_Types,30.0,40.0,,
000000001061164500,SC 45DEG EMI ADAPTER  SCREW MT  SM  BLUE,Adapters,Other_Connector_Types,30.0,40.0,,
000000001061210100,LC 8 PORT ADAPTER SCREW MOUNT W/SHUTTERS,Adapters,LC_Variants,30.0,32.0,,
000000001061210101,LC 8 PORT ADAPTER SCREW MOUNT W/SHUTTERS,Adapters,LC_Variants,30.0,32.0,,
000000001061210200,LC 8 PORT ADAPTER SCREW MOUNT BLUE,Adapters,LC_Variants,30.0,32.0,,
000000001061210203,LC 8 PORT ADAPTER SCREW MOUNT AQUA,Adapters,LC_Variants,30.0,32.0,,
000000001061210214,LC 1X6 EMI ADAPTER SNAP MOUNT W/SHUTTERS,Adapters,LC_Variants,30.0,32.0,,
000000001061210217,LC 1X6 EMI ADAPTER SNAP MOUNT,Adapters,LC_Variants,30.0,32.0,,
000000001061210219,LC 1X6 EMI ADAPTER SNAP MOUNT BLU/BLK,Adapters,LC_Variants,30.0,32.0,,
000000001061210230,LC 1X6 EMI RING ADP SNAP MOUNT BLU/BLK,Adapters,LC_Variants,30.0,32.0,,
000000001061210232,LC 1X6 ADP SNAP MOUNT BLU/BLK,Adapters,LC_Variants,30.0,32.0,,
000000001061210300,LC 8 PORT ADAP SNAP MOUNT W/SHUT BLUE,Adapters,LC_Variants,30.0,32.0,,
000000001061210400,LC 8 PORT ADAPTER SNAP MOUNT BLUE,Adapters,LC_Variants,30.0,32.0,,
000000001061210502,LC 8 PORT AD BEIGE SCREW FRONT MOUNT,Unclassified,LC_Variants,999.0,32.0,,
000000001061210950,LC 8 PORT EMI AD SNAP MOUNT W/SHUTTERS,Unclassified,LC_Variants,999.0,32.0,,
000000001061210952,LC 8 PORT EMI AD SNAP MOUNT W/SHUT BEIGE,Unclassified,LC_Variants,999.0,32.0,,
000000001061210954,LC 8 PRT EMI AD SNAP MOUNT W/SHTR NO LBL,Unclassified,LC_Variants,999.0,32.0,,
000000001061211000,2X8 LC Belly2Belly EMI Adapter,Adapters,LC_Variants,30.0,32.0,,
000000001061220001,"LC DUPLEX AD, FLANGLESS, SC FTPRNT, BLUE",Unclassified,LC_Variants,999.0,30.0,,
000000001061220011,LC ADP DPX FAG BLU,Adapters,LC_Variants,30.0,32.0,,
000000001061220017,ALC ADP QUD GR FGS,Adapters,Other,30.0,999.0,,
000000001061220022,LC ADP DPX BL FGS w/AST CAP #B71,Adapters,LC_Variants,30.0,32.0,,
000000001061225039,MPO ADP ASM BK STA OCT FAG,Adapters,MPO_Group,30.0,10.0,,
000000001061229011,MPO ADP SPX BK SCFP FGS w/INR SHR V009,Adapters,MPO_Group,30.0,10.0,,
000000001061229063,LC ADP QUD BL SCFP FGS SHR V027,Adapters,LC_Variants,30.0,32.0,,
000000001061229071,MPO16 ADP QUD BK FGS w_INR SHR V009,Adapters,MPO_Group,30.0,10.0,,
000000001061229100,LC ADP DPX BL SCFP FGS SHR V027,Adapters,LC_Variants,30.0,32.0,,
000000001061229101,LC ADP DPX BL SCFP FGS SHR C48,Adapters,LC_Variants,30.0,32.0,,
000000001061230100,"LC QUAD, BLUE ZR SCREW",Unclassified,LC_Variants,999.0,30.0,,
000000001061230200,LC QUAD ADAP  BLUE  ZR  SCREW  SHUTTERS,Adapters,LC_Variants,30.0,30.0,,
000000001061230300,LC QUAD ADAP  BLUE  ZR SLV  SNAP MNT,Adapters,LC_Variants,30.0,30.0,,
000000001061230400,LC QUAD ADAP  BLUE  ZR SLV SNAP SHUTTERS,Adapters,LC_Variants,30.0,30.0,,
000000001061230500,LC EMI QUAD ADAPTER SNAP MOUNT,Adapters,LC_Variants,30.0,32.0,,
000000001061230520,LC EMI QUAD ADAP  SNAP MOUNT NO SHUTTR,Adapters,LC_Variants,30.0,32.0,,
000000001061230550,LC EMI QUAD AD SHUTTERS SNAP MOUNT,Unclassified,LC_Variants,999.0,32.0,,
000000001061230600,LC EMI QUAD ADAP  BLUE  REAR MNT  SCREW,Adapters,LC_Variants,30.0,32.0,,
000000001061230650,"LC EMI QUAD ADAP, GREEN, REAR MNT, SCREW",Adapters,LC_Variants,30.0,32.0,,
000000001061230700,"LC EMI QUAD ADAP,BLUE, FRONT SCREW MOUNT",Adapters,LC_Variants,30.0,32.0,,
000000001061231100,LC QUAD  BEIGE MTL SCREW,Unclassified,LC_Variants,999.0,30.0,,
000000001061231300,LC QUAD  BEIGE SNAP MNT  MTL SLV,Unclassified,LC_Variants,999.0,30.0,,
000000001061232200,LC QUAD  GREEN ZR SCREW SHUTTERS,Unclassified,LC_Variants,999.0,30.0,,
000000001061232400,LC QUAD ADAP  GREEN  ZR  SNAP  SHUTTERS,Adapters,LC_Variants,30.0,30.0,,
000000001061233300,"LC QUAD AQUA SNAP MNT, MTL SLV",Unclassified,LC_Variants,999.0,30.0,,
000000001061241000,LC SPX AD. LOW PROFILE ZR SLEEVE BLUE,Unclassified,LC_Variants,999.0,32.0,,
000000001061241050,LC ADAPTER LOW PROFILE GREEN ZR SLEEVE,Adapters,LC_Variants,30.0,32.0,,
000000001061241100,LC ADAPTER BLUE ZR SLEEVE,Adapters,LC_Variants,30.0,32.0,,
000000001061241110,LC ADAPTER BEIGE ZR SLEEVE,Adapters,LC_Variants,30.0,32.0,,
000000001061250007,DUST CAP  LC DUPLEX ADAPTER,Adapters,LC_Variants,30.0,30.0,,
000000001061250013,DUST CAP LC DPX ADAPTER ANTI-STAT BLUE,Adapters,LC_Variants,30.0,30.0,,
000000001061251000,LC AD. DPX LOW PROFILE BLUE ZR SLV,Unclassified,LC_Variants,999.0,32.0,,
000000001061260310,LC DUP ADAPTER  METAL SLV SCREW MT BEIGE,Adapters,LC_Variants,30.0,30.0,,
000000001061260410,LC DUP ADAPTER MTL SLEEVE sm FLNGE BEIGE,Adapters,LC_Variants,30.0,30.0,,
000000001061260510,LC DUP ADAPTER MTL SLEEVE sm FLNGE BLUE,Adapters,LC_Variants,30.0,30.0,,
000000001061260790,METAL LC DPX AD (SC FOOT PRINT) Ph B SLV,Unclassified,LC_Variants,999.0,30.0,,
000000001061261300,LC DUP ADAPTER  ZR SLEEVE SCREW MT BLUE,Adapters,LC_Variants,30.0,30.0,,
000000001061261350,LC DUP ADAPTER  ZR SLEEVE SCREW MT GREEN,Adapters,LC_Variants,30.0,30.0,,
000000001061261400,LC DUP ADAPTER  ZR SLEEVE sm FLANGE BLUE,Adapters,LC_Variants,30.0,30.0,,
000000001061261410,LC DUP ADAPTER  ZR SLV SM FLANGE BLACK,Adapters,LC_Variants,30.0,30.0,,
000000001061270150,SEALED LCD ADAPT SHUTTER COND GASKET BLU,Unclassified,LC_Variants,999.0,31.0,,
000000001061270300,SEALED LCD ADAPTER SHUTTER BLUE,Adapters,LC_Variants,30.0,31.0,,
000000001061270320,SEALED LCD ADAPTER SHUTTER BEIGE,Adapters,LC_Variants,30.0,31.0,,
000000001061270690,METAL LC D ADAP W/SHUTTER Ph  BRONCE SLE,Adapters,LC_Variants,30.0,32.0,,
000000001061271200,LC DUP ADAP ZR SLV SHTR SCREW MT BLUE,Adapters,LC_Variants,30.0,30.0,,
000000001061271300,LC DUP ADAP ZR SLV SHTR SCREW MT BLUE,Adapters,LC_Variants,30.0,30.0,,
000000001061271350,LC DUP ADAP ZR SLV SHTR SCREW MT GREEN,Adapters,LC_Variants,30.0,30.0,,
000000001061271400,LC DUP ADAP ZR SLV SHUTTER sm FLANGE BLU,Adapters,LC_Variants,30.0,30.0,,
000000001061271420,LC DPX AD ZR SLV SHTR SM FLNG BLUE,Unclassified,LC_Variants,999.0,30.0,,
000000001061271450,LC DUP ADAP ZR SLV SHUTTER sm FLANGE GRN,Adapters,LC_Variants,30.0,30.0,,
000000001061271481,"LC DPX ADAP  ZR SLV SM FLANGE BLUE, BULK",Adapters,LC_Variants,30.0,30.0,,
000000001061271485,LCD ADTR ZR SLV SHUTTER SM FLANGE BLUE,Unclassified,LC_Variants,999.0,31.0,,
000000001061271500,LC DUP ADAP ZR SLV MTL SHTR SCREW MT BLU,Adapters,LC_Variants,30.0,30.0,,
000000001061271590,METAL LC DPX ADP (W/SHUTT-SC FOOT)Zr SLV,Adapters,LC_Variants,30.0,30.0,,
000000001061271690,METAL LC DUPLEX ADAPT W/SHUTTER Zr SLEEV,Unclassified,LC_Variants,999.0,30.0,,
000000001061271790,METAL LC DPX ADP (W/SHUTT&THREADS) ZR,Adapters,LC_Variants,30.0,30.0,,
000000001061271990,"METAL LC DPX ADP W/SHUTTER,BRONZE SLEEVE",Adapters,LC_Variants,30.0,30.0,,
000000001061275000,METAL LC 1X5 ADPTR (W/SHUTT&THREADS) ZR,Unclassified,LC_Variants,999.0,32.0,,
000000001061451100,BLC ADAPTER ASSEMBLY (2 POS BLK),Adapters,Other,30.0,999.0,,
000000001061451115,LABEL FOR BLC ADAPTER,Adapters,Other,30.0,999.0,,
000000001061451119,"LABEL, LASER-WARNING, FOR ADAPTER",Adapters,Other,30.0,999.0,,
000000001061461100,BLC ADAPTER ASSEMBLY 8POS BLACK,Adapters,Other,30.0,999.0,,
000000001061520000,FC ADAPTER SQUARE (ZR SLEEVE),Adapters,Other_Connector_Types,30.0,40.0,,
000000001061520100,FC ADAP SQR(ONEPC ZR SL STDFIT),Adapters,Other_Connector_Types,30.0,40.0,,
000000001061520110,FC ADAP SQR(ONEPC ZR SL STDFIT),Adapters,Other_Connector_Types,30.0,40.0,,
000000001061520200,FC AD.SQUARE(ZR SL DIECAST STD FIT),Unclassified,Other_Connector_Types,999.0,40.0,,
000000001061521000,FC ADAPTER (ZR SLEEVE  D-HOLE),Adapters,Other_Connector_Types,30.0,40.0,,
000000001061521001,FC ADAPTER (ZR SLEEVE  D-HOLE),Adapters,Other_Connector_Types,30.0,40.0,,
000000001061522000,FC ADAPTER  SQUARE (ZR SL) TIGHT,Adapters,Other_Connector_Types,30.0,40.0,,
000000001061522005,FC ADAPTER  SQUARE (ZR SL) TIGHT,Adapters,Other_Connector_Types,30.0,40.0,,
000000001061523000,FC ADAP D-HOLE (ZR SLV TFK),Adapters,Other_Connector_Types,30.0,40.0,,
000000001061523001,FC ADAP D-HOLE (ZR SLV TFK),Adapters,Other_Connector_Types,30.0,40.0,,
000000001061600020,"SC ADAPTER DUST CAP, BLACK",Adapters,Other_Connector_Types,30.0,40.0,,
000000001061603000,SC ADAPTER PH BR SLEEVE GREEN,Adapters,Other_Connector_Types,30.0,40.0,,
000000001061610006,SC ADAPTER DUST CAP GRAY,Adapters,Other_Connector_Types,30.0,40.0,,
000000001061613000,SC ADAPTER ZR SLEEVE GREEN,Adapters,Other_Connector_Types,30.0,40.0,,
000000001061613500,SC ADAP W/SHLD ZR SLV  GREEN  STD FPRINT,Adapters,Other_Connector_Types,30.0,40.0,,
000000001061616000,SC ADAPTER ZR SLEEVE GREEN,Adapters,Other_Connector_Types,30.0,40.0,,
000000001061660000,SCD ADP ZR FLGE SM BLUE,Adapters,Other_Connector_Types,30.0,40.0,,
000000001061660100,SCD ADAPTER ZR FLANGELESS SM BLUE,Adapters,Other_Connector_Types,30.0,40.0,,
000000001061660152,SCD VALUE ADAPTER ZR FLNGLESS SM GREEN,Adapters,Other_Connector_Types,30.0,40.0,,
000000001061660230,SCD SHIELD ASSEMBLY BLACK,Unclassified,Other_Connector_Types,999.0,40.0,,
000000001061660550,SC DPX AD ZRSLV FLNG W/SHIELD GREEN,Unclassified,Other_Connector_Types,999.0,40.0,,
000000001061670010,SCD ADAPTER MTSL FLNG MM BEIGE,Adapters,Other_Connector_Types,30.0,40.0,,
000000001061700004,BSC ADAPTER DUST CAP  BLACK,Adapters,Other,30.0,999.0,,
000000001061700120,SC ADAP ZR SLV SMALL FLNG GREEN,Adapters,Other_Connector_Types,30.0,40.0,,
000000001061700150,SC ADAP ZR SLV SMALL FLNG BLUE,Adapters,Other_Connector_Types,30.0,40.0,,
000000001061700520,SC ADAPTER W/SHIELD ZR SLV GREEN,Adapters,Other_Connector_Types,30.0,40.0,,
000000001061700522,SC ADAPTER W/SHIELD ZR SLV GREEN W/LABEL,Adapters,Other_Connector_Types,30.0,40.0,,
000000001061700523,"SC ADP.W/SHLD ZR SLV GREEN,LABEL,NO CLIP",Adapters,Other_Connector_Types,30.0,40.0,,
000000001061700550,SC ADAPTER W/SHIELD ZR SLV BLUE,Adapters,Other_Connector_Types,30.0,40.0,,
000000001061810000,"MTP ADAPT,FULL FLNG,SNAP/SCREW MOUNT,BLK",Unclassified,MTP_Group,999.0,11.0,,
000000001061810007,"MTP ADAPTER,REDUCED FLNG,SNAP MOUNT,BLK",Adapters,MTP_Group,30.0,11.0,,
000000001061810020,"MTP QUAD ADAPTER, 30 DEG.",Adapters,MTP_Group,30.0,11.0,,
000000001061810120,"MTP AD,REDUCED FLNG,SC FTPRNT,BLACK<ZY>",Unclassified,MTP_Group,999.0,11.0,,
000000001061819201,MTP-16 AD FULL FLNG BLK OPPOSED KEY,Unclassified,MTP_Group,999.0,11.0,,
000000001061819202,MTP-16 AD SMALL FLNG BLK OPPOSED KEY,Unclassified,MTP_Group,999.0,11.0,,
000000001062000406,"SN/UPC - SN/UPC SM PCORD,LSZH,3m",Unclassified,Other_Connector_Types,999.0,40.0,,
000000001062000407,"SN/UPC - SN/UPC SM PCORD,LSZH,10m",Unclassified,Other_Connector_Types,999.0,40.0,,
000000001062000408,"SN/UPC-LCD/UPC UNI SM PCORD,LSZH,0.6m",Unclassified,LC_Variants,999.0,31.0,,
000000001062000409,"SN/UPC-LCD/UPC UNI SM PCORD,LSZH,3m",Unclassified,LC_Variants,999.0,31.0,,
000000001062000410,SN/UPC-LCD/UPC UNI SM PCORD LSZH 10m,Unclassified,LC_Variants,999.0,31.0,,
000000001062000411,"SN/UPC-2xLC/UPC SM PCORD,LSZH,2m",Unclassified,Other_Connector_Types,999.0,40.0,,
000000001062000425,SN/UPC-LCD/UPC TYPE B PCORD SM LSZH .65m,Unclassified,LC_Variants,999.0,31.0,,
000000001062000435,SN FL TO 2XLC CLIP 2MM SM LSZH JMP 4M,Unclassified,Other_Connector_Types,999.0,40.0,,
000000001062081225,SMI LOOPBACK W/POF SPLICE  5.5M,Loopback_Group,Other,40.0,999.0,,
000000001062081226,SMI LOOPBACK W/POF SPLICE  10M,Loopback_Group,Other,40.0,999.0,,
000000001062083202,HYBRID HARNESS (MASS PRODUCTION),Harness,Other,35.0,999.0,,
000000001062110507,LCD ZIPCORD CBL JPR MM50 3.0MM RSR7M,Jumpers,LC_Variants,65.0,31.0,,
000000001062200234,LCD WH TAB-LCD G657A2 2C 2D YL OFNP 5M,Unclassified,LC_Variants,999.0,31.0,,
000000001062200262,MPO(F-F) OM4 12C 3D AQ OFNP 5M,Unclassified,MPO_Group,999.0,10.0,,
000000001062200263,MPO(F-F) OM4 12C 3D AQ OFNP 10M,Unclassified,MPO_Group,999.0,10.0,,
000000001062200264,MPO(F-F) OM4 12C 3D AQ OFNP 20M,Unclassified,MPO_Group,999.0,10.0,,
000000001062200265,MPO(F-F) OM4 12C 3D AQ OFNP 30M,Unclassified,MPO_Group,999.0,10.0,,
000000001062200266,MPO(F-F) OM4 12C 3D AQ OFNP 50M,Unclassified,MPO_Group,999.0,10.0,,
000000001062200267,MPO(F-F) OM4 12C 3D AQ OFNP 100M,Unclassified,MPO_Group,999.0,10.0,,
000000001062200274,"LCD/UPC UNIBT-LCD/UPC UNIBT,2mm CBL,10m",Unclassified,LC_Variants,999.0,31.0,,
000000001062200299,MPO(F)-MPO(F) OM4 12C 3D AQ OFNP 5M,Unclassified,MPO_Group,999.0,10.0,,
000000001062200314,LC90D-SC OM3 2C 2D AQ OFNP 1M,Unclassified,Other_Connector_Types,999.0,40.0,,
000000001062200315,LC90D-SC OM3 2C 2D AQ OFNP 1M,Unclassified,Other_Connector_Types,999.0,40.0,,
000000001062200316,LC90D-SC OM3 2C 2D AQ OFNP 1M,Unclassified,Other_Connector_Types,999.0,40.0,,
000000001062200317,LC90D-SC OM3 2C 2D AQ OFNP 1M,Unclassified,Other_Connector_Types,999.0,40.0,,
000000001062200318,LC90D-SC OM3 2C 2D AQ OFNP 1M,Unclassified,Other_Connector_Types,999.0,40.0,,
000000001062200319,LC90D-SC OM3 2C 2D AQ OFNP 1M,Unclassified,Other_Connector_Types,999.0,40.0,,
000000001062200377,LCD-LC G657A2 2C LSZH 0.26M,Unclassified,LC_Variants,999.0,31.0,,
000000001062200378,LCD-LC OM4 2C LSZH 0.26M,Unclassified,LC_Variants,999.0,31.0,,
000000001062200383,LCD WH TAB-LCD G657A2 2C 2D YL OFNP 2M,Unclassified,LC_Variants,999.0,31.0,,
000000001062200410,MPO(F)-MPO(F) OM4 24C 3D AQ OFNP 5M,Unclassified,MPO_Group,999.0,10.0,,
000000001062200411,MPO(F)-MPO(F) OM4 24C 3D AQ OFNP 10M,Unclassified,MPO_Group,999.0,10.0,,
000000001062200412,MPO(F)-MPO(F) OM4 24C 3D AQ OFNP 20M,Unclassified,MPO_Group,999.0,10.0,,
000000001062200413,MPO(F)-MPO(F) OM4 24C 3D AQ OFNP 30M,Unclassified,MPO_Group,999.0,10.0,,
000000001062200414,MPO(F)-MPO(F) OM4 24C 3D AQ OFNP 50M,Unclassified,MPO_Group,999.0,10.0,,
000000001062200415,MPO(F)-MPO(F) OM4 24C 3D AQ OFNP 70M,Unclassified,MPO_Group,999.0,10.0,,
000000001062200416,MPO(F)-MPO(F) OM4 24C 3D AQ OFNP 100M,Unclassified,MPO_Group,999.0,10.0,,
000000001062200417,MPO(F)-MPO(F) OM4 24C 3D AQ OFNP 150M,Unclassified,MPO_Group,999.0,10.0,,
000000001062200418,LC90D-SC OM3 2C 2D AQ OFNP 1M,Unclassified,Other_Connector_Types,999.0,40.0,,
000000001062200419,LC90D-SC OM3 2C 2D AQ OFNP 1M,Unclassified,Other_Connector_Types,999.0,40.0,,
000000001062200420,LC90D-SC OM3 2C 2D AQ OFNP 1M,Unclassified,Other_Connector_Types,999.0,40.0,,
000000001062200421,LC90D-SC OM3 2C 2D AQ OFNP 1M,Unclassified,Other_Connector_Types,999.0,40.0,,
000000001062200438,MPO(F-F) G657A1 12C 3D YL OFNP 1M,Unclassified,MPO_Group,999.0,10.0,,
000000001062200439,MPO(F-F) G657A1 12C 3D YL OFNP 1.5M,Unclassified,MPO_Group,999.0,10.0,,
000000001062200440,MPO(F-F) G657A1 12C 3D YL OFNP 2M,Unclassified,MPO_Group,999.0,10.0,,
000000001062200441,MPO(F-F) G657A1 12C 3D YL OFNP 2.5M,Unclassified,MPO_Group,999.0,10.0,,
000000001062200464,4xLCD-MPO(F) OM4 QSFP 3D AQ OFNP 6M,Unclassified,MPO_Group,999.0,10.0,,
000000001062200468,"MMC(M-M) G657A1 24C LSZH YL 0.5M,AE",Unclassified,MMC_Group,999.0,12.0,,
000000001062200469,"MMC(M-M) G657A1 24C LSZH YL 0.5M,SE",Unclassified,MMC_Group,999.0,12.0,,
000000001062200479,MPO(M-M) G657A1 12C 3D YL OFNP 1.5M,Unclassified,MPO_Group,999.0,10.0,,
000000001062200619,"LCD/UPC UNIBOOT JPR,SM,2mm CBL,10m",Jumpers,LC_Variants,65.0,31.0,,
000000001062200620,"12xLCD UNIBT-72xLCD UNIBT TRK CBL,SM,60m",Unclassified,Other,999.0,999.0,,
000000001062200621,"12xLCD UNIBT-72xLCD UNIBT TRK CBL,SM,70m",Unclassified,Other,999.0,999.0,,
000000001062206506,16ALC-MTP(ME) G657B3 3D RD OFNP 20M,Unclassified,MTP_Group,999.0,11.0,,
000000001062206507,16ASC-MTP(ME) G657B3 3D RD OFNP 20M,Unclassified,MTP_Group,999.0,11.0,,
000000001062206603,16ALC-MTP(ME) G657B3 3D YL OFNP 2M,Unclassified,MTP_Group,999.0,11.0,,
000000001062206604,16ASC-MTP(ME) G657B3 3D YL OFNP 2M,Unclassified,MTP_Group,999.0,11.0,,
000000001062206609,16SC-MTP(M) G657B3 3D YL OFNP 2M,Unclassified,MTP_Group,999.0,11.0,,
000000001062206625,16LC-MTP(ME) G657B3 3D YL OFNP 10M,Unclassified,MTP_Group,999.0,11.0,,
000000001062206645,4xLCD-MPO(F) OM4 QSFP 3D AQ OFNP 10M,Unclassified,MPO_Group,999.0,10.0,,
000000001062206652,16LC-MTP(ME) G657B3 3D YL OFNP 2M,Unclassified,MTP_Group,999.0,11.0,,
000000001062206735,4xLCD-MPO(F) OM4 QSFP 3D AQ OFNP 3M,Unclassified,MPO_Group,999.0,10.0,,
000000001062206743,4SN-MPO(F) G657A1 QSFP YL LSZH 1.2M,Unclassified,MPO_Group,999.0,10.0,,
000000001062206820,16SC-MTP(ME) G657B3 3D YL OFNP 5M,Unclassified,MTP_Group,999.0,11.0,,
000000001062206821,16ALC-MTP(ME) G657B3 3D YL OFNP 5M,Unclassified,MTP_Group,999.0,11.0,,
000000001062206825,72F SM 36DC WH 36MB TO 5x16MPO 0.8M,Unclassified,Other,999.0,999.0,,
000000001062208001,ASM PP MPO(F-F) G657A2 12C 2D YL OFNP 3M,Unclassified,MPO_Group,999.0,10.0,,
000000001062250001,MPO(F) STRT TRUNK CBL OM3 12F PLN 10m,Trunk_Group,MPO_Group,15.0,10.0,,
000000001062250002,MPO(F) STRT TRUNK CBL OM3 12F PLN 25m,Trunk_Group,MPO_Group,15.0,10.0,,
000000001062250013,MPO(F) STRT TRUNK CBL OM3 24F PLN 10m,Trunk_Group,MPO_Group,15.0,10.0,,
000000001062250049,MPO(F) STRT TRUNK CBL OM3 12F PLN 1m,Trunk_Group,MPO_Group,15.0,10.0,,
000000001062250050,MPO(F) STRT TRUNK CBL OM3 12F PLN 3m,Trunk_Group,MPO_Group,15.0,10.0,,
000000001062250101,"MPO(F) - MPO(F) TRUNK CBL, OM3 12F, 3m",Trunk_Group,MPO_Group,15.0,10.0,,
000000001062250102,"MPO(F) - MPO(F) TRUNK CBL, OM3 12F, 5m",Trunk_Group,MPO_Group,15.0,10.0,,
000000001062250103,"MPO(F) - MPO(F) TRUNK CBL, OM3 12F, 10m",Trunk_Group,MPO_Group,15.0,10.0,,
000000001062250104,"MPO(F) - MPO(F) TRUNK CBL, OM3 12F, 15m",Trunk_Group,MPO_Group,15.0,10.0,,
000000001062250120,"MPO(F) - MPO(F) TRUNK CBL, SM 12F, 1m",Trunk_Group,MPO_Group,15.0,10.0,,
000000001062250123,"MPO(F) - MPO(F) TRUNK CBL, SM 12F, 10m",Trunk_Group,MPO_Group,15.0,10.0,,
000000001062251001,MPO8(F)-MPO8(F) JPR SM A1 TYPE B PLNM 1m,Jumpers,Other,65.0,999.0,,
000000001062251002,MPO8(F)-MPO8(F) JPR SM A1 TYPE B PLNM 3m,Jumpers,Other,65.0,999.0,,
000000001062251003,MPO8(F)-MPO8(F) JPR SM A1 TYPE B PLNM 5m,Jumpers,Other,65.0,999.0,,
000000001062251004,MPO16(F) - 2x MPO8(F) SM A1 JPR PLNM 3m,Jumpers,MPO_Group,65.0,10.0,,
000000001062251005,MPO8(F) - 4x LCD/UPC SM A1 JPR PLNM 1m,Jumpers,LC_Variants,65.0,31.0,,
000000001062251006,MPO8(F) - 4x LCD/UPC SM A1 JPR PLNM 3m,Jumpers,LC_Variants,65.0,31.0,,
000000001062251007,MMC16(F)Sr - 2xMPO8(F) SM A1 JPR PLNM 5m,Jumpers,Other,65.0,999.0,,
000000001062300001,"MX1A0002R0D02-001M_2F,LCD-LCD SM 1m",Unclassified,LC_Variants,999.0,31.0,,
000000001062300002,"MX1A0002R0D02-002M_2F,LCD-LCD SM 2m",Unclassified,LC_Variants,999.0,31.0,,
000000001062320002,"MX1A0008R6D04-2.1M_8F,MPO-4LCD SM 2.1M",Unclassified,MPO_Group,999.0,10.0,,
000000001062320003,"MX1A0008R6D04-2.3M_8F,MPO-4LCD SM 2.3M",Unclassified,MPO_Group,999.0,10.0,,
000000001062320100,"MX1A0016R6D10-004M_16F,MMC-8LCD SM 4m",Unclassified,MMC_Group,999.0,12.0,,
000000001062320101,"MX1A0016R6D10-014M_16F,MMC-8LCD SM 14m",Unclassified,MMC_Group,999.0,12.0,,
000000001062320102,"MX1A0016R6D10-011M_16F,MMC-8LCD SM 11m",Unclassified,MMC_Group,999.0,12.0,,
000000001062320103,"MX1A0016R6D10-012M_16F,MMC-8LCD SM 12m",Unclassified,MMC_Group,999.0,12.0,,
000000001062320104,"MX1A0016R6D10-013M_16F,MMC-8LCD SM 13m",Unclassified,MMC_Group,999.0,12.0,,
000000001062330100,"MX1A0016R6D03-004M_16F,MMC-2MPO SM 4m",Unclassified,MMC_Group,999.0,12.0,,
000000001062350101,"MX1A0072RUC20-010M_72F,LCD-LCD SM 10m",Unclassified,LC_Variants,999.0,31.0,,
000000001062360050,"MX1A0072R6C21-050M_72F,MPO-LCD SM 50m",Unclassified,MPO_Group,999.0,10.0,,
000000001062360055,"MX1A0072R6C21-055M_72F,MPO-LCD SM 55m",Unclassified,MPO_Group,999.0,10.0,,
000000001062360060,"MX1A0072R6C21-060M_72F,MPO-LCD SM 60m",Unclassified,MPO_Group,999.0,10.0,,
000000001062360065,"MX1A0072R6C21-065M_72F,MPO-LCD SM 65m",Unclassified,MPO_Group,999.0,10.0,,
000000001062360070,"MX1A0072R6C21-070M_72F,MPO-LCD SM 70m",Unclassified,MPO_Group,999.0,10.0,,
000000001062360075,"MX1A0072R6C21-075M_72F,MPO-LCD SM 75m",Unclassified,MPO_Group,999.0,10.0,,
000000001062360080,"MX1A0072R6C21-080M_72F,MPO-LCD SM 80m",Unclassified,MPO_Group,999.0,10.0,,
000000001062360085,"MX1A0072R6C21-085M_72F,MPO-LCD SM 85m",Unclassified,MPO_Group,999.0,10.0,,
000000001062360090,"MX1A0072R6C21-090M_72F,MPO-LCD SM 90m",Unclassified,MPO_Group,999.0,10.0,,
000000001062360095,"MX1A0072R6C21-095M_72F,MPO-LCD SM 95m",Unclassified,MPO_Group,999.0,10.0,,
000000001062370010,"MX1A0072R6C64-010M_72F,MPO-MPO SM 10m",Unclassified,MPO_Group,999.0,10.0,,
000000001062370065,"MX1A0072R6C64-065M_72F,MPO-MPO SM 65m",Unclassified,MPO_Group,999.0,10.0,,
000000001062370070,"MX1A0072R6C64-070M_72F,MPO-MPO SM 70m",Unclassified,MPO_Group,999.0,10.0,,
000000001062370075,"MX1A0072R6C64-075M_72F,MPO-MPO SM 75m",Unclassified,MPO_Group,999.0,10.0,,
000000001062370080,"MX1A0072R6C64-080M_72F,MPO-MPO SM 80m",Unclassified,MPO_Group,999.0,10.0,,
000000001062370085,"MX1A0072R6C64-085M_72F,MPO-MPO SM 85m",Unclassified,MPO_Group,999.0,10.0,,
000000001062370090,"MX1A0072R6C64-090M_72F,MPO-MPO SM 90m",Unclassified,MPO_Group,999.0,10.0,,
000000001062370095,"MX1A0072R6C64-095M_72F,MPO-MPO SM 95m",Unclassified,MPO_Group,999.0,10.0,,
000000001062370096,"MX1A0072R6C64-100M_72F,MPO-MPO SM 100m",Unclassified,MPO_Group,999.0,10.0,,
000000001062370100,"MX1A0064R6C04-016M_64F,MMC-MPO SM 16m",Unclassified,MPO_Group,999.0,10.0,,
000000001062370102,"MX1A0064R6C04-012M_64F,MMC-MPO SM 12m",Unclassified,MPO_Group,999.0,10.0,,
000000001062370103,"MX1A0064R6C04-013M_64F,MMC-MPO SM 13m",Unclassified,MPO_Group,999.0,10.0,,
000000001062370104,"MX1A0064R6C04-014M_64F,MMC-MPO SM 14m",Unclassified,MPO_Group,999.0,10.0,,
000000001062370105,"MX1A0064R6C04-011M_64F,MMC-MPO SM 11m",Unclassified,MPO_Group,999.0,10.0,,
000000001062370151,"MX1A0144C6G13-015M_144F,MMC-MPO SM 15m",Unclassified,MPO_Group,999.0,10.0,,
000000001062370152,"MX1A0144C6G13-020M_144F,MMC-MPO SM 20m",Unclassified,MPO_Group,999.0,10.0,,
000000001062370153,"MX1A0144C6G13-025M_144F,MMC-MPO SM 25m",Unclassified,MPO_Group,999.0,10.0,,
000000001062370154,"MX1A0144C6G13-030M_144F,MMC-MPO SM 30m",Unclassified,MPO_Group,999.0,10.0,,
000000001062370155,"MX1A0144C6G13-035M_144F,MMC-MPO SM 35m",Unclassified,MPO_Group,999.0,10.0,,
000000001062370156,"MX1A0144C6G13-040M_144F,MMC-MPO SM 40m",Unclassified,MPO_Group,999.0,10.0,,
000000001062370157,"MX1A0144C6G13-050M_144F,MMC-MPO SM 50m",Unclassified,MPO_Group,999.0,10.0,,
000000001062370158,"MX1A0144C6G13-060M_144F,MMC-MPO SM 60m",Unclassified,MPO_Group,999.0,10.0,,
000000001062370159,"MX1A0144C6G13-070M_144F,MMC-MPO SM 70m",Unclassified,MPO_Group,999.0,10.0,,
000000001062370160,"MX1A0144C6G13-080M_144F,MMC-MPO SM 80m",Unclassified,MPO_Group,999.0,10.0,,
000000001062370161,"MX1A0144C6G13-090M_144F,MMC-MPO SM 90m",Unclassified,MPO_Group,999.0,10.0,,
000000001062370162,"MX1A0144C6G13-100M_144F,MMC-MPO SM 100m",Unclassified,MPO_Group,999.0,10.0,,
000000001062370163,"MX1A0144C6G13-010M_144F,MMC-MPO SM 10m",Unclassified,MPO_Group,999.0,10.0,,
000000001062380010,"MX1A0144R6C09-010M_144F,MPO-LCD SM 10m",Unclassified,MPO_Group,999.0,10.0,,
000000001062380050,"MX1A0144R6C09-050M_144F,MPO-LCD SM 50m",Unclassified,MPO_Group,999.0,10.0,,
000000001062380055,"MX1A0144R6C09-055M_144F,MPO-LCD SM 55m",Unclassified,MPO_Group,999.0,10.0,,
000000001062380065,"MX1A0144R6C09-065M_144F,MPO-LCD SM 65m",Unclassified,MPO_Group,999.0,10.0,,
000000001062380070,"MX1A0144R6C09-070M_144F,MPO-LCD SM 70m",Unclassified,MPO_Group,999.0,10.0,,
000000001062380075,"MX1A0144R6C09-075M_144F,MPO-LCD SM 75m",Unclassified,MPO_Group,999.0,10.0,,
000000001062380080,"MX1A0144R6C09-080M_144F,MPO-LCD SM 80m",Unclassified,MPO_Group,999.0,10.0,,
000000001062380085,"MX1A0144R6C09-085M_144F,MPO-LCD SM 85m",Unclassified,MPO_Group,999.0,10.0,,
000000001062380090,"MX1A0144R6C09-090M_144F,MPO-LCD SM 90m",Unclassified,MPO_Group,999.0,10.0,,
000000001062380095,"MX1A0144R6C09-095M_144F,MPO-LCD SM 95m",Unclassified,MPO_Group,999.0,10.0,,
000000001062380096,"MX1A0144R6C09-100M_144F,MPO-LCD SM 100m",Unclassified,MPO_Group,999.0,10.0,,
000000001062380100,"MX1A0288R6C02-085M_288F,MMC-MMC SM 85m",Unclassified,MMC_Group,999.0,12.0,,
000000001062380101,"MX1A0288R6C02-010M_288F,MMC-MMC SM 10m",Unclassified,MMC_Group,999.0,12.0,,
000000001062380108,"MX1A0288C6C02-014M_288F,MMC-MMC SM 14m",Unclassified,MMC_Group,999.0,12.0,,
000000001062380109,"MX1A0288C6C02-018M_288F,MMC-MMC SM 18m",Unclassified,MMC_Group,999.0,12.0,,
000000001062380110,"MX1A0288C6C02-022M_288F,MMC-MMC SM 22m",Unclassified,MMC_Group,999.0,12.0,,
000000001062380111,"MX1A0288C6C02-026M_288F,MMC-MMC SM 26m",Unclassified,MMC_Group,999.0,12.0,,
000000001062380112,"MX1A0288C6C02-030M_288F,MMC-MMC SM 30m",Unclassified,MMC_Group,999.0,12.0,,
000000001062380113,"MX1A0288C6C02-034M_288F,MMC-MMC SM 34m",Unclassified,MMC_Group,999.0,12.0,,
000000001062380114,"MX1A0288C6C02-038M_288F,MMC-MMC SM 38m",Unclassified,MMC_Group,999.0,12.0,,
000000001062380115,"MX1A0288C6C02-042M_288F,MMC-MMC SM 42m",Unclassified,MMC_Group,999.0,12.0,,
000000001062380116,"MX1A0288C6C02-046M_288F,MMC-MMC SM 46m",Unclassified,MMC_Group,999.0,12.0,,
000000001062380117,"MX1A0288C6C02-050M_288F,MMC-MMC SM 50m",Unclassified,MMC_Group,999.0,12.0,,
000000001062380118,"MX1A0288C6C02-054M_288F,MMC-MMC SM 54m",Unclassified,MMC_Group,999.0,12.0,,
000000001062380119,"MX1A0288C6C02-058M_288F,MMC-MMC SM 58m",Unclassified,MMC_Group,999.0,12.0,,
000000001062380120,"MX1A0288C6C02-062M_288F,MMC-MMC SM 62m",Unclassified,MMC_Group,999.0,12.0,,
000000001062380121,"MX1A0288C6C02-066M_288F,MMC-MMC SM 66m",Unclassified,MMC_Group,999.0,12.0,,
000000001062380122,"MX1A0288C6C02-070M_288F,MMC-MMC SM 70m",Unclassified,MMC_Group,999.0,12.0,,
000000001062380123,"MX1A0288C6C02-074M_288F,MMC-MMC SM 74m",Unclassified,MMC_Group,999.0,12.0,,
000000001062380124,"MX1A0288C6C02-078M_288F,MMC-MMC SM 78m",Unclassified,MMC_Group,999.0,12.0,,
000000001062380129,"MX1A0288C6C02-082M_288F,MMC-MMC SM 82m",Unclassified,MMC_Group,999.0,12.0,,
000000001062380130,"MX1A0288C6C02-086M_288F,MMC-MMC SM 86m",Unclassified,MMC_Group,999.0,12.0,,
000000001062380131,"MX1A0288C6C02-090M_288F,MMC-MMC SM 90m",Unclassified,MMC_Group,999.0,12.0,,
000000001062380132,"MX1A0288C6C02-094M_288F,MMC-MMC SM 94m",Unclassified,MMC_Group,999.0,12.0,,
000000001062380133,"MX1A0288C6C02-098M_288F,MMC-MMC SM 98m",Unclassified,MMC_Group,999.0,12.0,,
000000001062380134,"MX1A0288C6C02-102M_288F,MMC-MMC SM 102m",Unclassified,MMC_Group,999.0,12.0,,
000000001062380135,"MX1A0288C6C02-106M_288F,MMC-MMC SM 106m",Unclassified,MMC_Group,999.0,12.0,,
000000001062380136,"MX1A0288C6C02-110M_288F,MMC-MMC SM 110m",Unclassified,MMC_Group,999.0,12.0,,
000000001062380137,"MX1A0288C6C02-114M_288F,MMC-MMC SM 114m",Unclassified,MMC_Group,999.0,12.0,,
000000001062380138,"MX1A0288C6C02-118M_288F,MMC-MMC SM 118m",Unclassified,MMC_Group,999.0,12.0,,
000000001062380139,"MX1A0288C6C02-122M_288F,MMC-MMC SM 122m",Unclassified,MMC_Group,999.0,12.0,,
000000001062380140,"MX1A0288C6C02-126M_288F,MMC-MMC SM 126m",Unclassified,MMC_Group,999.0,12.0,,
000000001062380141,"MX1A0288C6C02-130M_288F,MMC-MMC SM 130m",Unclassified,MMC_Group,999.0,12.0,,
000000001062380142,"MX1A0288C6C02-134M_288F,MMC-MMC SM 134m",Unclassified,MMC_Group,999.0,12.0,,
000000001062380143,"MX1A0288C6C02-138M_288F,MMC-MMC SM 138m",Unclassified,MMC_Group,999.0,12.0,,
000000001062380144,"MX1A0288C6C02-142M_288F,MMC-MMC SM 142m",Unclassified,MMC_Group,999.0,12.0,,
000000001062380145,"MX1A0288C6C02-146M_288F,MMC-MMC SM 146m",Unclassified,MMC_Group,999.0,12.0,,
000000001062380146,"MX1A0288C6C02-150M_288F,MMC-MMC SM 150m",Unclassified,MMC_Group,999.0,12.0,,
000000001062380147,"MX1A0288C6C02-154M_288F,MMC-MMC SM 154m",Unclassified,MMC_Group,999.0,12.0,,
000000001062380148,"MX1A0288C6C02-158M_288F,MMC-MMC SM 158m",Unclassified,MMC_Group,999.0,12.0,,
000000001062380149,"MX1A0288C6C02-162M_288F,MMC-MMC SM 162m",Unclassified,MMC_Group,999.0,12.0,,
000000001062380151,"MX1A0288C6C02-166M_288F,MMC-MMC SM 166m",Unclassified,MMC_Group,999.0,12.0,,
000000001062380153,"MX1A0288C6C02-170M_288F,MMC-MMC SM 170m",Unclassified,MMC_Group,999.0,12.0,,
000000001062380154,"MX1A0288C6C02-174M_288F,MMC-MMC SM 174m",Unclassified,MMC_Group,999.0,12.0,,
000000001062380155,"MX1A0288C6C02-178M_288F,MMC-MMC SM 178m",Unclassified,MMC_Group,999.0,12.0,,
000000001062380156,"MX1A0288C6C02-182M_288F,MMC-MMC SM 182m",Unclassified,MMC_Group,999.0,12.0,,
000000001062380157,"MX1A0288C6C02-186M_288F,MMC-MMC SM 186m",Unclassified,MMC_Group,999.0,12.0,,
000000001062380158,"MX1A0288C6C02-190M_288F,MMC-MMC SM 190m",Unclassified,MMC_Group,999.0,12.0,,
000000001062380159,"MX1A0288C6C02-194M_288F,MMC-MMC SM 194m",Unclassified,MMC_Group,999.0,12.0,,
000000001062380160,"MX1A0288C6C02-198M_288F,MMC-MMC SM 198m",Unclassified,MMC_Group,999.0,12.0,,
000000001062380161,"MX1A0288C6C02-202M_288F,MMC-MMC SM 202m",Unclassified,MMC_Group,999.0,12.0,,
000000001062380162,"MX1A0288C6C02-206M_288F,MMC-MMC SM 206m",Unclassified,MMC_Group,999.0,12.0,,
000000001062380163,"MX1A0288C6C02-210M_288F,MMC-MMC SM 210m",Unclassified,MMC_Group,999.0,12.0,,
000000001062380164,"MX1A0288C6C02-214M_288F,MMC-MMC SM 214m",Unclassified,MMC_Group,999.0,12.0,,
000000001062380165,"MX1A0288C6C02-218M_288F,MMC-MMC SM 218m",Unclassified,MMC_Group,999.0,12.0,,
000000001062380166,"MX1A0288C6C02-222M_288F,MMC-MMC SM 222m",Unclassified,MMC_Group,999.0,12.0,,
000000001062380167,"MX1A0288C6C02-226M_288F,MMC-MMC SM 226m",Unclassified,MMC_Group,999.0,12.0,,
000000001062380168,"MX1A0288C6C02-230M_288F,MMC-MMC SM 230m",Unclassified,MMC_Group,999.0,12.0,,
000000001062380169,"MX1A0288C6C02-234M_288F,MMC-MMC SM 234m",Unclassified,MMC_Group,999.0,12.0,,
000000001062380170,"MX1A0288C6C02-238M_288F,MMC-MMC SM 238m",Unclassified,MMC_Group,999.0,12.0,,
000000001062380171,"MX1A0288C6C02-242M_288F,MMC-MMC SM 242m",Unclassified,MMC_Group,999.0,12.0,,
000000001062380172,"MX1A0288C6C02-246M_288F,MMC-MMC SM 246m",Unclassified,MMC_Group,999.0,12.0,,
000000001062570073,"LC(IND)MTL-LCD JPR,MM 50/125,I/O,50M",Jumpers,LC_Variants,65.0,31.0,,
000000001062570074,"LC(IND)MTL-LCD JPR,MM 50/125,I/O,100M",Jumpers,LC_Variants,65.0,31.0,,
000000001062580366,LCD JPR Igus Chainflex OM3 HS BOUT 2.36m,Jumpers,LC_Variants,65.0,31.0,,
000000001062600001,"MTP(F) FLEXIBND BT JPR,MM50 0M3,12F,5m",Jumpers,MTP_Group,65.0,11.0,,
000000001062600002,"MTP(F) FLEXIBND BT JPR,MM50 0M3,12F,10m",Jumpers,MTP_Group,65.0,11.0,,
000000001062600003,"MTP(F) FLEXIBND BT JPR,MM50 0M3,12F,25m",Jumpers,MTP_Group,65.0,11.0,,
000000001062600004,"MTP(F) FLEXIBND BT JPR,MM50 0M3,12F,50m",Jumpers,MTP_Group,65.0,11.0,,
000000001062600005,"MTP(F) FLEXIBND BT JPR,MM50 0M3,12F,100m",Jumpers,MTP_Group,65.0,11.0,,
000000001062600006,"MTP(F) FLEXIBND BT JPR,MM50 0M4,12F,150m",Jumpers,MTP_Group,65.0,11.0,,
000000001062600007,"MTP(F) FLEXIBND BT JPR,MM50 0M3,24F,5m",Jumpers,MTP_Group,65.0,11.0,,
000000001062600008,"MTP(F) FLEXIBND BT JPR,MM50 0M3,24F,10m",Jumpers,MTP_Group,65.0,11.0,,
000000001062600009,"MTP(F) FLEXIBND BT JPR,MM50 0M3,24F,25m",Jumpers,MTP_Group,65.0,11.0,,
000000001062600010,"MTP(F) FLEXIBND BT JPR,MM50 0M3,24F,50m",Jumpers,MTP_Group,65.0,11.0,,
000000001062600013,"MTP(F) FLEXIBND BT JPR,SM BIF,12F,3m",Jumpers,MTP_Group,65.0,11.0,,
000000001062600014,"MTP(F) FLEXIBND BT JPR,SM BIF,12F,5m",Jumpers,MTP_Group,65.0,11.0,,
000000001062600015,"MTP(F) FLEXIBND BT JPR,SM BIF,12F,10m",Jumpers,MTP_Group,65.0,11.0,,
000000001062600016,"MTP(F) FLEXIBND BT JPR,SM BIF,12F,25m",Jumpers,MTP_Group,65.0,11.0,,
000000001062600023,"MTP(F) FLEXIBND BT JPR,SM BIF,12F,350mm",Jumpers,MTP_Group,65.0,11.0,,
000000001062600025,"MTP(F) FLEXIBND BT JPR,SM BIF,12F,2m",Jumpers,MTP_Group,65.0,11.0,,
000000001062600026,"MTP(F) FLEXIBND BT JPR,SM BIF,12F,1m",Jumpers,MTP_Group,65.0,11.0,,
000000001062600027,"MTP(F) FLEXIBND BT JPR,SM BIF,12F,7m",Jumpers,MTP_Group,65.0,11.0,,
000000001062600028,"MTP(F) FLEXIBND BT JPR,SM BIF,12F,13m",Jumpers,MTP_Group,65.0,11.0,,
000000001062600029,"MTP(F) FLEXIBND BT JPR,SM BIF,12F,15m",Jumpers,MTP_Group,65.0,11.0,,
000000001062600030,"MTP(F) FLEXIBND BT JPR,SM BIF,12F,20m",Jumpers,MTP_Group,65.0,11.0,,
000000001062600031,"MTP(F) FLEXIBND BT JPR,SM BIF,12F,30m",Jumpers,MTP_Group,65.0,11.0,,
000000001062600039,MTP(F) FLEXIBND-12XLC/UPC BOUT JPR SM 1m,Jumpers,MTP_Group,65.0,11.0,,
000000001062600040,"MTP(F)/APC FLEXIBND BT JPR,SM,12F,350MM",Jumpers,MTP_Group,65.0,11.0,,
000000001062600079,"MTP(F) FLXBT-4X LCD MINI BT JPR,OM3,1m",Jumpers,MTP_Group,65.0,11.0,,
000000001062600080,"MTP(F) FLXBT-4X LCD MINI BT JPR,OM3,2m",Jumpers,MTP_Group,65.0,11.0,,
000000001062600081,"MTP(F) FLXBT-4X LCD MINI BT JPR,OM3,3m",Jumpers,MTP_Group,65.0,11.0,,
000000001062600082,"MTP(F) FLXBT-4X LCD MINI BT JPR,OM3,5m",Jumpers,MTP_Group,65.0,11.0,,
000000001062600083,"MTP(F) FLXBT-4X LCD MINI BT JPR,OM3,10m",Jumpers,MTP_Group,65.0,11.0,,
000000001062600084,"MTP(F) FLXBT-4X LCD MINI BT JPR,OM3,15m",Jumpers,MTP_Group,65.0,11.0,,
000000001062600085,"MTP(F) FLXBT-4X LCD MINI BT JPR,OM3,20m",Jumpers,MTP_Group,65.0,11.0,,
000000001062600086,"MTP(F) FLXBT-4X LCD MINI BT JPR,OM3,30m",Jumpers,MTP_Group,65.0,11.0,,
000000001062600087,"MTP(F) FLXBT-4X LCD MINI BT JPR,OM3,50m",Jumpers,MTP_Group,65.0,11.0,,
000000001062600090,"MTP(F) FLEXIBND BT JPR,MM50 0M3, 12F, 3m",Jumpers,MTP_Group,65.0,11.0,,
000000001062600092,"MTP(F) FLEXIBND BT JPR,MM50 OM3,12F,7m",Jumpers,MTP_Group,65.0,11.0,,
000000001062600135,"MTP(F) FLXBT-4X LCD/UPC JPR,SM BIF,1m",Jumpers,MTP_Group,65.0,11.0,,
000000001062600136,"MTP(F) FLXBT-4X LCD/UPC JPR,SM BIF,3m",Jumpers,MTP_Group,65.0,11.0,,
000000001062600137,"MTP(F) FLXBT-4X LCD/UPC JPR,SM BIF,5m",Jumpers,MTP_Group,65.0,11.0,,
000000001062600138,"MTP(F) FLXBT-4X LCD/UPC JPR,SM BIF,7m",Jumpers,MTP_Group,65.0,11.0,,
000000001062600139,"MTP(F) FLXBT-4X LCD/UPC JPR,SM BIF,10m",Jumpers,MTP_Group,65.0,11.0,,
000000001062600140,"MTP(F) FLXBT-4X LCD/UPC JPR,SM BIF,15m",Jumpers,MTP_Group,65.0,11.0,,
000000001062600141,"MTP(F) FLXBT-4X LCD/UPC JPR,SM BIF,30m",Jumpers,MTP_Group,65.0,11.0,,
000000001062600296,"MTP(F) FLEXIBND BT JPR,SM BIF,12F,35m",Jumpers,MTP_Group,65.0,11.0,,
000000001062600351,"MTP(F) FLEXIBND BT JPR,SM BIF,12F,40M",Jumpers,MTP_Group,65.0,11.0,,
000000001062600352,"MTP(F) FLEXIBND BT JPR,SM BIF,12F,50M",Jumpers,MTP_Group,65.0,11.0,,
000000001062600355,"MTP(F) FLEXIBND BT JPR,SM BIF,12F,80M",Jumpers,MTP_Group,65.0,11.0,,
000000001062600360,"MTP(F) FLEXIBND BT JPR, SM BIF, LSZH, 1m",Jumpers,MTP_Group,65.0,11.0,,
000000001062600361,"MTP(F) FLEXIBND BT JPR, SM BIF, LSZH, 2m",Jumpers,MTP_Group,65.0,11.0,,
000000001062600362,"MTP(F) FLEXIBND BT JPR, SM BIF, LSZH, 3m",Jumpers,MTP_Group,65.0,11.0,,
000000001062600363,"MTP(F) FLEXIBND BT JPR, SM BIF, LSZH, 5m",Jumpers,MTP_Group,65.0,11.0,,
000000001062600364,"MTP(F) FLEXIBND BT JPR, SM BIF, LSZH, 7m",Jumpers,MTP_Group,65.0,11.0,,
000000001062601030,MTP(F) FLEXIBND-12XLC/UPC BOUT JPR SM 2m,Jumpers,MTP_Group,65.0,11.0,,
000000001062601101,"MTP(F)16/APC FLEXBT,OM4,3mm,LSZH,RSR,1m",Unclassified,MTP_Group,999.0,11.0,,
000000001062670292,"MTP24(M) - 2x VB POD JUMPER, OM3, 56mm",Jumpers,MTP_Group,22.0,11.0,,
000000001062672010,"VB POD-HBMT DC JPR,MM50 OM3,12F RIB,0.6m",Jumpers,Other,65.0,999.0,,
000000001062672011,"MTP12(M) TO VB POD JPR, MM 50/125, 0.5M",Jumpers,MTP_Group,65.0,11.0,,
000000001062672031,"MTP24(M) TO 2XVB POD JPR,MM 50/125, 0.5M",Jumpers,MTP_Group,65.0,11.0,,
000000001062672099,"MTP24(M)-2xVB POD JPR,MM,OM3, 267mm",Jumpers,MTP_Group,65.0,11.0,,
000000001062672103,"MT24(M) - 2X VersaBeam POD JUMPER, OM3",Jumpers,Other,22.0,999.0,,
000000001062673000,"VB POD-MTP(M) MM50, 12F ROUND CBL JMR",Unclassified,MTP_Group,999.0,11.0,,
000000001062673008,"VB POD-MTP(M) JPR,MM50,1.8mm CBL,300mm",Jumpers,MTP_Group,65.0,11.0,,
000000001062674024,"MTP(M ) - RVCON JPR, OM3, 12F, 305mm",Jumpers,MTP_Group,65.0,11.0,,
000000001062674035,MT24(M) BRibb-3x RVCon OM3 JPR MUX-01,Optical_Module,Other,55.0,999.0,,
000000001062674036,MT24(M) BRibb-3x RVCon OM3 JPR MUX-02,Optical_Module,Other,55.0,999.0,,
000000001062675024,"MTP24(M)-2xVB POD JPR,MM,OM3, 79.7mm",Jumpers,MTP_Group,65.0,11.0,,
000000001062680004,IS4000 MTP INTERNAL HARNESS,Harness,MTP_Group,35.0,11.0,,
000000001062680007,IS4000 MTP INTERNAL HARNESS,Harness,MTP_Group,35.0,11.0,,
000000001062681008,"4F CIRCULAR W/LENSED MT TRUNK CBL,20M",Trunk_Group,Other,15.0,999.0,,
000000001062681009,"4F CIRCULAR W/LENSED MT TRUNK CBL,1M",Trunk_Group,Other,15.0,999.0,,
000000001062681035,"12F CIRC CN W/LNS MT TRUNK CBL,MM50,20m",Trunk_Group,Other,15.0,999.0,,
000000001062681063,"MTP(F) LENSED JPR,MM 50,3.0mm CBL,200mm",Jumpers,MTP_Group,65.0,11.0,,
000000001062681064,"4F CIRCULAR LENSED MT TRUNK CBL,GRAY 1M",Trunk_Group,Other,15.0,999.0,,
000000001062681065,CIRC RCPTCL W/LNS MT-4XLC MM 50 JMPR,Jumpers,Other,65.0,999.0,,
000000001062681066,CIRC RCPTCL W/LNS MT-4XLC90D MM 50 JMPR,Jumpers,Other,65.0,999.0,,
000000001062681067,CIRC RCPTCL W/LNS MT-4XLC MM 50 JMPR,Jumpers,Other,65.0,999.0,,
000000001062681089,"1X1 CIRC AD LENS MT - LCD JPR,OM3,600mm",Jumpers,LC_Variants,65.0,31.0,,
000000001062681090,"1X1 CIRC AD LENS MT - LCD JPR,OM3,300mm",Jumpers,LC_Variants,65.0,31.0,,
000000001062681093,"MTP(F) VB JPR,12F,OM3,3mm ARM CBL,5m",Jumpers,MTP_Group,65.0,11.0,,
000000001062681096,"VB MT HBMT DC-MTP(F)&LCD JPR,OM3,1500mm",Jumpers,MTP_Group,65.0,11.0,,
000000001062681097,"VB MT HBMT DC-MTP(F)&LCD JPR,OM3,1000mm",Jumpers,MTP_Group,65.0,11.0,,
000000001062681098,"VB MT HBMT DC-MTP(F)&LCD JPR,OM3,500mm",Jumpers,MTP_Group,65.0,11.0,,
000000001062681104,"MTP(F) VB JPR,12F,OM3,3mm ARM CBL,2.3m",Jumpers,MTP_Group,65.0,11.0,,
000000001062681107,"MTP(M)-MTP(F) JPR,12F,OM3 3mm CBL,1050mm",Jumpers,MTP_Group,65.0,11.0,,
000000001062681108,"MTP(M)-MTP(F) JPR,12F,OM3 3mm CBL,900mm",Jumpers,MTP_Group,65.0,11.0,,
000000001062681112,"4F CircCN W/Lnsd MT Trunk Cbl w/Ball,20m",Trunk_Group,Other,15.0,999.0,,
000000001062681113,"12F LENS MT CIRC CONN JPR,OM3,GRAY,20m",Jumpers,Other,65.0,999.0,,
000000001062682025,"12F CIRC W/LENSED MT TRUNK CBL, 20m",Trunk_Group,Other,15.0,999.0,,
000000001062682026,"OR INT 12F CIRC W/LENSD MT TRUNK CBL,7m",Trunk_Group,Other,15.0,999.0,,
000000001062682033,"Cbl Integration Kit, Double Outlet Plate",Accessories,Other,85.0,999.0,,
000000001062682034,"Cbl Integration Kit, Single Outlet Plate",Accessories,Other,85.0,999.0,,
000000001062682039,"12F CIRC W/LENSED MT TRUNK CBL, 7m",Trunk_Group,Other,15.0,999.0,,
000000001062685014,"PRIZM MTP48 JPR, MM 50/125 OM3, 0.77m",Jumpers,MTP_Group,65.0,11.0,,
000000001062685028,"PMT48,MTP,SHUFFLE(X3),MM OM3, 6.7m",Shuffle_Cables,MTP_Group,20.0,11.0,,
000000001062720335,"MTP(F)-MTP(F) JPR,MM 50,12F,RND CBL,18m",Jumpers,MTP_Group,65.0,11.0,,
000000001062720336,"MTP(F)-MTP(F) JPR,MM 50,12F,RND CBL,30m",Jumpers,MTP_Group,65.0,11.0,,
000000001062720339,"MTP(M) BOUT CN-LCD JPR,MM 50,4F,8.0in",Jumpers,MTP_Group,65.0,11.0,,
000000001062720340,"MTP(M) BOUT CN-LCD JPR,MM 50,4F,30.0in",Jumpers,MTP_Group,65.0,11.0,,
000000001062720449,"HBMT MB-HBMT MB 12F MM50 OM3,RND CBL,.6m",Unclassified,Other_MultiFiber,999.0,16.0,,
000000001062720565,"MTP(F)/APC-LC/UPC JPR,SM BIF,LSZH,2300mm",Jumpers,MTP_Group,65.0,11.0,,
000000001062720809,"MTP(M)/APC PTL, SM Elite, 12F RIBBON, 1m",Unclassified,MTP_Group,999.0,11.0,,
000000001062720811,"MTP12(M) VB - LCD JPR, OM2, 300mm",Jumpers,MTP_Group,65.0,11.0,,
000000001062720849,"MPO(F)/APC JPR,SM BIF,24F,LSZH,1m",Jumpers,MPO_Group,65.0,10.0,,
000000001062720850,"MPO(F)/APC JPR,SM BIF,24F,LSZH,2m",Jumpers,MPO_Group,65.0,10.0,,
000000001062720851,"MPO(F)/APC JPR,SM BIF,24F,LSZH,3m",Jumpers,MPO_Group,65.0,10.0,,
000000001062720852,"MPO(F)/APC JPR,SM BIF,24F,LSZH,6m",Jumpers,MPO_Group,65.0,10.0,,
000000001062720853,"MPO(F)/APC JPR,SM BIF,24F,LSZH,12m",Jumpers,MPO_Group,65.0,10.0,,
000000001062730687,LCD/PC OM3 900UM 0.25M BEND INSENS.JPR,Jumpers,LC_Variants,65.0,31.0,,
000000001062730802,"LCD JPR,SHORT BT,MM 50/125,2mm ZIP,400mm",Jumpers,LC_Variants,65.0,31.0,,
000000001062730819,"4X LCD-4X LCD JPR,MM50,RUGGZ,50ft",Jumpers,LC_Variants,65.0,31.0,,
000000001062730820,"4X LCD-4X LCD JPR,MM50,RUGGZ,75ft",Jumpers,LC_Variants,65.0,31.0,,
000000001062730821,"4X LCD-4X LCD JPR,MM50,RUGGZ,100ft",Jumpers,LC_Variants,65.0,31.0,,
000000001062730822,"4X LCD-4X LCD JPR,MM50,RUGGZ,125ft",Jumpers,LC_Variants,65.0,31.0,,
000000001062730823,"4X LCD-4X LCD JPR,MM50,RUGGZ,150ft",Jumpers,LC_Variants,65.0,31.0,,
000000001062730825,"4X LCD-4X LCD JPR,MM50,RUGGZ,10ft",Jumpers,LC_Variants,65.0,31.0,,
000000001062730995,"LCD JPR,MM 50um OM4,1.6mm ZIP PLENUM, 2m",Jumpers,LC_Variants,65.0,31.0,,
000000001062730997,"LCD JPR,MM 50um OM4,1.6mm ZIP PLENUM, 5m",Jumpers,LC_Variants,65.0,31.0,,
000000001062730999,"LCD JPR,MM 50um OM4,1.6mm ZIP PLENUM,15m",Jumpers,LC_Variants,65.0,31.0,,
000000001062731000,"LCD JPR,MM 50um OM4,1.6mm ZIP PLENUM,30m",Jumpers,LC_Variants,65.0,31.0,,
000000001062731174,"LC2+ DPX JUMPER, OM3, 2mm CBL, 2.5m",Jumpers,Other,22.0,999.0,,
000000001062731175,"LC2+ DPX JUMPER, OM3, 2mm CBL, 4.0m",Jumpers,Other,22.0,999.0,,
000000001062731176,"LC2+ DPX JUMPER, OM3, 2mm CBL, 25m",Jumpers,Other,22.0,999.0,,
000000001062731177,"LC2+ DPX JUMPER, OM3, 2mm CBL, 1.0m",Jumpers,Other,22.0,999.0,,
000000001062731178,"LC2+ DPX JUMPER, OM3, 2mm CBL, 1.5m",Jumpers,Other,22.0,999.0,,
000000001062731179,"LC2+ DPX JUMPER, OM3, 2mm CBL, 2.0m",Jumpers,Other,22.0,999.0,,
000000001062731185,"LC2+ DPX JUMPER, OM3, 2mm CBL, 15in",Jumpers,Other,22.0,999.0,,
000000001062731217,"LC/UPC FlexiBend Boot JPR, SM,1m",Jumpers,LC_Variants,65.0,30.0,,
000000001062731220,"LCD TO LCD JPR,OM3,2mm ZIPCORD,0.5m",Jumpers,LC_Variants,65.0,31.0,,
000000001062731221,"SC/APC JUMPER, 900um, 12in",Jumpers,Other_Connector_Types,22.0,40.0,,
000000001062733048,"BLC(2POS)-2X LC MM 50,900UM JPR,300MM",Jumpers,LC_Variants,65.0,32.0,,
000000001062733615,"LC/PC-LC/PC JPR,SM 9/125, 2.0mm CBL,10FT",Jumpers,LC_Variants,65.0,32.0,,
000000001062735050,"SCD ENH-LCD ENH MM 62.5um, DUP, 2mm 30CM",Unclassified,LC_Variants,999.0,31.0,,
000000001062735463,"LC2+ DUPLX-2X ARINC 801 TERM,MM50,3210mm",Unclassified,Other,999.0,999.0,,
000000001062735464,"LC2+ DUPLX-2X ARINC 801 TERM,MM50,2245mm",Unclassified,Other,999.0,999.0,,
000000001062735465,"LC2+ DUPLX-2X ARINC 801 TERM,MM50,1510mm",Unclassified,Other,999.0,999.0,,
000000001062735466,"LC2+ DUPLX-2X ARINC 801 TERM,MM50,1480mm",Unclassified,Other,999.0,999.0,,
000000001062737463,"LC/UPC,TRIMMED BOOT,SM,2mm CBL JPR 120mm",Jumpers,LC_Variants,65.0,30.0,,
000000001062739001,"FC/APC TO FC/APC LAUNCH CBL, SM, 0.5m",Unclassified,Other_Connector_Types,999.0,40.0,,
000000001062739003,"FC/APC TO FC/APC LAUNCH CBL, SM, 2.0m",Unclassified,Other_Connector_Types,999.0,40.0,,
000000001062770010,"VIEWRAY, CABLE Y",Unclassified,Other,999.0,999.0,,
000000001062830010,"MOLEX QSFP MM50 OM2 ASSY, OFNP, 10.0m",Unclassified,Transceiver_Rating,999.0,50.0,,
000000001062830203,MOLEX QSFP-DD SM BIF PCORD 16F OFNP 3m,Unclassified,Transceiver_Rating,999.0,50.0,,
000000001062830205,MOLEX QSFP-DD SM BIF PCORD 16F OFNP 5m,Unclassified,Transceiver_Rating,999.0,50.0,,
000000001062830245,MOLEX QSFP-DD OM4 PCORD 16F OFNP 5m,Unclassified,Transceiver_Rating,999.0,50.0,,
000000001062830247,MOLEX QSFP-DD OM4 PCORD 16F OFNP 7m,Unclassified,Transceiver_Rating,999.0,50.0,,
000000001062830250,MOLEX QSFP-DD OM4 PCORD 16F OFNP 10m,Unclassified,Transceiver_Rating,999.0,50.0,,
000000001062831001,"MOLEX QSFP MM50 OM3 ASSY, OFNP, 1.0m",Unclassified,Transceiver_Rating,999.0,50.0,,
000000001062831002,"MOLEX QSFP MM50 OM3 ASSY, OFNP, 2.0m",Unclassified,Transceiver_Rating,999.0,50.0,,
000000001062831003,"MOLEX QSFP MM50 OM3 ASSY, OFNP, 3.0m",Unclassified,Transceiver_Rating,999.0,50.0,,
000000001062831004,"MOLEX QSFP MM50 OM3 ASSY, OFNP, 4.0m",Unclassified,Transceiver_Rating,999.0,50.0,,
000000001062831005,"MOLEX QSFP MM50 OM3 ASSY, OFNP, 5.0m",Unclassified,Transceiver_Rating,999.0,50.0,,
000000001062831010,"MOLEX QSFP MM50 OM3 ASSY, OFNP, 10.0m",Unclassified,Transceiver_Rating,999.0,50.0,,
000000001062831015,"MOLEX QSFP MM50 OM3 ASSY, OFNP, 15.0m",Unclassified,Transceiver_Rating,999.0,50.0,,
000000001062831031,"MOLEX QSFP MM50 OM3 ASSY, OFNP, 5m",Unclassified,Transceiver_Rating,999.0,50.0,,
000000001062831032,"MOLEX QSFP MM50 OM3 ASSY, OFNP, 10m",Unclassified,Transceiver_Rating,999.0,50.0,,
000000001062831033,"MOLEX QSFP MM50 OM3 ASSY, OFNP, 20m",Unclassified,Transceiver_Rating,999.0,50.0,,
000000001062831034,"MOLEX QSFP MM50 OM3 ASSY, OFNP, 50m",Unclassified,Transceiver_Rating,999.0,50.0,,
000000001062831035,"MOLEX QSFP MM50 OM3 ASSY, OFNP, 35.0m",Unclassified,Transceiver_Rating,999.0,50.0,,
000000001062831038,"MOLEX QSFP MM50 OM3 ASSY, OFNP, 100m",Unclassified,Transceiver_Rating,999.0,50.0,,
000000001062833457,"MTP(F)90D-MTP(F)90D JPR,MM50 OM3,ENH",Jumpers,MTP_Group,65.0,11.0,,
000000001062833581,"MTP(F)90D-MTP(F) JPR,MM50 OM3,ENH,2000mm",Jumpers,MTP_Group,65.0,11.0,,
000000001062833592,"MTP(F)90D-MTP(M),MM50 OM3,ENH,4000mm",Unclassified,MTP_Group,999.0,11.0,,
000000001062833700,9M-Short Shuffle Cable Pinout 3,Shuffle_Cables,Other,20.0,999.0,,
000000001062833701,10M-Short Shuffle Cable Pinout 3,Shuffle_Cables,Other,20.0,999.0,,
000000001062833702,11M-Short Shuffle Cable Pinout 3,Shuffle_Cables,Other,20.0,999.0,,
000000001062833703,12M-Short Shuffle Cable Pinout 3,Shuffle_Cables,Other,20.0,999.0,,
000000001062833704,13M-Short Shuffle Cable Pinout 3,Shuffle_Cables,Other,20.0,999.0,,
000000001062833705,14M-Short Shuffle Cable Pinout 3,Shuffle_Cables,Other,20.0,999.0,,
000000001062833706,15M-Short Shuffle Cable Pinout 3,Shuffle_Cables,Other,20.0,999.0,,
000000001062833707,132M - Long Shuffle Cable Pinout 3,Shuffle_Cables,Other,20.0,999.0,,
000000001062833717,60M-Long Shuffle Cable Pinout 3,Shuffle_Cables,Other,20.0,999.0,,
000000001062833744,7M-Short Shuffle Cable Pinout 3,Shuffle_Cables,Other,20.0,999.0,,
000000001062833746,8M-Short Shuffle Cable Pinout 3,Shuffle_Cables,Other,20.0,999.0,,
000000001062833764,75M-Long Shuffle Cable Pinout 3,Shuffle_Cables,Other,20.0,999.0,,
000000001062833765,30M-Short Shuffle Cable Pinout 3,Shuffle_Cables,Other,20.0,999.0,,
000000001062833766,35M-Short Shuffle Cable Pinout 3,Shuffle_Cables,Other,20.0,999.0,,
000000001062833767,40M-Short Shuffle Cable Pinout 3,Shuffle_Cables,Other,20.0,999.0,,
000000001062833768,45M-Short Shuffle Cable Pinout 3,Shuffle_Cables,Other,20.0,999.0,,
000000001062833769,50M-Short Shuffle Cable Pinout 3,Shuffle_Cables,Other,20.0,999.0,,
000000001062833770,55M-Short Shuffle Cable Pinout 3,Shuffle_Cables,Other,20.0,999.0,,
000000001062833771,60M-Short Shuffle Cable Pinout 3,Shuffle_Cables,Other,20.0,999.0,,
000000001062833772,65M-Short Shuffle Cable Pinout 3,Shuffle_Cables,Other,20.0,999.0,,
000000001062833773,70M-Short Shuffle Cable Pinout 3,Shuffle_Cables,Other,20.0,999.0,,
000000001062834003,"MOLEX QSFP SM CABLE ASSY, SNGL JKT, 3.0M",Unclassified,Transceiver_Rating,999.0,50.0,,
000000001062835003,"MX QSFP MTP-LC BO MM50 OM2 CBL ASSY, 5M",Unclassified,MTP_Group,999.0,11.0,,
000000001062835101,"MX QSFP MTP-LC BO MM50 OM3 CBL ASSY, 1M",Unclassified,MTP_Group,999.0,11.0,,
000000001062835103,"MX QSFP MTP-LC BO MM50 OM3 CBL ASSY, 5M",Unclassified,MTP_Group,999.0,11.0,,
000000001062835109,"MX QSFP MTP-LC BO MM50 OM3 CBL ASSY, 2M",Unclassified,MTP_Group,999.0,11.0,,
000000001062836062,"MPO(F)-4X LCD BRKOUT JPR,MM50 OM4 CBL,5m",Jumpers,MPO_Group,65.0,10.0,,
000000001062836092,"MTP(F) MM 12F 50/125um OM4 CBL JUMPR, 2m",Jumpers,MTP_Group,65.0,11.0,,
000000001062836094,"MTP(F) MM 12F 50/125um OM4 CBL JUMPR, 5m",Jumpers,MTP_Group,65.0,11.0,,
000000001062836096,"MTP(F) MM 12F 50/125um OM4 CBL JUMPR,15m",Jumpers,MTP_Group,65.0,11.0,,
000000001062836097,"MTP(F) MM 12F 50/125um OM4 CBL JUMPR,30m",Jumpers,MTP_Group,65.0,11.0,,
000000001062836100,"MTP(F) JPR,MM50 OM3,12F,3mm RND CBL,2.0m",Jumpers,MTP_Group,65.0,11.0,,
000000001062836165,"QSFP JUMPER,OM3,3.0mm CBL,OFNP,5.0m",Jumpers,Transceiver_Rating,22.0,50.0,,
000000001062836166,"QSFP JUMPER,OM3,3.0mm CBL,OFNP,10.0m",Jumpers,Transceiver_Rating,22.0,50.0,,
000000001062836167,"QSFP JUMPER,OM3,3.0mm CBL,OFNP,20.0m",Jumpers,Transceiver_Rating,22.0,50.0,,
000000001062836177,"QSFP MTP(F) - 4X LCD JPR, OM4, 10m",Jumpers,MTP_Group,65.0,11.0,,
000000001062836178,"QSFP MTP(F) - 4X LCD JPR, OM4, 20m",Jumpers,MTP_Group,65.0,11.0,,
000000001062836179,"QSFP MTP(F) - 4X LCD JPR, OM4, 50m",Jumpers,MTP_Group,65.0,11.0,,
000000001062836207,"MTP24(F) FLEXIBD BOOT JPR OM3,3m",Jumpers,MTP_Group,65.0,11.0,,
000000001062836209,"MTP12(F) FLEXIBD BOOT JPR OM3,3m",Jumpers,MTP_Group,65.0,11.0,,
000000001062836210,"MTP12(F) FLEXIBD BOOT JPR OM3,10m",Jumpers,MTP_Group,65.0,11.0,,
000000001062836212,"MTP12(F) FLEXIBD BOOT- 4XLCD JPR OM3,3m",Jumpers,MTP_Group,65.0,11.0,,
000000001062836213,"MTP12(F) FLEXIBD BOOT- 4XLCD JPR OM3,10m",Jumpers,MTP_Group,65.0,11.0,,
000000001062836216,"MTP24(F) FLXBD BT- 10X LCD JPR OM3,3m",Jumpers,MTP_Group,65.0,11.0,,
000000001062836231,"MTP(F)/APC-4X LCD/UPC JPR,SM,12F,10m",Jumpers,MTP_Group,65.0,11.0,,
000000001062836233,"MTP(F)/APC-4X LCD/UPC JPR,SM,12F,3m",Jumpers,MTP_Group,65.0,11.0,,
000000001062836242,MTP12(F) JPR SM LSZH 3mm CBL 0.33m,Jumpers,MTP_Group,65.0,11.0,,
000000001062836243,MTP12(F) JPR SM LSZH 3mm CBL 3.0m,Jumpers,MTP_Group,65.0,11.0,,
000000001062836260,MTP16(F)-8XLCD JPR OM3 PLN 3mm CBL 1m,Jumpers,MTP_Group,65.0,11.0,,
000000001062836261,MTP24(F)-10XLCD JPR OM4 LSZH 3mm CBL 3m,Jumpers,MTP_Group,65.0,11.0,,
000000001062836263,MTP12(F)-4XLCD JPR OM4 LSZH 3mm CBL 3m,Jumpers,MTP_Group,65.0,11.0,,
000000001062836266,MTP16(F) JPR OM3 LSZH 3mm CBL 3m,Jumpers,MTP_Group,65.0,11.0,,
000000001062836270,MTP12(M)-6XLCD JPR SM LSZH 3mm CBL 3m,Jumpers,MTP_Group,65.0,11.0,,
000000001062836283,"MX QSFP MTP-LC BOUT CBL ASSY, OM4, 1m",Unclassified,MTP_Group,999.0,11.0,,
000000001062836284,"MX QSFP MTP-LC BOUT CBL ASSY, OM4, 3m",Unclassified,MTP_Group,999.0,11.0,,
000000001062836285,"MX QSFP MTP-LC BOUT CBL ASSY, OM4, 10m",Unclassified,MTP_Group,999.0,11.0,,
000000001062836288,MTP12(F)-6XLCD JPR SM LSZH 3mm CBL 0.6m,Jumpers,MTP_Group,65.0,11.0,,
000000001062836325,MTP12(F)-6XLCD JPR SM LSZH 3mm CBL 3.0m,Jumpers,MTP_Group,65.0,11.0,,
000000001062836326,MTP12(F)-6XLCD JPR SM LSZH 3mm CBL 10.0m,Jumpers,MTP_Group,65.0,11.0,,
000000001062836339,"MTP16(F)/APC - 8xLCD UNI JPR, OM4, 5m",Jumpers,MTP_Group,65.0,11.0,,
000000001062836345,MPO16(F)APC - MPO16(F)APC JPR SM LSZH 3m,Jumpers,MPO_Group,65.0,10.0,,
000000001062836346,MPO16(F)APC -MPO16(F)APC JPR SM LSZH 10m,Jumpers,MPO_Group,65.0,10.0,,
000000001062836347,MPO16(F)/APC - 8xLCD/UPC JPR SM LSZH 3m,Jumpers,MPO_Group,65.0,10.0,,
000000001062836382,"MTP16(F)/APC - 8xLCD/UPC UNI JPR,SM,5m",Jumpers,MTP_Group,65.0,11.0,,
000000001062836389,MPO(F)/APC - MPO(F)/APC 16F OM4 PLN 50m,Unclassified,MPO_Group,999.0,10.0,,
000000001062836390,MPO(F)/APC - MPO(F)/APC 16F OM4 PLN 75m,Unclassified,MPO_Group,999.0,10.0,,
000000001062836391,MPO(F)/APC - MPO(F)/APC 16F OM4 PLN 100m,Unclassified,MPO_Group,999.0,10.0,,
000000001062836392,"MPO(F) - 4x LCD/UPC JPR,SM,12F,PLNM,2.1m",Jumpers,MPO_Group,65.0,10.0,,
000000001062836393,"MPO(F) - 4x LCD/UPC JPR,SM,12F,PLNM,2.1m",Jumpers,MPO_Group,65.0,10.0,,
000000001062836394,"MPO(16F)/APC - 8XLCD OS2 UNI JPR,SM,1m",Jumpers,MPO_Group,65.0,10.0,,
000000001062836395,"MPO(16F)/APC - 8XLCD OS2 UNI JPR,SM,3m",Jumpers,MPO_Group,65.0,10.0,,
000000001062836396,"MPO(16F)/APC - 8XLCD OS2 UNI JPR,SM,5m",Jumpers,MPO_Group,65.0,10.0,,
000000001062836557,"MPO12(F) FLEX BOOT JPR OM3,15m",Jumpers,MPO_Group,65.0,10.0,,
000000001062836558,"MPO12(F) FLEX BOOT JPR OM3,20m",Jumpers,MPO_Group,65.0,10.0,,
000000001062836559,"MPO12(F) FLEX BOOT JPR OM3,25m",Jumpers,MPO_Group,65.0,10.0,,
000000001062836573,"HARNESS,KAE1-SATNET MM FIB,KU,SL V-2MINI",Harness,Other,35.0,999.0,,
000000001062836574,"HARNESS,KAE4-SATNET MM FIB,KU,SL V2-MINI",Harness,Other,35.0,999.0,,
000000001062836575,"HARNESS,KAE3-SATNET MM FIB,KU,SL V2-MINI",Harness,Other,35.0,999.0,,
000000001062837010,"MOLEX QSFP MM50 OM4 ASSY, OFNP, 10.0m",Unclassified,Transceiver_Rating,999.0,50.0,,
000000001062839355,12F MPO(2F-2F) G657A1 3D YL OFNP 5M,Unclassified,MPO_Group,999.0,10.0,,
000000001062839357,12F MPO(2F-2F) G657A1 3D YL OFNP 6M,Unclassified,MPO_Group,999.0,10.0,,
000000001062839359,12F MPO(2F-2F) G657A1 3D YL OFNP 7M,Unclassified,MPO_Group,999.0,10.0,,
000000001062839361,12F MPO(2F-2F) G657A1 3D YL OFNP 8M,Unclassified,MPO_Group,999.0,10.0,,
000000001062839362,12F MPO(2F-2F) G657A1 3D YL OFNP 8.5M,Unclassified,MPO_Group,999.0,10.0,,
000000001062839364,12F MPO(2F-2F) G657A1 3D YL OFNP 9.5M,Unclassified,MPO_Group,999.0,10.0,,
000000001062839365,12F MPO(2F-2F) G657A1 3D YL OFNP 10M,Unclassified,MPO_Group,999.0,10.0,,
000000001062839367,12F MPO(2F-2F) G657A1 3D YL OFNP 11M,Unclassified,MPO_Group,999.0,10.0,,
000000001062839368,12F MPO(2F-2F) G657A1 3D YL OFNP 11.5M,Unclassified,MPO_Group,999.0,10.0,,
000000001062839370,12F MPO(2F-2F) G657A1 3D YL OFNP 12.5M,Unclassified,MPO_Group,999.0,10.0,,
000000001062839371,12F MPO(2F-2F) G657A1 3D YL OFNP 13M,Unclassified,MPO_Group,999.0,10.0,,
000000001062839373,12F MPO(2F-2F) G657A1 3D YL OFNP 14M,Unclassified,MPO_Group,999.0,10.0,,
000000001062841002,MOLEX CXP 24F OM4 ASSY OFNP 2.0m,Unclassified,Other,999.0,999.0,,
000000001062850429,"MTP(F)/APC - EBO LCH LAUNCH CBL,SM,2m",Unclassified,MTP_Group,999.0,11.0,,
000000001062850431,"MMC(M)/APCSr-MTP(F)/APC LNCH,16F,SM,1.5m",Unclassified,MTP_Group,999.0,11.0,,
000000001062910011,"1X3HOUS RECP- MICROFIT(2),5XLC JPR,3M",Jumpers,Other,65.0,999.0,,
000000001062910014,"1X3HOUS CONN- MICROFIT(2),5XLC JPR,27m",Jumpers,Other,65.0,999.0,,
000000001062920100,"MMC-16 Jr CN KIT, SME, GRN, RIBBON",Accessories,MMC_Group,85.0,12.0,,
000000001062920111,"HOUSING, 16F EBO MPO Conn (USC ver)",Accessories,MPO_Group,85.0,10.0,,
000000001062920112,"COVER, EBO PUSH-PULL CONN (V.USC)",Unclassified,EBO_Group,999.0,20.0,,
000000001062920117,"HOUSING, EBO PUSH-PULL CONN, DK (V.USC)",Accessories,EBO_Group,85.0,20.0,,
000000001062920122,"PULL-SLV, EBO PUSH-PULL, DK, GREEN -USC",Unclassified,EBO_Group,999.0,20.0,,
000000001062920131,"COMPRESSION SPRING, MTP (USC ver)<ZY>",Unclassified,MTP_Group,999.0,11.0,,
000000001062920140,"EBO PUSH-PULL CONN KIT, DUAL-KEY, -USC",Accessories,EBO_Group,85.0,20.0,,
000000001062920201,"MMC 4-Position Sr/Jr Ad, GRN,No Flng<ZY>",Unclassified,MMC_Group,999.0,12.0,,
000000001062920202,"DUST PLUG, MMC/MDC ADAPTER<ZY>",Adapters,MMC_Group,30.0,12.0,,
000000001062920230,"MMC(F) LoopBack Assy,16F,SM",Loopback_Group,MMC_Group,40.0,12.0,,
000000001062920240,"MMC(M) LoopBack Assy,16F,SM",Loopback_Group,MMC_Group,40.0,12.0,,
000000001062920305,"MMC(F) Sr-MMC(F) Sr JPR,16F,SM,PLNM,5m",Jumpers,MMC_Group,65.0,12.0,,
000000001062920401,"MMC(F) Sr - MPO(F) JPR,16F,SM,PLNM,1m",Jumpers,MPO_Group,65.0,10.0,,
000000001062920403,"MMC(F) Sr - MPO(F) JPR,16F,SM,PLNM,3m",Jumpers,MPO_Group,65.0,10.0,,
000000001062920405,"MMC(F) Sr - MPO(F) JPR,16F,SM,PLNM,5m",Jumpers,MPO_Group,65.0,10.0,,
000000001062920501,"MMC(F) Sr-2x MPO(F) JPR,16F,SM,PLNM,1m",Jumpers,MPO_Group,65.0,10.0,,
000000001062920503,"MMC(F) Sr-2x MPO(F) JPR,16F,SM,PLNM,3m",Jumpers,MPO_Group,65.0,10.0,,
000000001062920505,"MMC(F) Sr-2x MPO(F) JPR,16F,SM,PLNM,5m",Jumpers,MPO_Group,65.0,10.0,,
000000001062920801,"MMC(M) Sr-2x MPO(F) JPR,16F,SM,PLNM,1m",Jumpers,MPO_Group,65.0,10.0,,
000000001062920805,"MMC(M) Sr-2x MPO(F) JPR,16F,SM,PLNM,5m",Jumpers,MPO_Group,65.0,10.0,,
000000001062921025,MPO-MPO 96F MM Feedthrough Module,Unclassified,MPO_Group,999.0,10.0,,
000000001062921205,"MMC(M) Sr-MMC(F) Sr JPR,16F,SM,PLNM,5m",Jumpers,MMC_Group,65.0,12.0,,
000000001062921305,"MMC(M) Sr - MPO(F) JPR,16F,SM,PLNM,5m",Jumpers,MPO_Group,65.0,10.0,,
000000001062922000,MMC-MMC 576F SM Feedthrough Module,Unclassified,MMC_Group,999.0,12.0,,
000000001062922203,"MMC(F) Sr-2x MPO(F) JPR,16F,SM,PLNM,4m",Jumpers,MPO_Group,65.0,10.0,,
000000001062922700,"MMC(F) Sr-2x MPO8(F) JP,SM,16F,LSZH,4.0m",Unclassified,MMC_Group,999.0,12.0,,
000000001062922701,"MMC(F) Sr-2x MPO8(F) JP,SM,16F,PLNM,4.0m",Unclassified,MMC_Group,999.0,12.0,,
000000001062960600,SC/APC HARDENED ADAPTER,Adapters,Other_Connector_Types,30.0,40.0,,
000000001062960602,"SPX, SMF-A1,PGTL, HDN/SCA, 100FT",Unclassified,Other,999.0,999.0,,
000000001062960603,"SPX, SMF-A1,PGTL, HDN/SCA, 250FT",Unclassified,Other,999.0,999.0,,
000000001062960606,"SPX, SMF-A1,PGTL, HDN/SCA, 50FT",Unclassified,Other,999.0,999.0,,
000000001062960607,"SPX, SMF-A1,PGTL, HDN/SCA, 150FT",Unclassified,Other,999.0,999.0,,
000000001062960608,"SPX, SMF-A1,PGTL, HDN/SCA, 75FT",Unclassified,Other,999.0,999.0,,
000000001062960609,"SPX, SMF-A1,PGTL, HDN/SCA, 300FT",Unclassified,Other,999.0,999.0,,
000000001063590104,"Opt Flat Drop Pgtl, G657A1, Tone, 250FT",Unclassified,Other,999.0,999.0,,
000000001063590111,"Opt Flat Drop Pgtl, G657A1, Tone, 150FT",Unclassified,Other,999.0,999.0,,
000000001063590113,"Opt Flat Drop Pgtl, G657A1, Tone, 350FT",Unclassified,Other,999.0,999.0,,
000000001063590203,"Opt Flat Drop Jmpr,Tone, G657A1, 100FT",Jumpers,Other,65.0,999.0,,
000000001063590204,"Opt Flat Drop Jmpr, Tone, G657A1, 250FT",Jumpers,Other,65.0,999.0,,
000000001063590205,"Opt Flat Drop Jmpr, Tone, G657A1, 300FT",Jumpers,Other,65.0,999.0,,
000000001063590901,4 Port Opt Drop Term Tone G657A1 100FT,Unclassified,Other,999.0,999.0,,
000000001063590902,4 Port Opt Drop Term Tone G657A1 250FT,Unclassified,Other,999.0,999.0,,
000000001063590903,4 Port Opt Drop Term Tone G657A1 500FT,Unclassified,Other,999.0,999.0,,
000000001063590908,8 port Opt Drop Term Tone G657A1 100FT,Unclassified,Other,999.0,999.0,,
000000001063590910,8 port Opt Drop Term Tone G657A1 500FT,Unclassified,Other,999.0,999.0,,
000000001063590915,12 port Opt Drop Term Tone G657A1 100FT,Unclassified,Other,999.0,999.0,,
000000001063590917,12 port Opt Drop Term Tone G657A1 500FT,Unclassified,Other,999.0,999.0,,
000000001063591001,"Mechanical FMC, SC/UPC,SM,250/900um Boot",Unclassified,Other_Connector_Types,999.0,40.0,,
000000001063591002,"Mechanical FMC, SC/APC,SM,250/900um Boot",Unclassified,Other_Connector_Types,999.0,40.0,,
000000001063591003,"Mechanical FMC, SC/UPC, SM, 3.0mm Boot",Unclassified,Other_Connector_Types,999.0,40.0,,
000000001063591004,"Mechanical FMC, SC/APC, SM, 3.0mm Boot",Unclassified,Other_Connector_Types,999.0,40.0,,
000000001063591005,"Mechanical FMC, SC/UPC, SM, 2.0mm Boot",Unclassified,Other_Connector_Types,999.0,40.0,,
000000001063591006,"Mechanical FMC, SC/APC, SM, 2.0mm Boot",Unclassified,Other_Connector_Types,999.0,40.0,,
000000001063591505,48FSM ETLT Micro 5.2mm OD 5K ft,Unclassified,Other,999.0,999.0,,
000000001063591510,48-ETLT-GEL-SJ/NA-250u-MD-05.2OD-10K,Unclassified,Other,999.0,999.0,,
000000001063591520,48-ETLT-GEL-SJ/NA-250u-MD-05.2OD-20K,Unclassified,Other,999.0,999.0,,
000000001063591805,144FSM ETLT Micro 7.8mm OD 5K ft,Unclassified,Other,999.0,999.0,,
000000001063591810,144-ETLT-GEL-SJ/NA-250u-MD-07.8OD-10K,Unclassified,Other,999.0,999.0,,
000000001063591820,144-ETLT-GEL-SJ/NA-250u-MD-07.8OD-20K,Unclassified,Other,999.0,999.0,,
000000001063591920,288-ETLT-GEL-SJ/NA-250u-MD-09.3OD-20K,Unclassified,Other,999.0,999.0,,
000000001063592310,24-LT-DRY-SJ/SA-250u-GP-10K,Unclassified,Other,999.0,999.0,,
000000001063592320,24-LT-DRY-SJ/SA-250u-GP-20K,Unclassified,Other,999.0,999.0,,
000000001063592510,48-LT-DRY-SJ/SA-250u-GP-10K,Unclassified,Other,999.0,999.0,,
000000001063592520,48-LT-DRY-SJ/SA-250u-GP-20K,Unclassified,Other,999.0,999.0,,
000000001063596210,4-CT-DRY-DJ/SA-900U-GP-10K,Unclassified,Other,999.0,999.0,,
000000001063598220,48-ETLT-GEL-SJ/NA-250u-MD-05.3OD-TW-20K,Unclassified,Other,999.0,999.0,,
000000001063598520,144-ETLT-GEL-SJ/NA-250u-MD-08.4OD-TW-20K,Unclassified,Other,999.0,999.0,,
000000001063721301,"LC2+ SEALED CONN, 126um, SM",Unclassified,Other,999.0,999.0,,
000000001063721500,"LC2+ SIMPLEX SEALED CONN, 127um, MM",Unclassified,Other,999.0,999.0,,
000000001063722301,"LC2+ DUPLEX SEALED CONN, 126um, SM",Unclassified,Other,999.0,999.0,,
000000001063722500,"DUPLEX LC2+ SEALED CONN, 127um, MM",Unclassified,Other,999.0,999.0,,
000000001063870104,"LumaCore TERMINUS ASSY, STD, 126um SM",Unclassified,Other,999.0,999.0,,
000000001063870142,"LumaCore TERMINUS ASSY, STD, 127um MM",Unclassified,Other,999.0,999.0,,
000000001063971051,"DUPLEX CLIP, LC2 PLUS",Unclassified,Other,999.0,999.0,,
000000001063971302,LC2+ CONN  SM 125.5  2mm STRAIGHT BOOT,Unclassified,Other,999.0,999.0,,
000000001063971304,LC2+ CONN  SM 126  2mm STRAIGHT BOOT,Unclassified,Other,999.0,999.0,,
000000001063971502,"LC2+ CONN, MM 127.0, 2.0mm STRAIGHT BOOT",Unclassified,Other,999.0,999.0,,
000000001063971562,"LC2+ CONN, MM 127, 2mm 90 DEGREE BOOT",Unclassified,Other,999.0,999.0,,
000000001063971862,"LC2+ DUP CONN, MM 127, 2mm 90 DEG BOOT",Unclassified,Other,999.0,999.0,,
000000001063971902,LC2+ CONN  SM 125.5  BARE FIBER BOOT,Unclassified,Other,999.0,999.0,,
000000001063972402,"LC2+ DUPLEX CONN, MM 127, BARE FIBER BOO",Unclassified,Other,999.0,999.0,,
000000001063972410,"CONNECTOR HEAD, LC2 PLUS",Unclassified,Other,999.0,999.0,,
000000001063973000,LC2+ DUPLEX_CONNECTOR  1.6 & 2.0MM BOOT,Unclassified,Other,999.0,999.0,,
000000001063973010,"LC2+ DUPLEX_CONNECTOR, 1.6 & 2.0MM BOOT",Unclassified,Other,999.0,999.0,,
000000001063975301,"LC2+ HIGH TEMP CONN, 126um, SM",Unclassified,Other,999.0,999.0,,
000000001063975321,"LC2+ DUPLEX HIGH TEMP CONN, 126um, SM",Unclassified,Other,999.0,999.0,,
000000001063975500,"LC2+ SIMPLEX HIGH TEMP CONN, 127um, MM",Unclassified,Other,999.0,999.0,,
000000001063975520,"LC2+ DUPLEX HIGH TEMP CONN, 127um, MM",Unclassified,Other,999.0,999.0,,
000000001064060267,"2X (2X12) PRIZM MT - 4X VB POD,RIBB ASSY",Unclassified,Other,999.0,999.0,,
000000001064060376,"FLX, MT, 50um OM3, PA R8S1FA",Unclassified,Other,999.0,999.0,,
000000001064060441,"Crimp Body, Rack Mount Eclosure",Unclassified,Other,999.0,999.0,,
000000001064060478,"8XMT16 - 8XMT16 FLEXPLANE, FRONTHAUL",Harness_Tether,Other,75.0,999.0,,
000000001064060479,"8XMT16 - 8XMT16 FLEXPLANE, OM4 MM",Harness_Tether,Other,75.0,999.0,,
000000001064107000,QDD 400G BIDI 100m C CIS 16127,Unclassified,Other,999.0,999.0,,
000000001064107031,"PCBA, QSFP MOCKUP 400G, BD",Unclassified,Transceiver_Rating,999.0,50.0,,
000000001064133020,"HDMI 2.0 ACTIVE OPTICAL CABLE, 20m",Unclassified,Other,999.0,999.0,,
000000001064133030,"HDMI 2.0 ACTIVE OPTICAL CABLE, 30m",Unclassified,Other,999.0,999.0,,
000000001064134005,"USB 3.1TYPE A,ACTIVE OPTICAL CBL,M-M, 5m",Unclassified,Other,999.0,999.0,,
000000001064134010,"USB 3.1TYPE A,ACTIVE OPTICAL CBL,M-M,10m",Unclassified,Other,999.0,999.0,,
000000001064134405,"USB 3.1 AOC,TYPE-A TO TYPE-C,CBL,M-M,5m",Unclassified,Transceiver_Rating,999.0,50.0,,
000000001064134410,"USB 3.1 AOC,TYPE-A TO TYPE-C,CBL,M-M,10m",Unclassified,Transceiver_Rating,999.0,50.0,,
000000001064134616,"HDMI 2.0,Nckl Source,w/MPO&Nano,1.84M",Unclassified,MPO_Group,999.0,10.0,,
000000001064134617,"HDMI 2.0,Nckl Display,w/MPO&Nano,3.15M",Unclassified,MPO_Group,999.0,10.0,,
000000001064134620,"HDMI 2.0,Nckl Source-Display Jmpr,6M",Jumpers,Other,65.0,999.0,,
000000001064134622,"HDMI 2.0,Nckl Source Pigtail 3M",Pigtails,Other,10.0,999.0,,
000000001064152101,"IPASS+ HD, Mini SAS SERIES, AOC, 1m",Unclassified,Transceiver_Rating,999.0,50.0,,
000000001064152103,"IPASS+ HD, Mini SAS SERIES, AOC, 3m",Unclassified,Transceiver_Rating,999.0,50.0,,
000000001064152104,"IPASS+ HD, Mini SAS SERIES, AOC, 4m",Unclassified,Transceiver_Rating,999.0,50.0,,
000000001064152105,"IPASS+ HD, Mini SAS SERIES, AOC, 5m",Unclassified,Transceiver_Rating,999.0,50.0,,
000000001064152106,"IPASS+ HD, Mini SAS SERIES, AOC, 6m",Unclassified,Transceiver_Rating,999.0,50.0,,
000000001064152107,"IPASS+ HD, Mini SAS SERIES, AOC, 7m",Unclassified,Transceiver_Rating,999.0,50.0,,
000000001064152110,"IPASS+ HD, Mini SAS SERIES, AOC, 10m",Unclassified,Transceiver_Rating,999.0,50.0,,
000000001064152120,"IPASS+ HD, Mini SAS SERIES, AOC, 20m",Unclassified,Transceiver_Rating,999.0,50.0,,
000000001064152130,"IPASS+ HD, Mini SAS SERIES, AOC, 30m",Unclassified,Transceiver_Rating,999.0,50.0,,
000000001064152150,"IPASS+ HD, Mini SAS SERIES, AOC, 50m",Unclassified,Transceiver_Rating,999.0,50.0,,
000000001064152199,"IPASS+ HD, Mini SAS SERIES, AOC, 100m",Unclassified,Transceiver_Rating,999.0,50.0,,
000000001064152303,"IPASS+ HD, Mini SAS SERIES, AOC, 3m",Unclassified,Transceiver_Rating,999.0,50.0,,
000000001064152306,"IPASS+ HD, Mini SAS SERIES, AOC, 6m",Unclassified,Transceiver_Rating,999.0,50.0,,
000000001064152320,"IPASS+ HD, Mini SAS SERIES, AOC, 20m",Unclassified,Transceiver_Rating,999.0,50.0,,
000000001064152406,"IPASS+ HD, Mini SAS SERIES, AOC, 6m",Unclassified,Transceiver_Rating,999.0,50.0,,
000000001064152414,"IPASS+ HD, Mini SAS SERIES, AOC, 4m",Unclassified,Transceiver_Rating,999.0,50.0,,
000000001064156015,"MINI SAS HD - MINI SAS HD, AOC, 15m",Unclassified,Transceiver_Rating,999.0,50.0,,
000000001064156030,"MINI SAS HD - MINI SAS HD, AOC, 30m",Unclassified,Transceiver_Rating,999.0,50.0,,
000000001064156123,"MiniSAS HD -4x LCD ACTIVE OPT CBL,MM, 5m",Unclassified,LC_Variants,999.0,31.0,,
000000001064156124,"MiniSAS HD -4x LCD ACTIVE OPT CBL,MM,30m",Unclassified,LC_Variants,999.0,31.0,,
000000001064158110,"713533-003 CA,MSAS HD,EXT,OPT,4-LANE,10M",Unclassified,Other,999.0,999.0,,
000000001064158125,"713533-004 CA,MSAS HD,EXT,OPT,4-LANE,25M",Unclassified,Other,999.0,999.0,,
000000001064220140,"TRAY, 100 POCKET, US CONEC 23476",Unclassified,Other,999.0,999.0,,
000000001064271003,"QSFP28 100G CWDM4, 2km",Unclassified,Transceiver_Rating,999.0,50.0,,
000000001064271020,"QSFP28 CWDM4, TRX 2KM",Unclassified,Transceiver_Rating,999.0,50.0,,
000000001064271021,"QSFP28 CWDM4, TRX 10km",Unclassified,Transceiver_Rating,999.0,50.0,,
000000001064271022,"QSFP28 CWDM4, TRX 2KM",Unclassified,Transceiver_Rating,999.0,50.0,,
000000001064271023,"QSFP28 CWDM4, TRX 10km",Unclassified,Transceiver_Rating,999.0,50.0,,
000000001064271101,"QSFP 40G LR4, TRX 10km",Unclassified,Transceiver_Rating,999.0,50.0,,
000000001064271102,"QSFP 40G LR4, TRX 10km",Unclassified,Transceiver_Rating,999.0,50.0,,
000000001064271202,"QSFP+ 40G PSM4, TRX",Unclassified,Transceiver_Rating,999.0,50.0,,
000000001064271204,"QSFP+ 40G PsM4, TRX",Unclassified,Transceiver_Rating,999.0,50.0,,
000000001064271205,QSFP28 100G PSM4 1.8m LC pigtail,Pigtails,LC_Variants,10.0,32.0,,
000000001064271206,QSFP28 100G PSM4 2.7 LC pigtail,Pigtails,LC_Variants,10.0,32.0,,
000000001064271207,QSFP28 100G PSM4 1.8m LC pigtail,Pigtails,LC_Variants,10.0,32.0,,
000000001064271208,QSFP28 100G PSM4 2.7m LC pigtail,Pigtails,LC_Variants,10.0,32.0,,
000000001064271214,QSFP28 100G/40G PSM4 TRX 10km,Unclassified,Transceiver_Rating,999.0,50.0,,
000000001064271230,"QSFP28 100G PSM4, 10km",Unclassified,Transceiver_Rating,999.0,50.0,,
000000001064271231,100G QSFP28 PSM4 10km C JUL 16217,Unclassified,Transceiver_Rating,999.0,50.0,,
000000001064271301,QSFP28 100G PSM4 – MPO JPR SM 1m,Jumpers,MPO_Group,65.0,10.0,,
000000001064271302,QSFP28 100G PSM4  MPO JPR SM 2m,Jumpers,MPO_Group,65.0,10.0,,
000000001064271303,QSFP28 100G PSM4  MPO JPR SM 3m,Jumpers,MPO_Group,65.0,10.0,,
000000001064271304,QSFP28 100G PSM4  MPO JPR SM 4m,Jumpers,MPO_Group,65.0,10.0,,
000000001064271305,QSFP28 100G PSM4 – MPO JPR SM 5m,Jumpers,MPO_Group,65.0,10.0,,
000000001064271306,QSFP28 100G PSM4  MPO JPR SM 6m,Jumpers,MPO_Group,65.0,10.0,,
000000001064271307,QSFP28 100G PSM4  MPO JPR SM 7m,Jumpers,MPO_Group,65.0,10.0,,
000000001064271308,QSFP28 100G PSM4  MPO JPR SM 8m,Jumpers,MPO_Group,65.0,10.0,,
000000001064271309,QSFP28 100G PSM4  MPO JPR SM 9m,Jumpers,MPO_Group,65.0,10.0,,
000000001064271310,QSFP28 100G PSM4 – MPO JPR SM 10m,Jumpers,MPO_Group,65.0,10.0,,
000000001064271311,QSFP28 100G PSM4 – MPO JPR SM 11m,Jumpers,MPO_Group,65.0,10.0,,
000000001064271312,QSFP28 100G PSM4 – MPO JPR SM 12m,Jumpers,MPO_Group,65.0,10.0,,
000000001064271313,QSFP28 100G PSM4 – MPO JPR SM 13m,Jumpers,MPO_Group,65.0,10.0,,
000000001064271314,QSFP28 100G PSM4 – MPO JPR SM 14m,Jumpers,MPO_Group,65.0,10.0,,
000000001064271315,QSFP28 100G PSM4 – MPO JPR SM 15m,Jumpers,MPO_Group,65.0,10.0,,
000000001064271316,QSFP28 100G PSM4 – MPO JPR SM 16m,Jumpers,MPO_Group,65.0,10.0,,
000000001064271317,QSFP28 100G PSM4 – MPO JPR SM 17m,Jumpers,MPO_Group,65.0,10.0,,
000000001064271318,QSFP28 100G PSM4 – MPO JPR SM 18m,Jumpers,MPO_Group,65.0,10.0,,
000000001064271319,QSFP28 100G PSM4 – MPO JPR SM 19m,Jumpers,MPO_Group,65.0,10.0,,
000000001064271320,QSFP28 100G PSM4 – MPO JPR SM 20m,Jumpers,MPO_Group,65.0,10.0,,
000000001064271322,QSFP28 100G PSM4 – MPO JPR SM 22m,Jumpers,MPO_Group,65.0,10.0,,
000000001064271324,QSFP28 100G PSM4 – MPO JPR SM 24m,Jumpers,MPO_Group,65.0,10.0,,
000000001064271326,QSFP28 100G PSM4 – MPO JPR SM 26m,Jumpers,MPO_Group,65.0,10.0,,
000000001064271328,QSFP28 100G PSM4 – MPO JPR SM 28m,Jumpers,MPO_Group,65.0,10.0,,
000000001064271330,QSFP28 100G PSM4 – MPO JPR SM 30m,Jumpers,MPO_Group,65.0,10.0,,
000000001064271375,QSFP28 100G PSM4  MPO JPR SM 1.5m,Jumpers,MPO_Group,65.0,10.0,,
000000001064271385,QSFP28 100G PSM4  MPO JPR SM 2.5m,Jumpers,MPO_Group,65.0,10.0,,
000000001064273054,LBL-BLANK 25 x 13 MM,Unclassified,Other,999.0,999.0,,
000000001064273510,"QSFP28 100G-DR, 1310nm, 500m",Unclassified,Transceiver_Rating,999.0,50.0,,
000000001064273607,"QSFP28 100G-DR1+ TRX, 1310nm, 2km AWS",Unclassified,Transceiver_Rating,999.0,50.0,,
000000001064273610,"QSFP28 100G-FR1, 1310nm, 2km",Unclassified,Transceiver_Rating,999.0,50.0,,
000000001064273611,"QSFP28 100G-DR1+, 1310nm, 2km, G2",Unclassified,Transceiver_Rating,999.0,50.0,,
000000001064273615,"QSFP28 100G-DR1+, 1310nm, 2km, G2",Unclassified,Transceiver_Rating,999.0,50.0,,
000000001064273616,"QSFP28 100G-DR1+, 1310nm, 2km, G2",Unclassified,Transceiver_Rating,999.0,50.0,,
000000001064273620,"QSFP28 100G-FR1, 1310nm, 2km",Unclassified,Transceiver_Rating,999.0,50.0,,
000000001064273710,"QSFP28 100G-LR1, 1310nm, 10km",Unclassified,Transceiver_Rating,999.0,50.0,,
000000001064273714,QSFP28 100G-LR1 1310nm 10km,Unclassified,Transceiver_Rating,999.0,50.0,,
000000001064273715,"QSFP28 100G-LR1,1310nm,10km",Unclassified,Transceiver_Rating,999.0,50.0,,
000000001064280044,"ACTUATOR, OVERMOLD, QSFP-DD FR4, GENERIC",Unclassified,Transceiver_Rating,999.0,50.0,,
000000001064280398,"ACTUATOR, TITAN, MPO, OSFP",Unclassified,MPO_Group,999.0,10.0,,
000000001064280407,"BOTTOM HOUSING, TITAN, MPO, OSFP",Accessories,MPO_Group,85.0,10.0,,
000000001064280408,"TOP HSG WITH HS, FLAT, TITAN, MPO, OSFP",Unclassified,MPO_Group,999.0,10.0,,
000000001064281000,"QSFPDD 400G-DR4 TRX, 1310nm, 500m",Unclassified,Transceiver_Rating,999.0,50.0,,
000000001064281010,QSFP-DD 400G-DR4 1310nm 500m,Unclassified,Transceiver_Rating,999.0,50.0,,
000000001064281030,"QSFP-DD 400G-DR4, 1310nm, 500m",Unclassified,Transceiver_Rating,999.0,50.0,,
000000001064281100,"QSFP-DD 4x100G-FR TRX, 1310nm, 2km",Unclassified,Transceiver_Rating,999.0,50.0,,
000000001064281107,"QSFP-DD 400G-DR4+ TRX, 1310nm, 2km AWS",Unclassified,Transceiver_Rating,999.0,50.0,,
000000001064281110,"QSFP-DD 400G-DR4+, 1310nm, 2km",Unclassified,Transceiver_Rating,999.0,50.0,,
000000001064281111,"QSFP-DD 400G-DR4+, 1310nm, 2km, G2",Unclassified,Transceiver_Rating,999.0,50.0,,
000000001064281115,"QSFP-DD 400G-DR4+,1310nm,2km,G2",Unclassified,Transceiver_Rating,999.0,50.0,,
000000001064281130,"QSFP-DD 400G-DR4+, 1310nm, 2km",Unclassified,Transceiver_Rating,999.0,50.0,,
000000001064281132,"QSFP-DD 400G-DR4+, 1310nm, 2km, BRCM, G3",Unclassified,Transceiver_Rating,999.0,50.0,,
000000001064281133,"QSFP-DD 400G-DR4+, 1310nm, 2km, SEI, G3",Unclassified,Transceiver_Rating,999.0,50.0,,
000000001064281134,"QSFP-DD 400G-DR4+, 1310nm, 2km, G3",Unclassified,Transceiver_Rating,999.0,50.0,,
000000001064281135,"QSFP-DD 400G-DR4+, 1310nm, 2km, G3",Unclassified,Transceiver_Rating,999.0,50.0,,
000000001064281136,"QSFP-DD 400G-DR4+, 1310nm, 2km, COHR, G3",Unclassified,Transceiver_Rating,999.0,50.0,,
000000001064281401,"QSFP-DD 400G-DR4+ MPO JPR SM, 1m",Jumpers,MPO_Group,65.0,10.0,,
000000001064281402,"QSFP-DD 400G-DR4+ MPO JPR SM, 2m",Jumpers,MPO_Group,65.0,10.0,,
000000001064281403,"QSFP-DD 400G-DR4+ MPO JPR SM, 3m",Jumpers,MPO_Group,65.0,10.0,,
000000001064281404,"QSFP-DD 400G-DR4+ MPO JPR SM, 4m",Jumpers,MPO_Group,65.0,10.0,,
000000001064281405,"QSFP-DD 400G-DR4+ MPO JPR SM, 5m",Jumpers,MPO_Group,65.0,10.0,,
000000001064281406,"QSFP-DD 400G-DR4+ MPO JPR SM, 6m",Jumpers,MPO_Group,65.0,10.0,,
000000001064281407,"QSFP-DD 400G-DR4+ MPO JPR SM, 7m",Jumpers,MPO_Group,65.0,10.0,,
000000001064281408,"QSFP-DD 400G-DR4+ MPO JPR SM, 8m",Jumpers,MPO_Group,65.0,10.0,,
000000001064281409,"QSFP-DD 400G-DR4+ MPO JPR SM, 9m",Jumpers,MPO_Group,65.0,10.0,,
000000001064281410,"QSFP-DD 400G-DR4+ MPO JPR SM, 10m",Jumpers,MPO_Group,65.0,10.0,,
000000001064281411,"QSFP-DD 400G-DR4+ MPO JPR SM, 11m",Jumpers,MPO_Group,65.0,10.0,,
000000001064281412,"QSFP-DD 400G-DR4+ MPO JPR SM, 12m",Jumpers,MPO_Group,65.0,10.0,,
000000001064281413,"QSFP-DD 400G-DR4+ MPO JPR SM, 13m",Jumpers,MPO_Group,65.0,10.0,,
000000001064281414,"QSFP-DD 400G-DR4+ MPO JPR SM, 14m",Jumpers,MPO_Group,65.0,10.0,,
000000001064281415,"QSFP-DD 400G-DR4+ MPO JPR SM, 15m",Jumpers,MPO_Group,65.0,10.0,,
000000001064281416,"QSFP-DD 400G-DR4+ MPO JPR SM, 16m",Jumpers,MPO_Group,65.0,10.0,,
000000001064281417,"QSFP-DD 400G-DR4+ MPO JPR SM, 17m",Jumpers,MPO_Group,65.0,10.0,,
000000001064281418,"QSFP-DD 400G-DR4+ MPO JPR SM, 18m",Jumpers,MPO_Group,65.0,10.0,,
000000001064281419,"QSFP-DD 400G-DR4+ MPO JPR SM, 19m",Jumpers,MPO_Group,65.0,10.0,,
000000001064281420,"QSFP-DD 400G-DR4+ MPO JPR SM, 20m",Jumpers,MPO_Group,65.0,10.0,,
000000001064281422,"QSFP-DD 400G-DR4+ MPO JPR SM, 22m",Jumpers,MPO_Group,65.0,10.0,,
000000001064281424,"QSFP-DD 400G-DR4+ MPO JPR SM, 24m",Jumpers,MPO_Group,65.0,10.0,,
000000001064281426,"QSFP-DD 400G-DR4+ MPO JPR SM, 26m",Jumpers,MPO_Group,65.0,10.0,,
000000001064281428,"QSFP-DD 400G-DR4+ MPO JPR SM, 28m",Jumpers,MPO_Group,65.0,10.0,,
000000001064281430,"QSFP-DD 400G-DR4+ MPO JPR SM, 30m",Jumpers,MPO_Group,65.0,10.0,,
000000001064281431,"QSFP-DD 400G-DR4+ MPO JPR SM, 1.5m",Jumpers,MPO_Group,65.0,10.0,,
000000001064281432,"QSFP-DD 400G-DR4+ MPO JPR SM, 2.5m",Jumpers,MPO_Group,65.0,10.0,,
000000001064281600,QSFP-DD 400G-DR4+ 1310nm 2km,Unclassified,Transceiver_Rating,999.0,50.0,,
000000001064281603,"QSFP-DD 400G-DR4+ MPO JPR SM, 3m",Jumpers,MPO_Group,65.0,10.0,,
000000001064281604,"QSFP-DD 400G-DR4+ MPO JPR SM, 4m",Jumpers,MPO_Group,65.0,10.0,,
000000001064282000,"QSFP-DD 400G-FR4, CWDM, 2km",Unclassified,Transceiver_Rating,999.0,50.0,,
000000001064282100,"QSFP-DD 400G-LR4, CWDM, 10km",Unclassified,Transceiver_Rating,999.0,50.0,,
000000001064282104,QSFP-DD 400G-LR4 CWDM 10km Ethernet,Unclassified,Transceiver_Rating,999.0,50.0,,
000000001064282105,"QSFP-DD 400G-LR4, CWDM, 10km",Unclassified,Transceiver_Rating,999.0,50.0,,
000000001064282106,"QSFP-DD 400G-LR4, CWDM, 10km",Unclassified,Transceiver_Rating,999.0,50.0,,
000000001064282107,QSFP-DD 400G-LR4 CWDM 10km,Unclassified,Transceiver_Rating,999.0,50.0,,
000000001064283101,QSFP-DD 400G-DR4+ 1310nm 2km G3,Unclassified,Transceiver_Rating,999.0,50.0,,
000000001064283102,QSFP-DD 400G-DR4+ 1310nm 2km G3,Unclassified,Transceiver_Rating,999.0,50.0,,
000000001064283103,QSFP-DD 400G-DR4+ 1310nm 2km G3,Unclassified,Transceiver_Rating,999.0,50.0,,
000000001064286000,"OSFP 800G-DR8, 1310nm, 500m",Unclassified,Transceiver_Rating,999.0,50.0,,
000000001064286100,"OSFP 2x400G-FR4 , CWDM, 2km",Unclassified,Transceiver_Rating,999.0,50.0,,
000000001064286107,OSFP 2x400G-FR4 2km TJ+SEDI Int Dmx,Unclassified,Other_MultiFiber,999.0,15.0,,
000000001064286201,OSFP 800G-DR8+ 1310nm 2km GF+FK,Unclassified,Transceiver_Rating,999.0,50.0,,
000000001064286202,OSFP 800G-DR8+ 1310nm 2km GF+SEDI,Unclassified,Transceiver_Rating,999.0,50.0,,
000000001064286205,OSFP 800G-DR8+ 1310nm 2km GF+BRCM,Unclassified,Transceiver_Rating,999.0,50.0,,
000000001064800100,1U Rack Mount for 3 LGX Cassette,Unclassified,Other,999.0,999.0,,
000000001064800102,3U Rack Mount for 12 LGX Cassette,Unclassified,Other,999.0,999.0,,
000000001064800116,6U SFL ENCL LQC BK AL w/336 MPO ADP,Adapters,MPO_Group,30.0,10.0,,
000000001064800207,4U ENCL LQC WH AL 27LRD SLT #C48,Unclassified,Other,999.0,999.0,,
000000001064800229,3RU SFL ENCL LQC BK AL 19INCH #C48,Unclassified,Other,999.0,999.0,,
000000001064810117,PLA LGX CST SM SFL 8x8-16FMPO(M-F) 0.5M,Unclassified,Other,999.0,999.0,,
000000001064810118,PLA LGX CST SM SFL 8x8-16FMPO(M-F) 1.0M,Unclassified,Other,999.0,999.0,,
000000001064810119,PLA LGX CST SM SFL 8x8-16FMPO(M-F) 1.5M,Unclassified,Other,999.0,999.0,,
000000001064810137,(LGX) Metal Panel w/6X LC Quad Blue Ad,Unclassified,LC_Variants,999.0,30.0,,
000000001064810206,FRU CST SM 8(2x2) MPO 8(M)-APC POL A#C48,Unclassified,MPO_Group,999.0,10.0,,
000000001064810207,FRU CST SM 8(2x2) MPO8(M)-APC POL B #C48,Unclassified,Other,999.0,999.0,,
000000001064810208,FRU CST MM 8(2x2) MPO 8(M)-APC POL A#C48,Unclassified,MPO_Group,999.0,10.0,,
000000001064810209,FRU CST MM 8(2x2) MPO8(M)-APC POL B #C48,Unclassified,Other,999.0,999.0,,
000000001064840016,PAH PNL ASSY LQC BK SECC 1U w/144 LC ADP,Adapters,LC_Variants,30.0,32.0,,
000000001064890214,MDU TRY BSE HLF NCR SUS 1U FDP TYP-1,Unclassified,Other,999.0,999.0,,
000000001064890215,MDU TRY OPT PLT NCR SUS 1U FDP TYP-1,Unclassified,Other,999.0,999.0,,
000000001064890216,MDU TRY ADP PNL NCR SUS 1U FDP TYP-1,Adapters,Other,30.0,999.0,,
000000001064890217,MDU TRAY FXP COV APP SV AL 1U FDP TYP-1,Unclassified,Other,999.0,999.0,,
000000001064890218,MDU TRAY FXP BSE APP SV AL 1U FDP TYP-1,Unclassified,Other,999.0,999.0,,
000000001064890227,MDU TRY ADP PNL NCR SUS 1U FDP TYP-3,Adapters,Other,30.0,999.0,,
000000001064890228,MDU TRY FXP COV AAP AL 1U FDP TYP-3,Unclassified,Other,999.0,999.0,,
000000001064890229,MDU TRY FXP BSE AAP AL 1U FDP TYP-3,Unclassified,Other,999.0,999.0,,
000000001064890230,HEX NUT NCR SUS M3x23,Unclassified,Other,999.0,999.0,,
000000001065010019,SIMPLIFIED SEALED SFP ADAPTER ASSEMBLY,Adapters,Transceiver_Rating,30.0,50.0,,
000000001065010022,"O-RING AS-568B-119, ID .924 W .103",Unclassified,Other,999.0,999.0,,
000000001066000014,"LENS PLATE 12FIBERS;COLLIMATED MM,0.9DIA",Unclassified,Other,999.0,999.0,,
000000001066000222,"LENS PLATE 10F, COL MM, LPBK MIRROR, .9",Unclassified,Other,999.0,999.0,,
000000001066000502,"Lens Plt,12F,Col MM,0.9mm,Coated,K22R",Unclassified,Other,999.0,999.0,,
000000001066000506,"Lens Plt 10F,ColMM,LpbkMir,0.9,Coat,K22R",Unclassified,Other,999.0,999.0,,
000000001066000508,"Lens Plt 12F,ColMM,LpbkFoc,0.9,Coat,K22R",Unclassified,Other,999.0,999.0,,
000000001066009998,"OPLINK COB DEVELOPMENT, NRE PN",Unclassified,Other,999.0,999.0,,
000000001066009999,"ULTRACOMM ASSEMBLIES, GENERAL, NRE PN",Unclassified,Other,999.0,999.0,,
000000001067000001,"MX1A0016L6D03-005M_16F, MMC-2MPO SM 005m",Unclassified,MMC_Group,999.0,12.0,,
000000001067000002,"MX1A0144C6G13-105M_144F,MMC-MPO SM 105m",Unclassified,MPO_Group,999.0,10.0,,
000000001067000003,"MX1A0016L6D10-015M_16F, MMC-8LCD SM 015m",Unclassified,MMC_Group,999.0,12.0,,
000000001067000005,"MX1A0008R6D28-3.0M_8F, MMC-4LCD SM 3.0m",Unclassified,MMC_Group,999.0,12.0,,
000000001067000006,"MX1A0064L6D04-015M_64F, MMC-MPO SM 015m",Unclassified,MPO_Group,999.0,10.0,,
000000001067000007,"MX1A0064L6D04-016M_64F, MMC-MPO SM 016m",Unclassified,MPO_Group,999.0,10.0,,
000000001067000008,"MX1A0144C6G13-065M_144F,MMC-MPO SM 065m",Unclassified,MPO_Group,999.0,10.0,,
000000001067000009,"MX1A0144C6G13-075M_144F,MMC-MPO SM 075m",Unclassified,MPO_Group,999.0,10.0,,
000000001067330002,"MX1A0016L6D10-004M_16F, MMC-8LCD SM 4m",Unclassified,MMC_Group,999.0,12.0,,
000000001067330003,"MX1A0016L6D10-011M_16F, MMC-8LCD SM 11m",Unclassified,MMC_Group,999.0,12.0,,
000000001067330004,"MX1A0016L6D10-012M_16F, MMC-8LCD SM 12m",Unclassified,MMC_Group,999.0,12.0,,
000000001067330005,"MX1A0016L6D10-013M_16F, MMC-8LCD SM 13m",Unclassified,MMC_Group,999.0,12.0,,
000000001067330006,"MX1A0016L6D10-014M_16F, MMC-8LCD SM 14m",Unclassified,MMC_Group,999.0,12.0,,
000000001067330007,"MX1A0016L6D03-004M_16F, MMC-2MPO SM 4m",Unclassified,MMC_Group,999.0,12.0,,
000000001067330008,"MX1A0064L6D04-011M_64F, MMC-MPO SM 11m",Unclassified,MPO_Group,999.0,10.0,,
000000001067330009,"MX1A0064L6D04-012M_64F, MMC-MPO SM 12m",Unclassified,MPO_Group,999.0,10.0,,
000000001067330010,"MX1A0064L6D04-013M_64F, MMC-MPO SM 13m",Unclassified,MPO_Group,999.0,10.0,,
000000001067330011,"MX1A0064L6D04-014M_64F, MMC-MPO SM 14m",Unclassified,MPO_Group,999.0,10.0,,
000000001067330014,"MX1A0072C6C64-085M_72F, MPO-MPO SM 85m",Unclassified,MPO_Group,999.0,10.0,,
000000001067330015,"MX1A0072C6C64-090M_72F, MPO-MPO SM 90m",Unclassified,MPO_Group,999.0,10.0,,
000000001067330016,"MX1A0072C6C64-095M_72F, MPO-MPO SM 95m",Unclassified,MPO_Group,999.0,10.0,,
000000001067330017,MX1A0144C6G13-045M_144F SM MMC-MPO 45m,Unclassified,MPO_Group,999.0,10.0,,
000000001067330021,"MX1A0064R6C04-015M_64F, MMC-MPO SM 015m",Unclassified,MPO_Group,999.0,10.0,,
000000001067330022,"MX1A0072L6C64-085M_72F, MPO-MPO SM 085m",Unclassified,MPO_Group,999.0,10.0,,
000000001067330023,"MX1A0288L6C02-246M_288F,MMC-MMC SM 246m",Unclassified,MMC_Group,999.0,12.0,,
000000001067330024,"MX1A0072L6C64-090M_72F, MPO-MPO SM 090m",Unclassified,MPO_Group,999.0,10.0,,
000000001069101753,"12F RND CBL,SM G657A1,3mm,PLN,YELL<ZY>",Unclassified,Other,999.0,999.0,,
000000001069101792,"12F RND CBL,MM50 OM4,3mm,PLNM,AQUA<ZY>",Unclassified,Other,999.0,999.0,,
000000001069101818,"48F RND CBL,OM3 BIF,4.0mm,LSZH,RSR,AQUA",Unclassified,Other,999.0,999.0,,
000000001069101879,"FURCATION CABLE, 3.0mm, LSZH, YELLOW",Unclassified,Other,999.0,999.0,,
000000001069101880,"ZIPCORD FURCATION TUBING,2.0mm,LSZH,YELL",Unclassified,Other,999.0,999.0,,
000000001069101906,"24F RND CBL,OM4 BIF,3.0mm,LSZH,RSR,VIOL",Unclassified,Other,999.0,999.0,,
000000001069101911,16F CBL OM3 BIF 3.0mm LSZH RSR AQUA<ZY>,Unclassified,Other,999.0,999.0,,
000000001069101915,16F CABLE MM50 OM3 BIF 3.0mm PLENUM AQUA,Unclassified,Other,999.0,999.0,,
000000001069101917,16F CABLE SM G657A2/B2 3.0mm PLENUM YELL,Unclassified,Other,999.0,999.0,,
000000001069101919,32F CABLE SM BIF 3.8mm PLENUM YELLOW,Unclassified,Other,999.0,999.0,,
000000001069101927,"3.0mm FURCATION CBL,1.8mm ID,BLACK",Unclassified,Other,999.0,999.0,,
000000001069101940,"FURCATION TUBING,6.6/5.1mm,LSZH,AQUA",Unclassified,Other,999.0,999.0,,
000000001069101944,"16F BARE RIBBON, SM G657A1 BIF<ZY>",Unclassified,Other,999.0,999.0,,
000000001069101946,"16F CBL,SM A1 BIF,2.5mm,LSZH,RSR,YEL<ZY>",Unclassified,Other,999.0,999.0,,
000000001069101950,"16F BARE RIBBON, SM G657A1 BIF",Unclassified,Other,999.0,999.0,,
000000001069101968,"16F CBL,SM,2.5mm,OFNP,YELLOW",Unclassified,Other,999.0,999.0,,
000000001069101969,"12F CBL,SM,2.0mm,OFNP,YELLOW",Unclassified,Other,999.0,999.0,,
000000001069101996,"288F I/O CBL,OM4,12.5mm,LSZH,RSR/CPR,AQ",Unclassified,Other,999.0,999.0,,
000000001069102005,"4F CBL,SM,2mm,OFNR/LSHF Cca,YL",Unclassified,Other,999.0,999.0,,
000000001069102030,"288F(18x16)TRNK CB,OM4,14.8,LSZH/CPR<ZY>",Unclassified,Other,999.0,999.0,,
000000001069105298,"CENTRAL TUBE CBL 36F MM 62.5/125, LSZH",Unclassified,Other,999.0,999.0,,
000000001069105309,"12F RND CBL,SM A1 BIF,3mm,PLNM,YELL<ZY>",Unclassified,Other,999.0,999.0,,
000000001069200000,HST 1C L40 FUL SRK2.3mm,Unclassified,Other,999.0,999.0,,
000000001069200001,HST 1C L45 FUL SRK2.4mm,Unclassified,Other,999.0,999.0,,
000000001069200002,HST 1C L60 FUL SRK2.6mm,Unclassified,Other,999.0,999.0,,
000000001069204300,LOOPBACK MXC 24F WH 2xAFC PM,Loopback_Group,Other_MultiFiber,40.0,15.0,,
000000001069410521,TUBING HEAT SHRINK .20IN ID 3:1 SPOOLED,Unclassified,Other,999.0,999.0,,
000000001069410815,"HEAT SHRINK TUBING, ID 9MM, 3:1, BLACK",Unclassified,Other,999.0,999.0,,
000000001069411036,"HEAT SHRINK TUBING, 0.5in ID,2:1,FR, BLU",Unclassified,Other,999.0,999.0,,
000000001069411231,"LBL-SELF-LAM, 1.0W x 1.44H in, WHITE",Unclassified,Other,999.0,999.0,,
000000001069411300,LBL-SELF-LAM 6.35 X 57.15mm WHITE,Unclassified,Other,999.0,999.0,,
000000001069411609,"TUBING HEAT SHRINK,.187""ID,BLACK",Unclassified,Other,999.0,999.0,,
000000001069411827,"SS CONDUIT JACKETED, BLUE (ISI) 20m",Unclassified,Other,999.0,999.0,,
000000001069411979,"SILICONE SPIRAL TUBE, 5.0/8.0mm, CLEAR",Unclassified,Other,999.0,999.0,,
000000001069411990,"MPO(F) CONN KIT,12F,MM,3mm CBL,SENKO",Accessories,MPO_Group,85.0,10.0,,
000000001069411991,"SELF-LAM LABEL, 0.71W x 1.5H in, WHITE",Unclassified,Other,999.0,999.0,,
000000001069412071,"SCR-SOCKET HEAD CAP, #3-48 X 1.0, SS",Unclassified,Other,999.0,999.0,,
000000001069412072,"NUT, #3-48, SS",Unclassified,Other,999.0,999.0,,
000000001830001061,N0003522-02 Waveplate  Bern,Unclassified,Other,999.0,999.0,,
000000001830001062,N0003762-00 PDL Plate  Bern,Unclassified,Other,999.0,999.0,,
000000001830001065,N0003518-00 Planar Transmission Grating,Unclassified,Other,999.0,999.0,,
000000001830001083,Double-sided Polished Silicon Wafer,Unclassified,Other,999.0,999.0,,
000000001830001340,N0003487-02 LenArray Double SidedC+L<ZY>,Unclassified,Other,999.0,999.0,,
000000001830001482,Wafer OSAT ArcusD 1138CHP COARCUSD-U06,Unclassified,Other,999.0,999.0,,
000000001830002681,N0004545-00 Cantilever Support Bond ADA,Unclassified,Other,999.0,999.0,,
000000001830002769,CHIP-CPSOLAR-PROD-FC-EX2xFR4-8CH-SUS2,Unclassified,Other_Connector_Types,999.0,40.0,,
000000001830002774,NA300024-01Polarized Beam Splitter CURIE,Splitter_Cables,Other,18.0,999.0,,
000000001830002775,N0003468-03 MIRROR PBS CURIE,Unclassified,Other,999.0,999.0,,
000000001830002779,N0003478-00 PBS MOUNT GLASS CURIE,Unclassified,Other,999.0,999.0,,
000000001830002840,N0004593-00 MOUNT GLASS M4 CURIE,Unclassified,Other,999.0,999.0,,
000000001830002856,CHIP-CPSOLAR-PROD-G-FC-EX2xFR4-8CH-RMBP,Unclassified,Other_Connector_Types,999.0,40.0,,
000000001830002871,N0003462-01 Transmission Grating 12T CR,Unclassified,Other,999.0,999.0,,
000000001830002872,N0004603-01 Prism Beam Steering CR,Unclassified,Other,999.0,999.0,,
000000001830002873,N0004654-00 PBS Mount Glass CR,Unclassified,Other,999.0,999.0,,
000000001830002879,NA300024-03 Polarized Beam Splitter CR,Splitter_Cables,Other,18.0,999.0,,
000000001830002900,CHIP-CPSOLAR-PROD-FC-DR8-8CH-SUS2,Unclassified,Other_Connector_Types,999.0,40.0,,
000000001830002901,CHIP-CPSOLAR-PROD-G-FC-DR8-8CH-RMBP,Unclassified,Other_Connector_Types,999.0,40.0,,
000000001830002926,CHIP-CPSOLAR-PROD-G-FC-DR8-8CH-FDHT,Unclassified,Other_Connector_Types,999.0,40.0,,
000000001830002927,CHIP-CPSOLAR-PROD-G-FC-EX2xFR4-8CH-FDHT,Unclassified,Other_Connector_Types,999.0,40.0,,
000000001830002931,CHIP-CPSOLAR-PROD-G-FC-EX2xFR4-MT,Unclassified,Other_Connector_Types,999.0,40.0,,
000000001830002932,CHIP-CPSOLAR-PROD-G-FC-EX2xFR4-MT-RMBP,Unclassified,Other_Connector_Types,999.0,40.0,,
000000001830002933,CHIP-CPSOLAR-PROD-G-FC-DR8-MT,Unclassified,Other_Connector_Types,999.0,40.0,,
000000001830002934,CHIP-CPSOLAR-PROD-G-FC-DR8-MT-RMBP,Unclassified,Other_Connector_Types,999.0,40.0,,
000000001830002938,N0004604-03 Mirror 4 CR(New Coating),Unclassified,Other,999.0,999.0,,
000000001830020003,OF-BF SM G657A1 CLEAR(Corning Ultra)<ZY>,Unclassified,Other,999.0,999.0,,
000000001830020004,OF-BF SM G.657B3 CLEAR (Corning ZBL)<ZY>,Unclassified,Other,999.0,999.0,,
000000001830020048,OF-BF SM G657A1 BLUE (Corning Ultra)<ZY>,Unclassified,Other,999.0,999.0,,
000000001830020120,OF-BF ERBIUM-DOPED MP980 (Seasun 79392),Unclassified,Other,999.0,999.0,,
000000001830020204,OF-BF ERBIUM-DOPED L-BAND LRL 250um OFS,Unclassified,Other,999.0,999.0,,
000000001830020255,OF-BF SM G.657A2 CLEAR 100Kpsi (YOFC),Unclassified,Other,999.0,999.0,,
000000001830020257,OF-BF SM G.657B3 BLUE (Corning ZBL)<ZY>,Unclassified,Other,999.0,999.0,,
000000001830020292,OF-BF SM G.657A2 CLEAR 200um (YOFC),Unclassified,Other,999.0,999.0,,
000000001830020315,OF EDF LRL 125/200µm OFS,Unclassified,Other,999.0,999.0,,
000000001830030320,OF-2mm 1C SM G.657A2 PVC YELLOW,Unclassified,Other,999.0,999.0,,
000000001830040129,CLEN-1-L2.55-SR1.2 K20 N-SF11,Unclassified,Other,999.0,999.0,,
000000001830040541,SL-3 Plano Convex AD,Unclassified,Other,999.0,999.0,,
000000001830040605,"Handle, Boro, Grating, Ada",Unclassified,Other,999.0,999.0,,
000000001830040606,"Support Glass, Scan Lens, Ada",Unclassified,Other,999.0,999.0,,
000000001830050187,FR-GMF-1310nm-LE-11.0mm 45±0.5deg,Unclassified,Other,999.0,999.0,,
000000001830070008,GLASS TUBE-F2.2XF1.01XL1.84 BOROSILICATE,Unclassified,Other,999.0,999.0,,
000000001830070026,GLASS TUBE-F2.2XF1.01XL2.95 BOROSILICATE,Unclassified,Other,999.0,999.0,,
000000001830070030,GLASS TUBE-F3.5XF1.805XL3 BOROSILICATE,Unclassified,Other,999.0,999.0,,
000000001830070041,GLASS TUBE-F3.8XF2.215XL7.8 BOROSILICATE,Unclassified,Other,999.0,999.0,,
000000001830100291,FILTER-LPF1622/1618/V01,Unclassified,Other,999.0,999.0,,
000000001830201383,MOUNTING PLATE FOR ADAPTER-8,Adapters,Other,30.0,999.0,,
000000001830201384,MOUNTING PLATE FOR ADAPTER-10,Adapters,Other,30.0,999.0,,
000000001830201388,ADAP MOUNTING PLATE-8-1830248653,Adapters,Other,30.0,999.0,,
000000001830201389,ADAP MOUNTING PLATE-10-1830248653,Adapters,Other,30.0,999.0,,
000000001830201464,Aluminum Sealed Cover Lid,Unclassified,Other,999.0,999.0,,
000000001830201465,Aluminum Housing,Accessories,Other,85.0,999.0,,
000000001830201470,Fiber Feedthrough Cover,Unclassified,Other,999.0,999.0,,
000000001830201485,Electronics Cover for Housing,Accessories,Other,85.0,999.0,,
000000001830201510,Aluminum Extension Plate,Unclassified,Other,999.0,999.0,,
000000001830220016,N0004548-00 LT-2mm PVC 900um Hytrel UL94,Unclassified,Other,999.0,999.0,,
000000001830220031,LT-2mm PVC Yellow 900/650um 94V0 -40°,Unclassified,Other,999.0,999.0,,
000000001830220038,LT-3mm PVC Yellow 900um Hytrel -40°,Unclassified,Other,999.0,999.0,,
000000001830220045,LT-3mm PVC Yellow 1.6/1.3mm Hytrel 94V0,Unclassified,Other,999.0,999.0,,
000000001830220060,TUBE-HELIX SILICA CLEAR ID2mm OD4mm W6mm,Unclassified,Other,999.0,999.0,,
000000001830220093,LT-900um Hytrel White 94V0,Unclassified,Other,999.0,999.0,,
000000001830220144,HST-BLACK BEF:F9 AFT:F3 W/ADHESIVE,Unclassified,Other,999.0,999.0,,
000000001830220145,HST-BLACK BEF:19 AFT:F6 W/ADH no red ph,Unclassified,Other,999.0,999.0,,
000000001830220177,BOOT-DUAL 900um TUBE UL94V0,Unclassified,Other,999.0,999.0,,
000000001830220194,BOOT-FOUR 900um TUBE UL94V0,Unclassified,Other,999.0,999.0,,
000000001830220250,N0004710-00 FSS-25MM 1.5X25,Unclassified,Other,999.0,999.0,,
000000001830220253,FSS-40MM MICRO F2.2X40,Unclassified,Other,999.0,999.0,,
000000001830220273,FSS-20mm SST ROD 1.2MM DEVICE O.D,Unclassified,Other,999.0,999.0,,
000000001830220402,TUBE-SILICONE ID1.0  OD1.5MM,Unclassified,Other,999.0,999.0,,
000000001830220403,TUBE-SILICONE ID1.2  OD1.8MM,Unclassified,Other,999.0,999.0,,
000000001830220407,LT-2mm PVC WHITE 900/650um 94V0 -40°,Unclassified,Other,999.0,999.0,,
000000001830220408,LT-2mm PVC GREEN 900/650um 94V0 -40°,Unclassified,Other,999.0,999.0,,
000000001830220415,Braided Expanded Sleeving PET 320072-10,Unclassified,Other,999.0,999.0,,
000000001830220416,Braided Expanded Sleeving PET 320048-8,Unclassified,Other,999.0,999.0,,
000000001830220421,BOOT-OD23.6 L82 for 15923,Unclassified,Other,999.0,999.0,,
000000001830220423,FSS-EVA-25MM,Unclassified,Other,999.0,999.0,,
000000001830220431,BOOT-OD23.6 L60 for 15923,Unclassified,Other,999.0,999.0,,
000000001830240783,CLIP-FIBER C-TYPE 7X5X4.2MM PC,Unclassified,Other,999.0,999.0,,
000000001830240812,CVR-123X86X1.5 PLASTIC(CR300395G) UL94V0,Unclassified,Other,999.0,999.0,,
000000001830240845,BOX-125X90X8 W/10-HOLE 1X9 PLASTIC,Unclassified,Other,999.0,999.0,,
000000001830241717,THERMAL-PAD 20X12.7X0.5MM Sarcon GR-M,Unclassified,Other,999.0,999.0,,
000000001830241830,INSULATOR-FEC GEAKBK0011 486-N0001-0001,Unclassified,Other,999.0,999.0,,
000000001830245303,INSULATOR-150X110X0.2 9495LE,Unclassified,Other,999.0,999.0,,
000000001830245325,SILICONE PAD 50X15X0.8mm HT-6360 BLACK,Unclassified,Other,999.0,999.0,,
000000001830245330,THERMAL-PAD ULTRASTICK COMPOUND<ZY>,Unclassified,Other,999.0,999.0,,
000000001830245720,HLDR-DEVIC 25(L)X18.4(W)X12(H)mm,Unclassified,Other,999.0,999.0,,
000000001830245902,VIBRATION PAD-180X20X1(3M VC308),Unclassified,Other,999.0,999.0,,
000000001830245916,CLIP-FIBER U-TYPE 8X4X5.6MM CRS,Unclassified,Other,999.0,999.0,,
000000001830246046,STDOFF M-F HEX4X8.8 M2X4 M2X6 SS,Unclassified,Other,999.0,999.0,,
000000001830246048,BOX-HEAT FOR DD0B PC,Unclassified,Other,999.0,999.0,,
000000001830246049,CVR-HEAT FOR DD0B PC,Unclassified,Other,999.0,999.0,,
000000001830246054,HLDR-1 FOR DD0B,Unclassified,Other,999.0,999.0,,
000000001830246056,PLATE-FOR DD0B RED COPPER RAW COLOR,Unclassified,Other,999.0,999.0,,
000000001830246058,FILM-HEAT FOR DD0B,Unclassified,Other,999.0,999.0,,
000000001830246080,HEATSINK-84X55X16 AL6061 FOR OC03,Unclassified,Other,999.0,999.0,,
000000001830246089,STDOFF M-F HEX4X24.8 M2.5X4 M2X4 SS,Unclassified,Other,999.0,999.0,,
000000001830246125,HANDLE -LATCH 14X15.5X3 PC BLACK,Unclassified,Other,999.0,999.0,,
000000001830246177,CLAMP-FOR DC0F,Unclassified,Other,999.0,999.0,,
000000001830246197,HANDLE-FAN TOP SIDE,Unclassified,Other,999.0,999.0,,
000000001830246366,INSULATOR-143.6X126.6X0.25,Unclassified,Other,999.0,999.0,,
000000001830246369,WASHER-SQUARE 18X15.5X0.8 ID13.4X9.9,Unclassified,Other,999.0,999.0,,
000000001830246387,BOBBIN-FOR SPEC 14731,Unclassified,Other,999.0,999.0,,
000000001830246538,HLDR-2-15.8X10X8-DC0N,Unclassified,Other,999.0,999.0,,
000000001830246574,TRAY-FIBER DC0N,Unclassified,Other,999.0,999.0,,
000000001830246592,BRKT-FAN PCB for FAN UNIT,Unclassified,Other,999.0,999.0,,
000000001830246623,"BRKT-19"" for chassis",Unclassified,Other,999.0,999.0,,
000000001830246624,"BRKT-23"" for chassis",Unclassified,Other,999.0,999.0,,
000000001830246630,BRKT-FAN 40.5X40.8X47.58 SS301,Unclassified,Other,999.0,999.0,,
000000001830246680,STDOFF M-F HEX5X5 M2.5X3.6 M2.5X3.5 SS,Unclassified,Other,999.0,999.0,,
000000001830246686,BRKT-RACK for 14908(62.5X32.8X23),Unclassified,Other,999.0,999.0,,
000000001830246947,CROSS BEAM-43.2X21.05X463,Unclassified,Other,999.0,999.0,,
000000001830246992,CLIP-FIBER 9.4X5X4.7MM KAPTON #DD0B,Unclassified,Other,999.0,999.0,,
000000001830247324,N0003733-01 TRAY-FIBER 110X49X12 ABS,Unclassified,Other,999.0,999.0,,
000000001830247340,BRKT-23in REAR 73.8X43.2X463.3 DC0R,Unclassified,Other,999.0,999.0,,
000000001830247358,THERMAL-PAD 8X5X1.5MM GR25A-00,Unclassified,Other,999.0,999.0,,
000000001830247360,THERMAL-PAD 5X5X1.5MM GR25A-00,Unclassified,Other,999.0,999.0,,
000000001830247523,REAR  HANGING EAR FOR DC0R,Unclassified,Other,999.0,999.0,,
000000001830247847,N0004073-03 Connector Hold Down Large,Unclassified,Other,999.0,999.0,,
000000001830247848,N0004074-02 Connector Hold Down small,Unclassified,Other,999.0,999.0,,
000000001830247849,N0004107-01 Connector Hold Down plug,Unclassified,Other,999.0,999.0,,
000000001830247912,N0004066-00 Main Connector Molded,Unclassified,Other,999.0,999.0,,
000000001830247926,SINGLE VOA2 HOLDER,Unclassified,Other,999.0,999.0,,
000000001830247928,CLIP-FIBER C-TYPE 7.9X4X3.9MM SPCC,Unclassified,Other,999.0,999.0,,
000000001830248068,CLIP-FIBER C-TYPE 7X4X5.5MM SPCC,Unclassified,Other,999.0,999.0,,
000000001830248069,Switch device for DD0P,Unclassified,Other,999.0,999.0,,
000000001830248087,HOUSING PL 507X43.6X435.5,Accessories,Other,85.0,999.0,,
000000001830248088,COVER 507X43.3X437.5,Unclassified,Other,999.0,999.0,,
000000001830248090,BASE CARD 304X255.5X36.3,Unclassified,Other,999.0,999.0,,
000000001830248091,CVR CARD 210.4X93X15,Unclassified,Other,999.0,999.0,,
000000001830248092,WIND DEFLECTOR 194X35X10,Unclassified,Other,999.0,999.0,,
000000001830248093,STDOFF M-F HEX5X15 M3x5 M3x6 SS,Unclassified,Other,999.0,999.0,,
000000001830248094,STDOFF M-F HEX5X30 M3X5 M3X6 SS,Unclassified,Other,999.0,999.0,,
000000001830248095,STDOFF M-F HEX5X25 M3X5 M3X6 SS,Unclassified,Other,999.0,999.0,,
000000001830248097,PANEL MUX 2U 438X87X24,Optical_Module,Other,55.0,999.0,,
000000001830248098,COVER MUX 438X135X211.5,Optical_Module,Other,55.0,999.0,,
000000001830248099,FIBER MANAGEMENT 142X487.5X10,Unclassified,Other,999.0,999.0,,
000000001830248100,USB PCBA HOLDER 81X17X9,Unclassified,Other,999.0,999.0,,
000000001830248101,19IN EAR 2U 62.5X22.3X87,Unclassified,Other,999.0,999.0,,
000000001830248102,23IN EAR 2U 75X87X625,Unclassified,Other,999.0,999.0,,
000000001830248104,TRAY-FIBER 175X120X9.5 PC,Unclassified,Other,999.0,999.0,,
000000001830248132,STDOFF M-F HEX4X8 M2X5 M2X4 SS,Unclassified,Other,999.0,999.0,,
000000001830248139,CAD10 heat plate,Unclassified,Other,999.0,999.0,,
000000001830248144,Heat film CAD10A,Unclassified,Other,999.0,999.0,,
000000001830248145,EMI gasket (EK9732Z0148HF),Unclassified,Other,999.0,999.0,,
000000001830248147,CVR FOR DD0B PLUS,Unclassified,Other,999.0,999.0,,
000000001830248156,SCC BASE FOR RC11,Unclassified,Other,999.0,999.0,,
000000001830248244,HLDR-21 30X14.6X10 AL6061,Unclassified,Other,999.0,999.0,,
000000001830248245,STDOFF M-F HEX4X10 M3X5 M3X5 SS,Unclassified,Other,999.0,999.0,,
000000001830248283,THERMAL-PAD 19X19X2MM Sarcon PG25A,Unclassified,Other,999.0,999.0,,
000000001830248433,ADLINK HEATSINK,Unclassified,Other,999.0,999.0,,
000000001830248453,CLIP-FIBER 11X5X8.2MM KAPTON,Unclassified,Other,999.0,999.0,,
000000001830248454,THERMAL-PAD 30X12.5X0.5MM HD300,Unclassified,Other,999.0,999.0,,
000000001830248523,CLIP-FIBER 5.8X3.6X5MM SPTE,Unclassified,Other,999.0,999.0,,
000000001830248535,TRAY-FIBER 144X97X8.5 KAPTON DD08PLUS,Unclassified,Other,999.0,999.0,,
000000001830248547,THERMAL-PAD 20X12.7X1 XR PE,Unclassified,Other,999.0,999.0,,
000000001830248549,THERMAL-PAD 19X19X1 TGP5000BERGQUIST,Unclassified,Other,999.0,999.0,,
000000001830248581,CLIP-FIBER C-TYPE 5.4X4X3.2MM SPCC,Unclassified,Other,999.0,999.0,,
000000001830248586,N0_SLED_BASE_RD20,Unclassified,Other,999.0,999.0,,
000000001830248588,TRAY-FIBER 139.5X113X9.5 CRS RD20,Unclassified,Other,999.0,999.0,,
000000001830248591,WSS_FIBER_HOLDER,Unclassified,Other,999.0,999.0,,
000000001830248600,CLIP-FIBER L-TYPE 15X10X8MM CR,Unclassified,Other,999.0,999.0,,
000000001830248614,THERMAL-PAD 4X4X1.5 Sarcon PG-80A,Unclassified,Other,999.0,999.0,,
000000001830248615,STDOFF M-F HEX4X6 M2X5 M2X4 SS,Unclassified,Other,999.0,999.0,,
000000001830248617,SCR-PHPH M2.5X4.5 BLACK SS NYLOK,Unclassified,Other,999.0,999.0,,
000000001830248619,SCR-THIN HEAD PHIS M2X3.5 BLACK SS NYLOK,Unclassified,Other,999.0,999.0,,
000000001830248633,PUMP_HEATSINK1_RD20,Unclassified,Other,999.0,999.0,,
000000001830248634,PUMP_HEATSINK2_RD20,Unclassified,Other,999.0,999.0,,
000000001830248635,CPU_HEATSINK1_RD20,Unclassified,Other,999.0,999.0,,
000000001830248636,CPU_HEATSINK2_RD20,Unclassified,Other,999.0,999.0,,
000000001830248637,WSS_HOLDER_KOVAR,Unclassified,Other,999.0,999.0,,
000000001830248638,HEATER_BOX_METAL,Unclassified,Other,999.0,999.0,,
000000001830248639,HEATER_COVER_METAL,Unclassified,Other,999.0,999.0,,
000000001830248640,HEATER_BOX_PLASTIC,Unclassified,Other,999.0,999.0,,
000000001830248641,HEATER_COVER_PLASTIC,Unclassified,Other,999.0,999.0,,
000000001830248646,CLIP-FIBER 13.2X5X6.6MM KAPTON,Unclassified,Other,999.0,999.0,,
000000001830248648,GUIDE-FIBER-L 182.98X36.41X6.5 PI,Unclassified,Other,999.0,999.0,,
000000001830248649,GUIDE-FIBER-R 155.5X11.73X5.73 PI,Unclassified,Other,999.0,999.0,,
000000001830248655,FIBER MANAGEMENT,Unclassified,Other,999.0,999.0,,
000000001830248717,COVER-HEAT PLASTIC 63.2X63.2X5.2,Unclassified,Other,999.0,999.0,,
000000001830248719,HEATER COVER-METAL-58.6X58.6X1,Unclassified,Other,999.0,999.0,,
000000001830248760,TAPE-FOAM W16.5X1X30 BLACK,Unclassified,Other,999.0,999.0,,
000000001830248800,591-0910-001 FAB PLASTIC LATCH,Unclassified,Other,999.0,999.0,,
000000001830248844,TRAY-FIBER 129.1X86.6X13 ABS,Unclassified,Other,999.0,999.0,,
000000001830248871,RIGHT SIDE BRACKET for OD0H JDM,Unclassified,Other,999.0,999.0,,
000000001830248872,LEFT SIDE BRACKET for OD0H JDM,Unclassified,Other,999.0,999.0,,
000000001830248875,HEATSINK.60X12X0.5mm.Cu,Unclassified,Other,999.0,999.0,,
000000001830248901,GASKET. EMI. D Shape. L=37mm,Unclassified,Other,999.0,999.0,,
000000001830248902,GASKET. EMI. D Shape. L=16mm,Unclassified,Other,999.0,999.0,,
000000001830248913,THERMAL-PAD 6x6x1.5 PG80B,Unclassified,Other,999.0,999.0,,
000000001830249007,CONNECTOR_HOLDER,Unclassified,Other,999.0,999.0,,
000000001830249008,HEATER_BOX_METAL,Unclassified,Other,999.0,999.0,,
000000001830249009,HEATER_COVER_METAL,Unclassified,Other,999.0,999.0,,
000000001830249010,HEATER_BOX_PLASTIC,Unclassified,Other,999.0,999.0,,
000000001830249011,HEATER_COVER_PLASTIC,Unclassified,Other,999.0,999.0,,
000000001830249013,PLATE-VOA 47.5X14 SPCC(T=1MM),Unclassified,Other,999.0,999.0,,
000000001830249014,PLATE-VOA 39X13 SPCC(T=1MM),Unclassified,Other,999.0,999.0,,
000000001830249015,2ND_LAYER_PLATE,Unclassified,Other,999.0,999.0,,
000000001830249016,BOOT-FIBER Chloroprene Rubber Black,Unclassified,Other,999.0,999.0,,
000000001830249017,HEATER_FILM_TOP_IC&L,Unclassified,Other,999.0,999.0,,
000000001830249018,HEATER_FILM_BOTTOM_IC&L,Unclassified,Other,999.0,999.0,,
000000001830249029,CLIP-FIBER U-TYPE 4X6X7,Unclassified,Other,999.0,999.0,,
000000001830249055,CLIP-FIBER 33X10X4.5 KAPTON,Unclassified,Other,999.0,999.0,,
000000001830249100,HEAT FILM FOR SPEC 15785,Unclassified,Other,999.0,999.0,,
000000001830249101,EMI HOLDER FOR QSFPDD,Unclassified,Transceiver_Rating,999.0,50.0,,
000000001830249102,PUMP HEATSINK,Unclassified,Other,999.0,999.0,,
000000001830249104,HEATSINK FOR TO LASER,Unclassified,Other,999.0,999.0,,
000000001830249105,FIBER TRAY FOR OC0B,Unclassified,Other,999.0,999.0,,
000000001830249106,HOLDER IN FIBER TRAY OC0B,Unclassified,Other,999.0,999.0,,
000000001830249107,LC ADAPTER HOLDER OC0B,Adapters,LC_Variants,30.0,32.0,,
000000001830249108,CHIP HEATSINK OC0B,Unclassified,Other,999.0,999.0,,
000000001830249109,STDOFF F-F HEXDF12.7X8.9 M2X8.9 AL,Unclassified,Other,999.0,999.0,,
000000001830249110,STDOFF F-F HEXDF12.7X8.9 M2X8.9 AL,Unclassified,Other,999.0,999.0,,
000000001830249111,HEATER OUTER BOX FOR OC0B,Unclassified,Other,999.0,999.0,,
000000001830249112,HEATER OUTER COVER FOR OC0B,Unclassified,Other,999.0,999.0,,
000000001830249113,HEATER INNER BOX FOR OC0B,Unclassified,Other,999.0,999.0,,
000000001830249114,HEATER INNER COVER FOR OC0B,Unclassified,Other,999.0,999.0,,
000000001830249115,HEATER FILM Raman OC0B,Unclassified,Other,999.0,999.0,,
000000001830249116,COVER FOR E2000 pigtail OC0B,Pigtails,Other_Connector_Types,10.0,40.0,,
000000001830249117,EMI SHIELD CASE FOR APD,Unclassified,Other,999.0,999.0,,
000000001830249118,SLED COVER OC0B,Unclassified,Other,999.0,999.0,,
000000001830249126,WASHER-FLAT OVAL 6X4X1 ID1.6 SS,Unclassified,Other,999.0,999.0,,
000000001830249127,THERMAL-PAD 19x19x1.5 PG80B,Unclassified,Other,999.0,999.0,,
000000001830249128,THERMAL-PAD 23X23X1.5 PG80B,Unclassified,Other,999.0,999.0,,
000000001830249138,PAD-VIBRATION 7X5X1,Unclassified,Other,999.0,999.0,,
000000001830249144,THERMAL-PAD 30x12.5x1.5 PG80B,Unclassified,Other,999.0,999.0,,
000000001830249159,Raman sled faceplate box for C2RPBLZZ-W0,Unclassified,Other,999.0,999.0,,
000000001830249266,CHASSIS 297.9X273.4X39.6 FOR RD32,Unclassified,Other,999.0,999.0,,
000000001830249267,TOP COVER 245.7X192.9X18.1,Unclassified,Other,999.0,999.0,,
000000001830249268,COVER2-246.74X92X26.5 FOR OC0D,Unclassified,Other,999.0,999.0,,
000000001830249269,EMI GAGE BASE 234X37.5X31.2,Unclassified,Other,999.0,999.0,,
000000001830249270,EMI GAGE COVER 221.6X19.2X5,Unclassified,Other,999.0,999.0,,
000000001830249271,EMI GAGE BOTTOM 221.6X16X8,Unclassified,Other,999.0,999.0,,
000000001830249272,JOINT FOR RD32,Unclassified,Other,999.0,999.0,,
000000001830249273,HEATSINK1 FOR RD32,Unclassified,Other,999.0,999.0,,
000000001830249274,HEATSINK2 FOR RD32,Unclassified,Other,999.0,999.0,,
000000001830249275,WSS MOUNTING HOLDER,Unclassified,Other,999.0,999.0,,
000000001830249276,SCREW HOLDER,Unclassified,Other,999.0,999.0,,
000000001830249277,CLIP-FIBER S TYPE 7x6x4MM SST,Unclassified,Other,999.0,999.0,,
000000001830249281,VOA press plate,Unclassified,Other,999.0,999.0,,
000000001830249283,VOA HOLDER,Unclassified,Other,999.0,999.0,,
000000001830249284,BOX-216.7X104.9X31,Unclassified,Other,999.0,999.0,,
000000001830249285,COVER-TOP 214.5X102.8X13.45,Unclassified,Other,999.0,999.0,,
000000001830249286,COVER-BTM 186.3X97.7X2,Unclassified,Other,999.0,999.0,,
000000001830249287,TRAY-FIBER 117X100X14MM BLACK PC,Unclassified,Other,999.0,999.0,,
000000001830249288,Insert plate-50.9X9.7X4.5,Unclassified,Other,999.0,999.0,,
000000001830249289,HEATER BOX_AL 59X59X8,Unclassified,Other,999.0,999.0,,
000000001830249290,HEATER BOX_PLASTIC 66X61X6,Unclassified,Other,999.0,999.0,,
000000001830249291,SUPPORT PLATE PC 71X8X10,Unclassified,Other,999.0,999.0,,
000000001830249292,SUPPORT PLATE PC 71X8X10,Unclassified,Other,999.0,999.0,,
000000001830249295,HEAT FILM,Unclassified,Other,999.0,999.0,,
000000001830249315,GROMMENT-FACEPLATE,Unclassified,Other,999.0,999.0,,
000000001830249335,N0002799-01 EXTEN PLATE MK5V SF,Unclassified,Other,999.0,999.0,,
000000001830249345,INSULATION-PAD 37.5X16.5X0.127 DD0Z,Unclassified,Other,999.0,999.0,,
000000001830249367,CLIP-FIBER for heater 6.5x7.0x2.0,Unclassified,Other,999.0,999.0,,
000000001830249372,CVR-TOP for Lumentum pump,Unclassified,Other,999.0,999.0,,
000000001830249475,BOOT-47X13X10 Chloroprene Rubber Black,Unclassified,Other,999.0,999.0,,
000000001830249494,BOX-165X100X20.7 AL6061,Unclassified,Other,999.0,999.0,,
000000001830249495,NA200079-01 LID W/AR Hermetic Package,Unclassified,Other,999.0,999.0,,
000000001830249516,RAINIER MOUNTING BRACKET PACKAGE,Unclassified,Other,999.0,999.0,,
000000001830249526,WASHER-5X5X3.7 RUBBER NEOPRENE FOR OC0D,Unclassified,Other,999.0,999.0,,
000000001830249535,CHASSIS-435X200X33 AL5052 for 15923,Unclassified,Other,999.0,999.0,,
000000001830249536,CVR-434.4X199.7X1.5 SPCC for 15923,Unclassified,Other,999.0,999.0,,
000000001830249538,HOLDER 1-AL6061 FOR SPEC 15923,Unclassified,Other,999.0,999.0,,
000000001830249539,HOLDER 2-AL6061 FOR SPEC 15923,Unclassified,Other,999.0,999.0,,
000000001830249540,HOLDER 3-AL6061 FOR SPEC 15923,Unclassified,Other,999.0,999.0,,
000000001830249543,BOX-130X110X20 AL6061 for 15923,Unclassified,Other,999.0,999.0,,
000000001830249544,CVR-128.5X107X1.2 AL6061 for 15923,Unclassified,Other,999.0,999.0,,
000000001830249560,FIBER HOLDER 152X13.2X7.8 AL 6061 OC0D,Unclassified,Other,999.0,999.0,,
000000001830249561,GUIDE-FIBER 152X7X5.PI FOR OC0D,Unclassified,Other,999.0,999.0,,
000000001830249562,THERMAL-PAD D2 12.7X30X0.9 SARCON XR-PE,Unclassified,Other,999.0,999.0,,
000000001830249563,THERMAL-PAD-S32 30X12.7X0.9 SARCON XR-Pe,Unclassified,Other,999.0,999.0,,
000000001830249665,BOX-217X174X30 AL6061,Unclassified,Other,999.0,999.0,,
000000001830249667,FACEPLATE-155X20X7 AL6061,Unclassified,Other,999.0,999.0,,
000000001830249668,TRAY-FIBER PLATE 170X95X11 PC BLACK,Unclassified,Other,999.0,999.0,,
000000001830249669,PLATE-PRESS 46X8X7 AL6061,Unclassified,Other,999.0,999.0,,
000000001830249670,HLDR-PD 96X23X3 PC BLACK,Unclassified,Other,999.0,999.0,,
000000001830249671,BOX-HEAT METAL 50X50X10 AL6061,Unclassified,Other,999.0,999.0,,
000000001830249672,BOX-HEAT PLASTIC 55X55X10 PC BLACK,Unclassified,Other,999.0,999.0,,
000000001830249673,CVR-HEAT PLASTIC 56X54X7 PC BLACK,Unclassified,Other,999.0,999.0,,
000000001830249674,FILM-HEAT 86X24X0.3 Polyimide,Unclassified,Other,999.0,999.0,,
000000001830249675,PLATE-FIBER 158X74X10 SPCC,Unclassified,Other,999.0,999.0,,
000000001830249676,PLATE-FIBER 121X6X12 KAPTON 500H,Unclassified,Other,999.0,999.0,,
000000001830249799,SFP CAGE COVER TE 1367147-3<ZY>,Unclassified,Transceiver_Rating,999.0,50.0,,
000000001830249822,COVER-Top 271X174X14 AL6061-T6,Unclassified,Other,999.0,999.0,,
000000001830249842,CLIP-FB U TYPE 11X9X4,Unclassified,Other,999.0,999.0,,
000000001830249843,CLIP-FB U TYPE 14X13X4,Unclassified,Other,999.0,999.0,,
000000001830249844,CLIP-FB U TYPE 12X6.8X4,Unclassified,Other,999.0,999.0,,
000000001830249846,TRAY-FB 500H 86.9X70.2X7.8,Unclassified,Other,999.0,999.0,,
000000001830249847,HOLDER-COMPONENT 100.4X25X16.7,Unclassified,Other,999.0,999.0,,
000000001830249854,BASE MUX 2U,Optical_Module,Other,55.0,999.0,,
000000001830249879,N0004442-01 Shock Mount Framework CR,Unclassified,Other,999.0,999.0,,
000000001830249897,N0004592-01 Mount Mirror 4 Curie,Unclassified,Other,999.0,999.0,,
000000001830249914,COVER-SLED 300X192X16 AL5052 OC2D,Unclassified,Other,999.0,999.0,,
000000001830249915,SUPPORT-161X49X4.9 SUS304 FOR HEATEROC2D,Unclassified,Other,999.0,999.0,,
000000001830249916,SPACE-LC ADAPTER 295X56X0.8 SUS304 OC2D,Adapters,LC_Variants,30.0,32.0,,
000000001830249917,SUPPORT-LEFT AL6061 OC2D,Unclassified,Other,999.0,999.0,,
000000001830249918,SUPPORT-RIGHT AL6061 OC2D,Unclassified,Other,999.0,999.0,,
000000001830249919,SUPPORT-REAR AL6061 OC2D,Unclassified,Other,999.0,999.0,,
000000001830249920,SUPPORT-MIDDLE AL6061 OC2D,Unclassified,Other,999.0,999.0,,
000000001830249921,TRAY-FIBER 153X217X20 PC OC2D,Unclassified,Other,999.0,999.0,,
000000001830249922,CVR-HEATER A 68X68X3.1 PC OC2D,Unclassified,Other,999.0,999.0,,
000000001830249923,BOX-HEATER A 66X66X15 PC OC2D,Unclassified,Other,999.0,999.0,,
000000001830249924,CVR-HEATER METAL 63X63X1.5 AL6061 OC2D,Unclassified,Other,999.0,999.0,,
000000001830249925,BOX-HEATER A METAL 63X63X10 AL6061 OC2D,Unclassified,Other,999.0,999.0,,
000000001830249927,BOX-HEATER B 66X66X10 PC OC2D,Unclassified,Other,999.0,999.0,,
000000001830249928,BOX-HEATER B HMETAL 63X63X10 AL6061 OC2D,Unclassified,Other,999.0,999.0,,
000000001830249929,HOLDER-SWITCH 18X15X10 AL6061 OC2D,Unclassified,Other,999.0,999.0,,
000000001830249930,HEATSINK-IC 23X23 AL6061 OC2D,Unclassified,Other,999.0,999.0,,
000000001830249931,HEATSINK-EDFA 299X198X21 for II-VI pump,Optical_Module,Other,55.0,999.0,,
000000001830249939,HEATER FILM-174X64X0.5 OC2D,Unclassified,Other,999.0,999.0,,
000000001830249940,HOLDER-SINGLE LC ADAPTER OC0B,Adapters,LC_Variants,30.0,32.0,,
000000001830249960,HEATSIINK-IC 19X19 AL6061 OC2D,Unclassified,Other,999.0,999.0,,
000000001830249961,HEATSINK-IC 10X10 AL6061 OC2D,Unclassified,Other,999.0,999.0,,
000000001830249962,HEATSINK-IC 15X15 AL6061OC2D,Unclassified,Other,999.0,999.0,,
000000001830249963,HEATSINK-IC 10X10 AL6061 OC2D,Unclassified,Other,999.0,999.0,,
000000001830249964,WSS WASHER FOR SPEC 16043,Unclassified,Other,999.0,999.0,,
000000001830249965,OTDR WASHER FOR SPEC 16043,Unclassified,Other,999.0,999.0,,
000000001830249977,BOX-HEATER METAL FOR SPEC 16043,Unclassified,Other,999.0,999.0,,
000000001830249978,COVER-HEATER METAL FOR SPEC 16043,Unclassified,Other,999.0,999.0,,
000000001830249979,BOX-HEATER PLASTIC FOR SPEC 16043,Unclassified,Other,999.0,999.0,,
000000001830249980,COVER-HEATER PLASTIC FOR SPEC 16043,Unclassified,Other,999.0,999.0,,
000000001830249981,FIBER CLIP 5.6x4x4.5 FOR SPEC 16043,Unclassified,Other,999.0,999.0,,
000000001830249982,FIBER CLIP 5.6x4x6.5  FOR SPEC 16043,Unclassified,Other,999.0,999.0,,
000000001830249985,STDF B5.0XH3.9 FOR SPEC 16043,Unclassified,Other,999.0,999.0,,
000000001830249988,STDF B5.0XH5.0 FOR SPEC 16043,Unclassified,Other,999.0,999.0,,
000000001830249990,STDF B5.0XH6.8 FOR SPEC 16043,Unclassified,Other,999.0,999.0,,
000000001830249991,BLOCK-CONNECTION FOR SPEC 16043,Unclassified,Other,999.0,999.0,,
000000001830250006,HHEATSINK-CPU-1 FOR SPEC 16043,Unclassified,Other,999.0,999.0,,
000000001830250007,HEATSINK-CPU-2 FOR SPEC 16043,Unclassified,Other,999.0,999.0,,
000000001830250008,HEATSINK-POWER CHIP FOR SPEC 16043,Unclassified,Other,999.0,999.0,,
000000001830250011,HEATSINK-FBGA FOR SPEC 16043,Unclassified,Other,999.0,999.0,,
000000001830250012,HEATSINK-TEC FOR SPEC 16043,Unclassified,Other,999.0,999.0,,
000000001830250022,GUIDE-FIBEER-5 73X128X8 FOR SPEC 16043,Unclassified,Other,999.0,999.0,,
000000001830250023,THERMAL-PAD 4x4x1 XPHT-8035 FOR #16043,Unclassified,Other,999.0,999.0,,
000000001830250024,THERMAL-PAD 7x7x1 XPHT-8035 FOR #16043,Unclassified,Other,999.0,999.0,,
000000001830250027,THERMAL-PAD 19x19x1 XPHT-8035 FOR #16043,Unclassified,Other,999.0,999.0,,
000000001830250028,THERMAL-PAD 23x23x1 XPHT-8035 FOR #16043,Unclassified,Other,999.0,999.0,,
000000001830250032,GASKET-EMI(EQ6732Z0317HF) FOR SPEC 16043,Unclassified,Other,999.0,999.0,,
000000001830250041,FACEPLATE-6P FOR C2RPBMZZ-Y1,Unclassified,Other,999.0,999.0,,
000000001830250043,EMI Gasket-97.5X17.3X2.5 Larid FOF X1R,Unclassified,Other,999.0,999.0,,
000000001830250074,INSULATORO-PAD 48X16.5X0.13 GK-5BK,Unclassified,Other,999.0,999.0,,
000000001830250075,HOLDER-Component 81.8X22X8.8 AL6061,Unclassified,Other,999.0,999.0,,
000000001830250076,BOX-263X160X24.4 AL6061,Unclassified,Other,999.0,999.0,,
000000001830250077,COVER-261X158.9X11 AL6061,Unclassified,Other,999.0,999.0,,
000000001830250088,HEAT FILM FOR SPEC 16043,Unclassified,Other,999.0,999.0,,
000000001830250152,CLIP-FIBER 17.5X8.5X7 for heater OC2D,Unclassified,Other,999.0,999.0,,
000000001830250216,MAIN PCBA HOLDER FOR SPEC 16147,Unclassified,Other,999.0,999.0,,
000000001830250217,OA PCBA HOLDER FOR SPEC 16147,Unclassified,Other,999.0,999.0,,
000000001830250218,OA UNIT HOLDER-1 FOR SPEC 16147,Unclassified,Other,999.0,999.0,,
000000001830250219,OA UNIT HOLDER-2 FOR SPEC 16147,Unclassified,Other,999.0,999.0,,
000000001830250220,OA UNIT HOLDER-3 FOR SPEC 16147,Unclassified,Other,999.0,999.0,,
000000001830250221,OA UNIT HOLDER-4 FOR SPEC 16147,Unclassified,Other,999.0,999.0,,
000000001830250222,OA UNIT HOLDER-5 FOR SPEC 16147,Unclassified,Other,999.0,999.0,,
000000001830250223,OA UNIT HOLDER-6 FOR SPEC 16147,Unclassified,Other,999.0,999.0,,
000000001830250224,OA UNIT HOLDER-7 FOR SPEC 16147,Unclassified,Other,999.0,999.0,,
000000001830250225,OA UNIT HOLDER-8 FOR SPEC 16147,Unclassified,Other,999.0,999.0,,
000000001830250226,COVER HOLDER FOR SPEC 16147,Unclassified,Other,999.0,999.0,,
000000001830250227,8 PUMP HEATSINK for SPEC 16147,Unclassified,Other,999.0,999.0,,
000000001830250228,3 PUMP HEATSINK for SPEC 16147,Unclassified,Other,999.0,999.0,,
000000001830250230,STDF B5.0XH21.1 for SPEC 16147,Unclassified,Other,999.0,999.0,,
000000001830250231,SPACER B5.0XH7.0 for SPEC 16147,Unclassified,Other,999.0,999.0,,
000000001830250237,Fiber Guide-1 for SPEC 16147,Unclassified,Other,999.0,999.0,,
000000001830250238,CARRIER ASSY for SPEC 16147,Unclassified,Other,999.0,999.0,,
000000001830250239,COVER-1 FOR SPEC 16147,Unclassified,Other,999.0,999.0,,
000000001830250240,COVER-2 FOR SPEC 16147,Unclassified,Other,999.0,999.0,,
000000001830250241,FIBER TRAY-1 for SPEC 16147,Unclassified,Other,999.0,999.0,,
000000001830250242,FIBER TRAY-2 for SPEC 16147,Unclassified,Other,999.0,999.0,,
000000001830250243,FIBER TRAY-3 for SPEC 16147,Unclassified,Other,999.0,999.0,,
000000001830250244,Fiber Guide-2 for SPEC 16147,Unclassified,Other,999.0,999.0,,
000000001830250245,FACEPLATE-SGM 2RU SGCC OC2D,Unclassified,Other,999.0,999.0,,
000000001830250258,BOX-HEATER METAL FOR SPEC 16147,Unclassified,Other,999.0,999.0,,
000000001830250259,BOX-HEATER PLASTIC FOR SPEC 16147,Unclassified,Other,999.0,999.0,,
000000001830250260,COVER-HEATER PLASTIC FOR SPEC 16147,Unclassified,Other,999.0,999.0,,
000000001830250290,4 PORT GASKET FOR SPEC 16147,Unclassified,Other,999.0,999.0,,
000000001830250291,6 PORT GASKET FOR SPEC 16147,Unclassified,Other,999.0,999.0,,
000000001830250294,HEAT SHEET FOR SPEC 16107,Unclassified,Other,999.0,999.0,,
000000001830250355,Gasket EMI for 6 ports adapter,Adapters,Other,30.0,999.0,,
000000001830250361,Heatsink EDAF AL6061 SGM OC2D,Unclassified,Other,999.0,999.0,,
000000001830250452,SMTSO-M2X2.5 INSERT NUT FOR SPEC 16147,Unclassified,Other,999.0,999.0,,
000000001830250527,CLIP-FIBER 29.3X16.3X19.6 NYLON66,Unclassified,Other,999.0,999.0,,
000000001830250536,3 PUMP_II-VI HEATSINK for SPEC 16147,Unclassified,Other,999.0,999.0,,
000000001830250537,8 PUMP_II-VI HEATSINK for SPEC 16147,Unclassified,Other,999.0,999.0,,
000000001830250581,FACEPLATE-6P FOR C2RPBMZZ-Y2,Unclassified,Other,999.0,999.0,,
000000001830290251,HLDR-TOSA for QSFP+ PSM4,Unclassified,Transceiver_Rating,999.0,50.0,,
000000001830290382,BODY-FOR QSFP+ MPO,Unclassified,MPO_Group,999.0,10.0,,
000000001830290421,CVR-FOR SFP+,Unclassified,Transceiver_Rating,999.0,50.0,,
000000001830290447,CVR-FOR QSFP+ MPO,Unclassified,MPO_Group,999.0,10.0,,
000000001830290487,ACTUATOR-BLUE,Unclassified,Other,999.0,999.0,,
000000001830290753,THERMAL-PAD 5.08X5.08X2.03 T-fleX 780,Unclassified,Other,999.0,999.0,,
000000001830290761,THERMAL-PAD 7.63X7.63X2.03 T-fleX 380,Unclassified,Other,999.0,999.0,,
000000001830290770,THERMAL-PAD 8X6X1 Sarcon 100GR-M,Unclassified,Other,999.0,999.0,,
000000001830290808,THERMAL-PAD 8X6X0.8MM Sarcon GR-M,Unclassified,Other,999.0,999.0,,
000000001830290824,THERMAL-PAD FP 14X14X1MM XR-Pe,Unclassified,Other,999.0,999.0,,
000000001830290827,THERMAL-PAD FP 5X5X1.5MM XR-Pe,Unclassified,Other,999.0,999.0,,
000000001830290833,THERMAL-PAD FP 21X21X1MM XR-Pe,Unclassified,Other,999.0,999.0,,
000000001830290836,THERMAL-PAD 8X3X0.8MM Sarcon 80G-HM,Unclassified,Other,999.0,999.0,,
000000001830290837,THERMAL-PAD 8X4X0.3MM Sarcon 30G-HM,Unclassified,Other,999.0,999.0,,
000000001830290839,THERMAL-PAD FP 5X4X1MM XR-Pe,Unclassified,Other,999.0,999.0,,
000000001830290953,SHIELD-EMI TRP DWDM(OCPU 22243-0046),Unclassified,Other,999.0,999.0,,
000000001830290967,SHIELD-<NO SURFACE TREATMENT>,Unclassified,Other,999.0,999.0,,
000000001830291120,CLIP-FIBER U-TYPE 4.5X2.2X2.2MM PA66,Unclassified,Other,999.0,999.0,,
000000001830291280,CLAMP-FOR QSFP+,Unclassified,Transceiver_Rating,999.0,50.0,,
000000001830291333,CLIP-FIXING OF TOSA ROSA PULL TAB SFP28,Unclassified,Other,999.0,999.0,,
000000001830291337,ABSORBER-EMI 19 x 5.5 x 0.5mm,Unclassified,Other,999.0,999.0,,
000000001830291342,ABSORBER-EMI 13.5X5.5X2MM Laird GDS,Unclassified,Other,999.0,999.0,,
000000001830291354,ABSORBER-EMI 24.5X5X0.5 QSFP28 LR4,Unclassified,Transceiver_Rating,999.0,50.0,,
000000001830291370,GASKET-EMI On TOSA ROSA φ3.0±0.5mm,Unclassified,Other,999.0,999.0,,
000000001830291479,BODY-FOR SFP BIDI,Unclassified,Transceiver_Rating,999.0,50.0,,
000000001830291482,BODY-for QSFP28 LR4 phase II,Unclassified,Transceiver_Rating,999.0,50.0,,
000000001830291517,PLATE-NECK LOCK,Unclassified,Other,999.0,999.0,,
000000001830291520,LATCH-STANDARD FOR QSFP28 LR4,Unclassified,Transceiver_Rating,999.0,50.0,,
000000001830291525,BODY-SFP+ LR/SR1,Unclassified,Transceiver_Rating,999.0,50.0,,
000000001830291526,CVR-FOR SFP+ LR,Unclassified,Transceiver_Rating,999.0,50.0,,
000000001830291533,ABSORBER-B 3X11 FOR SFP+ LR-X,Unclassified,Transceiver_Rating,999.0,50.0,,
000000001830291534,ABSORBER-C 7X9 FOR SFP+ LR-X,Unclassified,Transceiver_Rating,999.0,50.0,,
000000001830291535,THERMAL-PAD 14X6X0.5MM HD90000,Unclassified,Other,999.0,999.0,,
000000001830291537,THERMAL-PAD 4X4X0.75MM HD90000,Unclassified,Other,999.0,999.0,,
000000001830291561,SPRING-1.5X0.18X7mm FOR SFP28,Unclassified,Other,999.0,999.0,,
000000001830291564,POST COVER FOR SFP28,Unclassified,Other,999.0,999.0,,
000000001830291566,PULL TAB FOR SFP28,Unclassified,Other,999.0,999.0,,
000000001830291567,POST FOR SFP28,Unclassified,Other,999.0,999.0,,
000000001830291570,ABSORBER FOR SFP BIDI BODY,Unclassified,Transceiver_Rating,999.0,50.0,,
000000001830291571,ABSORBER FOR SFP BIDI COVER,Unclassified,Transceiver_Rating,999.0,50.0,,
000000001830291572,EMI GASKET FOR SFP FINGER,Unclassified,Transceiver_Rating,999.0,50.0,,
000000001830291575,GASKET-EMI ROSA,Unclassified,Other,999.0,999.0,,
000000001830291576,GASKET-EMI TOSA,Unclassified,Other,999.0,999.0,,
000000001830291578,BODY-newfor pull-tab SFP28,Unclassified,Other,999.0,999.0,,
000000001830291581,ABSORBER FOR SFP BIDI BODY,Unclassified,Transceiver_Rating,999.0,50.0,,
000000001830291582,ABSORBER FOR SFP BIDI COVER,Unclassified,Transceiver_Rating,999.0,50.0,,
000000001830291599,PULL TAB FOR SFP28 TOKEN RING PURPLE,Unclassified,Other,999.0,999.0,,
000000001830291600,PULL TAB FRO SFP28 SAFETY BLUE,Unclassified,Other,999.0,999.0,,
000000001830291602,THERMAL-PAD 5X5X2MM GR-M,Unclassified,Other,999.0,999.0,,
000000001830291628,NEW BODY FOR SFP BIDI A193,Unclassified,Transceiver_Rating,999.0,50.0,,
000000001830291645,ABSORBER GDS 6X4X0.6,Unclassified,Other,999.0,999.0,,
000000001830291647,ABSORBER CZ600 15X11.6X2,Unclassified,Other,999.0,999.0,,
000000001830291649,INSULATOR-8X6X0.06,Unclassified,Other,999.0,999.0,,
000000001830291668,ABSORBER GDS 15X11.4X2,Unclassified,Other,999.0,999.0,,
000000001830291674,INSULATOR-12X4.5X0.06,Unclassified,Other,999.0,999.0,,
000000001830291676,ABSORBER-12.5X4.5X1,Unclassified,Other,999.0,999.0,,
000000001830291704,THERMAL-PAD 9X9X1 XR-Pe,Unclassified,Other,999.0,999.0,,
000000001830291707,THERMAL-PAD 4X4X0.5MM Sarcon PG80B,Unclassified,Other,999.0,999.0,,
000000001830291708,THERMAL-PAD 5.7X5.7X1MM XR PE,Unclassified,Other,999.0,999.0,,
000000001830291711,STANDARD DIE CASTING POST,Unclassified,Other,999.0,999.0,,
000000001830291718,COVER  FOR  QSFP28,Unclassified,Transceiver_Rating,999.0,50.0,,
000000001830291763,Absorber(CZ600)12.7X2.8X1mm A193 BiDi LR,Unclassified,Other,999.0,999.0,,
000000001830291771,THERMAL-PAD 5.5X5.5X1MM GR-M,Unclassified,Other,999.0,999.0,,
000000001830291772,Absorber on OSA FPC,Unclassified,Other_Connector_Types,999.0,40.0,,
000000001830291793,SHORT LATCH FOR SFP28,Unclassified,Other,999.0,999.0,,
000000001830292001,ACTUATOR-Green,Unclassified,Other,999.0,999.0,,
000000001830292002,ACTUATOR-Grey,Unclassified,Other,999.0,999.0,,
000000001830292010,CVR-<DIE-CASTING NICKER PLATED>,Unclassified,Other,999.0,999.0,,
000000001830292011,"ACTUATOR, For Cisco CuSFP",Unclassified,Other,999.0,999.0,,
000000001830292012,BASE-Cisco CuSFP,Unclassified,Other,999.0,999.0,,
000000001830292013,SLIDE <DIE-CASTING NICKEL PLATED>,Unclassified,Other,999.0,999.0,,
000000001830330023,WASHER-Sealing 6.5X1.78 ID2.9,Unclassified,Other,999.0,999.0,,
000000001830330025,SCR-PHPH 4-40X1/4 SS NYLON,Unclassified,Other,999.0,999.0,,
000000001830330027,CLIP-MICRO WIRE SADDLE W/ADHES BASE,Unclassified,Other,999.0,999.0,,
000000001830330054,STDOFF M-F HEX4X8 M2X5 M2X5 SS,Unclassified,Other,999.0,999.0,,
000000001830330084,STDOFF F-F HEX4X13 M2X5 M2X5 SS,Unclassified,Other,999.0,999.0,,
000000001830330251,WASHER-FLAT 4X0.4 SST 200pcs/strip pkg,Unclassified,Other,999.0,999.0,,
000000001830330260,RUBBER PARTS FEC:GEARVY0378,Unclassified,Other,999.0,999.0,,
000000001830330267,CLIP-FIBER C-TYPE 12-6X5.4MM PC,Unclassified,Other,999.0,999.0,,
000000001830330287,CLIP-FIBER 9.6X6.5X7MM CRS (MP502128),Unclassified,Other,999.0,999.0,,
000000001830330299,CLIP-FIBER 9.6X6.5X11MM CRS,Unclassified,Other,999.0,999.0,,
000000001830330302,CLIP-FIBER L-TYPE 3.6X5X10MM PC,Unclassified,Other,999.0,999.0,,
000000001830330338,CLIP-FIBER L-TYPE 6X4X7.8MM CRS,Unclassified,Other,999.0,999.0,,
000000001830330340,CLIP-FIBER U-TYPE 8X8X4MM CRS,Unclassified,Other,999.0,999.0,,
000000001830330343,CLIP-FIBER 15.5X12.44X16.3 NYLON(RICHCO,Unclassified,Other,999.0,999.0,,
000000001830330402,SCR-FHPH M2.5X6 SS NYLOK,Unclassified,Other,999.0,999.0,,
000000001830330405,SCR-FHPH M1.2X3.5 SS,Unclassified,Other,999.0,999.0,,
000000001830330411,N9001938-00 SCR-FHPH M2X3 SS,Unclassified,Other,999.0,999.0,,
000000001830330453,SCR-FHPH M3X6 CS NYLOK,Unclassified,Other_Connector_Types,999.0,40.0,,
000000001830330479,SCR-PHPH M2.5X5 SS NYLON,Unclassified,Other,999.0,999.0,,
000000001830330519,SCR-PHPH M2.5X6 CS NYLOK,Unclassified,Other_Connector_Types,999.0,40.0,,
000000001830330547,SCR-FHPH M3X4 SS,Unclassified,Other,999.0,999.0,,
000000001830330569,SCR-FHPH M1.2X2.5 SS,Unclassified,Other,999.0,999.0,,
000000001830330603,NUT-INSERT NUT M2.5 W5.56 H3.53 CS,Unclassified,Other_Connector_Types,999.0,40.0,,
000000001830330610,SCR-PHPH M3X8 SS NYLOK,Unclassified,Other,999.0,999.0,,
000000001830330635,SCR-FHPH M1.2X5.5 SS,Unclassified,Other,999.0,999.0,,
000000001830330638,SCR-PHPH M2X4 SS,Unclassified,Other,999.0,999.0,,
000000001830330639,SCR-FHPH M2X4 SS (RAMIX),Unclassified,Other,999.0,999.0,,
000000001830330643,SCR-FHPH M2X4 SS,Unclassified,Other,999.0,999.0,,
000000001830330647,SCR-FHPH M2X4 SS,Unclassified,Other,999.0,999.0,,
000000001830330694,SCR-FHPH M2.5X4 SS,Unclassified,Other,999.0,999.0,,
000000001830330703,SCR-FHPH M2.5X5 SS WITH NYLOK,Unclassified,Other,999.0,999.0,,
000000001830330709,SCR-PHPH M2.5X16 SS NYLOK,Unclassified,Other,999.0,999.0,,
000000001830330728,SCR-PHPH M2X10 SS,Unclassified,Other,999.0,999.0,,
000000001830330734,SCR-FHPH M2.5x6 SS,Unclassified,Other,999.0,999.0,,
000000001830330744,SCR-FHPH 2-56X3/8 BLACK SS,Unclassified,Other,999.0,999.0,,
000000001830330749,SCR-FHPH M1.2X4,Unclassified,Other,999.0,999.0,,
000000001830330751,SCR-FHPH 2-56X1/8 BLACK SS UNDERCUT,Unclassified,Other,999.0,999.0,,
000000001830330752,SCR-FHPH M2X4 SS,Unclassified,Other,999.0,999.0,,
000000001830330767,SCR-PHPH M1.6X5 SS,Unclassified,Other,999.0,999.0,,
000000001830330790,CLIP-FIBER 7.3X9X4MM NYLON(RICHCO),Unclassified,Other,999.0,999.0,,
000000001830330792,SCR-PHPH M2.5X6 SS,Unclassified,Other,999.0,999.0,,
000000001830330797,SCR-FHPH 2-56X3/16 BLACK SS UNDERCUT,Unclassified,Other,999.0,999.0,,
000000001830330804,SCR-FHPH 2-56X1/8 SS,Unclassified,Other,999.0,999.0,,
000000001830330818,SCR-PHPH 4-40X1/8 SS,Unclassified,Other,999.0,999.0,,
000000001830330819,SCR-PHPH 4-40X3/16 SS,Unclassified,Other,999.0,999.0,,
000000001830330851,SCR-FHPH M3X8 SS NYLOK,Unclassified,Other,999.0,999.0,,
000000001830330887,N9001951-00 SCR-PHPH M2X4 SS,Unclassified,Other,999.0,999.0,,
000000001830330903,SCR-FHPH M2X4 BLACK SS,Unclassified,Other,999.0,999.0,,
000000001830330905,SCR-FHPH M2X6 SS,Unclassified,Other,999.0,999.0,,
000000001830330923,NUT-HEX M3 W5.5 H2.4 SST,Unclassified,Other,999.0,999.0,,
000000001830330931,SCR-PHPH M4X5 SS,Unclassified,Other,999.0,999.0,,
000000001830330933,SCR-FHPH M2.5X8 SS,Unclassified,Other,999.0,999.0,,
000000001830330950,SCR-PHPH M5X8 SS,Unclassified,Other,999.0,999.0,,
000000001830330982,WASHER-FLAT 6.64X0.5 ID 3.2 SST,Unclassified,Other,999.0,999.0,,
000000001830331000,SCR-FHPH 6-32x1/4 SS,Unclassified,Other,999.0,999.0,,
000000001830331034,SCR-PHPH M3X10 SS NYLOK,Unclassified,Other,999.0,999.0,,
000000001830331035,SCR-PHPH M2X5 SS NYLOK,Unclassified,Other,999.0,999.0,,
000000001830331036,SCR-PHPH M3X20 SS NYLOK,Unclassified,Other,999.0,999.0,,
000000001830331037,SCR-PHPH M3X6 SS NYLOK,Unclassified,Other,999.0,999.0,,
000000001830331038,SCR-PHPH M2X6 SS NYLOK,Unclassified,Other,999.0,999.0,,
000000001830331039,SCR-FHPH M3X5 SS WITH NYLOK,Unclassified,Other,999.0,999.0,,
000000001830331040,SCR-FHPH M2X5 SS WITH NYLOK,Unclassified,Other,999.0,999.0,,
000000001830331041,SCR-FHPH M3X10 SS,Unclassified,Other,999.0,999.0,,
000000001830331045,SCR-PHPH M3X18 SS NYLOK&LOCK WSHR,Unclassified,Other,999.0,999.0,,
000000001830331052,NUT-INSERT NUT M3 W5.56 H3.53 CS,Unclassified,Other_Connector_Types,999.0,40.0,,
000000001830331053,NUT-INSERT NUT M2 W5.56 H3.53 CS,Unclassified,Other_Connector_Types,999.0,40.0,,
000000001830331442,CLIP-FIBER 22.4X12.7X10 NYLON(RICHCO),Unclassified,Other,999.0,999.0,,
000000001830331443,CLIP-FIBER 12.7X9.7X6.4 NYLON(RICHCO),Unclassified,Other,999.0,999.0,,
000000001830331446,PULL HANDLE-4-40 MEMASTER 1568A62,Unclassified,Other,999.0,999.0,,
000000001830331447,PIN GUIDE SM GROOVED MTP Elite L11.4,Unclassified,MTP_Group,999.0,11.0,,
000000001830331462,NUT-INSERT NUT M2 W5.56 H3.2 BRASS SMT,Unclassified,Other,999.0,999.0,,
000000001830331464,SCR-SHOULDER FHPH 4-40 SS,Unclassified,Other,999.0,999.0,,
000000001830331469,SCR-FHPH M4X6 SS WITH NYLOK,Unclassified,Other,999.0,999.0,,
000000001830331477,SCR-SHOULDER PHPH 4-40 SS NYLOK,Unclassified,Other,999.0,999.0,,
000000001830331487,SCR-THIN HEAD PHIS M2.5X5 NYLOK CHEESE,Unclassified,Other,999.0,999.0,,
000000001830331501,SCR-PHPH M3X5.5 SS NYLOK,Unclassified,Other,999.0,999.0,,
000000001830331504,SCR-THIN HEAD PHIS M3X6 CS NYLOK,Unclassified,Other_Connector_Types,999.0,40.0,,
000000001830331528,SCR-PHPH M3X5 SS NYLOK,Unclassified,Other,999.0,999.0,,
000000001830331540,SCR-THIN HEAD PHIS M4X6 CS,Unclassified,Other_Connector_Types,999.0,40.0,,
000000001830331549,WASHER-Split Lock 9.2X1.1 ID5.4 SST,Splitter_Cables,Other,18.0,999.0,,
000000001830331652,N0003731-00 Protective Vents 3.3X7.6<ZY>,Unclassified,Other,999.0,999.0,,
000000001830331659,N9001204-01 TAP-CVR Plate Glue Layer BR,Unclassified,Other,999.0,999.0,,
000000001830331682,N9000622-00 SCR-PHPH M3x6 SS NYLON,Unclassified,Other,999.0,999.0,,
000000001830331686,N9000741-00 SCR-FHPH M2x4 SS NYLON,Unclassified,Other,999.0,999.0,,
000000001830331715,N9001302-00 Threaded M1.6 .060 H .06 PCB,Unclassified,Other,999.0,999.0,,
000000001830331725,SCR-PHPH M1.2X3 SS NYLOK,Unclassified,Other,999.0,999.0,,
000000001830331794,N9001480-00 THERMAL-PAD 12X10X1,Unclassified,Other,999.0,999.0,,
000000001830331802,FOAM 51D27 L=88MM FRD,Unclassified,Other,999.0,999.0,,
000000001830331826,NUT-INSERT NUT M1.6 W3.18 H2.48 CS,Unclassified,Other_Connector_Types,999.0,40.0,,
000000001830331829,N9001387-03 THERMAL-PAD 60.1X25.5X1,Unclassified,Other,999.0,999.0,,
000000001830331832,N9001551-00 THERMAL-PAD 106X48X2,Unclassified,Other,999.0,999.0,,
000000001830331833,N9001552-00 THERMAL-PAD 36X21X0.5,Unclassified,Other,999.0,999.0,,
000000001830331834,N9001553-00 THERMAL-PAD 29X16.5X1,Unclassified,Other,999.0,999.0,,
000000001830331880,WASHER-FLAT 6.4X0.64 ID2.5 SST,Unclassified,Other,999.0,999.0,,
000000001830331901,SPRING-D0.12 FOR SFP28,Unclassified,Other,999.0,999.0,,
000000001830331908,TIE-CBL W4.8 L203 UL94V0 NATURE,Unclassified,Other,999.0,999.0,,
000000001830331914,SPRING-CPU 3RD,Unclassified,Other,999.0,999.0,,
000000001830331915,SCR-SHOULDER SHC HEX M2 SS NYLOK,Unclassified,Other,999.0,999.0,,
000000001830331921,NUT-INSERT NUT M1.4 W4 H4.5 SST,Unclassified,Other,999.0,999.0,,
000000001830331946,SCR-FHPH M3X4 SS ALOK,Unclassified,Other,999.0,999.0,,
000000001830331949,N9002104-00 SCR-PHPH M2X4 SS NYLOK,Unclassified,Other,999.0,999.0,,
000000001830331993,THERMAL-PAD 11.8X7.1X1.5 TGP5000,Unclassified,Other,999.0,999.0,,
000000001830332001,SCR-PHPH M2.5X4 BLACK SS,Unclassified,Other,999.0,999.0,,
000000001830332006,STDOFF F-F ROD5.56X13 M2.5X6 M3X6 CS,Unclassified,Other_Connector_Types,999.0,40.0,,
000000001830332007,STDOFF F-F RODF4X7.3 ThrdM2 CS,Unclassified,Other_Connector_Types,999.0,40.0,,
000000001830332008,STDOFF F-F ROD5.56X10 ThrdM2.5 CS,Unclassified,Other_Connector_Types,999.0,40.0,,
000000001830332009,STDOFF F-F ROD5.56X2.5 ThrdF2.8 CS,Unclassified,Other_Connector_Types,999.0,40.0,,
000000001830332010,STDOFF F-F ROD5.56X10 ThrdM3 CS,Unclassified,Other_Connector_Types,999.0,40.0,,
000000001830332011,SCR-FHPH M3X6 SS NYLOK,Unclassified,Other,999.0,999.0,,
000000001830332014,STDOFF M-F HEX5X4.5 M3X5 M3X3.5 SS,Unclassified,Other,999.0,999.0,,
000000001830332015,STDOFF M-F HEX5X17.1 M3X7 M3X5 SS,Unclassified,Other,999.0,999.0,,
000000001830332016,STDOFF M-F HEX5X8.1 M3X5.2 M3X5.5 SS,Unclassified,Other,999.0,999.0,,
000000001830332018,STDOFF M-F HEX5X12.5 M3X6 M3X5.5 SS,Unclassified,Other,999.0,999.0,,
000000001830332020,STDOFF M-F HEX5X12 M3X7.8 M2X4 SS,Unclassified,Other,999.0,999.0,,
000000001830332021,STDOFF M-F HEX5X7.5 M3X4 M3X5 SS,Unclassified,Other,999.0,999.0,,
000000001830332022,NUT-CAP NUT HEX M2.5 W4 H6 SST,Unclassified,Other,999.0,999.0,,
000000001830332023,WASHER-FLAT 4.2X1 ID2.6 SST,Unclassified,Other,999.0,999.0,,
000000001830332024,WASHER-FLAT 7.2X0.5 ID2.6 SST,Unclassified,Other,999.0,999.0,,
000000001830332025,WASHER-FLAT 10X0.3 ID3.3 SST,Unclassified,Other,999.0,999.0,,
000000001830332026,SCR-SHOULDER SHC HEX M2.5 SS NYLOK,Unclassified,Other,999.0,999.0,,
000000001830332028,SCR-THIN HEAD PHIS M3X8 SS NYLON,Unclassified,Other,999.0,999.0,,
000000001830332031,SCR-FHPH M1.6X2.5 CS NYLOK,Unclassified,Other_Connector_Types,999.0,40.0,,
000000001830332081,CLIP-FIBER 17.5X10.8X5 NYLON(EMIT),Unclassified,Other,999.0,999.0,,
000000001830332095,STDOFF F-F RODF4X7.8 ThrdM2 CS,Unclassified,Other_Connector_Types,999.0,40.0,,
000000001830332096,NUT-INSERT NUT M2(2X) W17.9X5.2 H9.33 CS,Unclassified,Other_Connector_Types,999.0,40.0,,
000000001830332097,NUT-INSERT NUT M2(2X) W17.9X5.2 H9.58 CS,Unclassified,Other_Connector_Types,999.0,40.0,,
000000001830332107,SCR-FHPH 2-56X1/8 SS,Unclassified,Other,999.0,999.0,,
000000001830332117,Light pipe for OD0H JDM,Unclassified,Other,999.0,999.0,,
000000001830332122,SCR-FHPH M2X8 SS NYLOK,Unclassified,Other,999.0,999.0,,
000000001830332139,SCR-TAPPING PHPH #2-32X7.9 SS,Unclassified,Other,999.0,999.0,,
000000001830332141,WASHER-FLAT 4.5X0.25 ID2.3 FORMEX GK-10,Unclassified,Other,999.0,999.0,,
000000001830332142,SCR-FHPH M2.5X12 SS NYLOK,Unclassified,Other,999.0,999.0,,
000000001830332148,STANDOFF_M3X6.1,Unclassified,Other,999.0,999.0,,
000000001830332149,STANDOFF_M3X10.1,Unclassified,Other,999.0,999.0,,
000000001830332150,STANDOFF_M3X7.3,Unclassified,Other,999.0,999.0,,
000000001830332151,STANDOFF_M3X5.3,Unclassified,Other,999.0,999.0,,
000000001830332152,HEATER_STANDOFF_M3,Unclassified,Other,999.0,999.0,,
000000001830332157,SCR-THIN HEAD HEX M2.5X4.8 SS,Unclassified,Other,999.0,999.0,,
000000001830332158,N9001949-00 SCR-FHPH M2X4 SS NYLOK,Unclassified,Other,999.0,999.0,,
000000001830332160,NUT-INSERT NUT M2 W5.56 H3.73 Y15Pb,Unclassified,Other,999.0,999.0,,
000000001830332161,STDOFF M-F ROD8.74X1 M5X8.5/M2.5X6 BRASS,Unclassified,Other,999.0,999.0,,
000000001830332164,SFP Cage with heatsink,Unclassified,Transceiver_Rating,999.0,50.0,,
000000001830332178,STDOFF M-F HEX6X10.6 M3X5.5 M3X6 SS,Unclassified,Other,999.0,999.0,,
000000001830332179,STDOFF M-F HEX6X25.2 M3X6 M3X6 SS,Unclassified,Other,999.0,999.0,,
000000001830332181,SCR-FHPH M3X6 SS NYLOK,Unclassified,Other,999.0,999.0,,
000000001830332183,NUT-CAP NUT M5 W11.8 H5 SST,Unclassified,Other,999.0,999.0,,
000000001830332188,WASHER-FLAT 5X1.6 ID2.2 PC,Unclassified,Other,999.0,999.0,,
000000001830332196,MARK-BAND ID0.9 OD1.7 L2.5 YELLOW BLANK,Unclassified,Other,999.0,999.0,,
000000001830332197,SPRING-1.5X0.15X7mm FOR SFP28,Unclassified,Other,999.0,999.0,,
000000001830332219,SCR-PHPH M3X4 SS,Unclassified,Other,999.0,999.0,,
000000001830332220,SCR-FHPH M3X6 SS,Unclassified,Other,999.0,999.0,,
000000001830332222,STDOFF M-F HEX5X6.4 M3X5.5 M3X4 SS,Unclassified,Other,999.0,999.0,,
000000001830332223,STDOFF M-M HEX5X5.3 M3X5.5 M2X4 SS,Unclassified,Other,999.0,999.0,,
000000001830332224,NUT-CAP NUT M3 W6 H5 SST,Unclassified,Other,999.0,999.0,,
000000001830332225,STDOFF M-F ROD5.4X9 M2X4 M2.5X5.5 SS,Unclassified,Other,999.0,999.0,,
000000001830332226,STDOFF M-F ROD5.4X8 M2X5M2.5X5.5 SS,Unclassified,Other,999.0,999.0,,
000000001830332227,STDOFF M-F ROD5.4X6.5 M2X4 M2.5X4 SS,Unclassified,Other,999.0,999.0,,
000000001830332268,SCR-FHPH 2-56X1/8 SS NYLOK,Unclassified,Other,999.0,999.0,,
000000001830332269,SCR-PHPH 4-40X1/8 SS NYLOK,Unclassified,Other,999.0,999.0,,
000000001830332270,SCR-PHPH M1.6X5 SS NYLOK,Unclassified,Other,999.0,999.0,,
000000001830332274,SCR-Shoulder M2X4 F3X4 SST,Unclassified,Other,999.0,999.0,,
000000001830332276,STANDOFF_14.4 FOR OC0D,Unclassified,Other,999.0,999.0,,
000000001830332277,STANDOFF_18.8 FOR OC0D,Unclassified,Other,999.0,999.0,,
000000001830332278,STANDOFF_35.8 FOR OC0D,Unclassified,Other,999.0,999.0,,
000000001830332283,STANDOFF-6.7 D2 PUMP SUS303 FOR OC0D,Unclassified,Other,999.0,999.0,,
000000001830332284,STANDOFF-6.7 D2 PUMP W SUS303 FOR OC0D,Unclassified,Other,999.0,999.0,,
000000001830332285,STANDOFF-S PUMP S SUS303 FOR OC0D,Unclassified,Other,999.0,999.0,,
000000001830332286,STANDOFF-S PUMP D SUS303 FOR OC0D,Unclassified,Other,999.0,999.0,,
000000001830332309,SCR-THIN FHPH M3X6 SST NYLOK for OC0D,Unclassified,Other,999.0,999.0,,
000000001830332310,STANDOFF-M-F H=7.1 SUS303 for OC0D,Unclassified,Other,999.0,999.0,,
000000001830332312,VIBRATION-PAD 31X8X1 NE9160,Unclassified,Other,999.0,999.0,,
000000001830332314,STDOFF M-F HEX4X11 M2x4.5 M2x4,Unclassified,Other,999.0,999.0,,
000000001830332315,STDOFF M-F ROD5X16.3 M2X3 M2X4,Unclassified,Other,999.0,999.0,,
000000001830332316,STDOFF M-F ROD5X10.95 M2X5.5 M2X4,Unclassified,Other,999.0,999.0,,
000000001830332317,STDOFF M-F ROD5X13.95 M2X5.5 M2X4,Unclassified,Other,999.0,999.0,,
000000001830332318,STDOFF M-F ROD5X10.65 M3X7.5 M2.5X5,Unclassified,Other,999.0,999.0,,
000000001830332319,STDOFF M-F ROD5X11.65 M2X5.5 M2X4,Unclassified,Other,999.0,999.0,,
000000001830332324,STDOFF M-F ROD5X9.2 M2.5X6 M2X4,Unclassified,Other,999.0,999.0,,
000000001830332326,STDOFF M-F ROD5X14.15 M3X7.5 M2X4,Unclassified,Other,999.0,999.0,,
000000001830332327,SCR-FHPH M3X13,Unclassified,Other,999.0,999.0,,
000000001830332329,N0004041-01 INSULATION_PAD-FOR BR IO,Unclassified,Other,999.0,999.0,,
000000001830332333,N9002038-00 SCR ULTRA THIN HEAD M1.6X4,Unclassified,Other,999.0,999.0,,
000000001830332352,N9002037-00 Washer Flat ID1.7 OD4 H1 SST,Unclassified,Other,999.0,999.0,,
000000001830332369,THERMAL-PAD A 35X11X2.5 XPHT-6145,Unclassified,Other,999.0,999.0,,
000000001830332370,THEENAL-PAD B 12X14X3 XPHT-6145,Unclassified,Other,999.0,999.0,,
000000001830332371,THERMAL-PAD C 16.5X7.5X2 XPHT-6145,Unclassified,Other,999.0,999.0,,
000000001830332372,THERMAL-PAD D 15X15X0.5 XPHT-8066,Unclassified,Other,999.0,999.0,,
000000001830332373,THERMAL-PAD E 10.8X10.8X0.5 XPHT-8066,Unclassified,Other,999.0,999.0,,
000000001830332374,THERMAL-PAD F 20X10X2.5 XPHT-6145,Unclassified,Other,999.0,999.0,,
000000001830332403,STDOFF M-F ROD5X5.85,Unclassified,Other,999.0,999.0,,
000000001830332404,STDOFF M-F ROD5X4.8,Unclassified,Other,999.0,999.0,,
000000001830332405,STDOFF M-F ROD5X8.35,Unclassified,Other,999.0,999.0,,
000000001830332406,STDOFF M-F ROD5X9.8,Unclassified,Other,999.0,999.0,,
000000001830332407,SPACER-M3X3.35 SUS303,Unclassified,Other,999.0,999.0,,
000000001830332415,Standoff M3X7 H5.5 L5.5 M2X4,Unclassified,Other,999.0,999.0,,
000000001830332417,STANDOFFS M2x7 H4 L8.7 M2X4,Unclassified,Other,999.0,999.0,,
000000001830332418,STANDOFFS M3X7 H5.5 L8 M2X4,Unclassified,Other,999.0,999.0,,
000000001830332419,STANDOFF M2X5 H5.5 L21.6 M2X5.5,Unclassified,Other,999.0,999.0,,
000000001830332420,STANDOFF M2X7 H5.5 L19 M2X5.5,Unclassified,Other,999.0,999.0,,
000000001830332421,STANDOFF-M3X6 H5.5 L30 M3X6,Unclassified,Other,999.0,999.0,,
000000001830332423,STANDOFF-M3X7 H5 L35.1 M2X5.5,Unclassified,Other,999.0,999.0,,
000000001830332424,STANDOFF-M3X6 H5.5 L6.35 4-40X4,Unclassified,Other,999.0,999.0,,
000000001830332425,GASKET-EMI MPN EQ7732Z0316HF,Unclassified,Other,999.0,999.0,,
000000001830332427,SCR-SHOULDER SHC HEX M3 SS,Unclassified,Other,999.0,999.0,,
000000001830332448,SCR-PHPH M2X6 SS NYLOK FLANGE 5.0,Unclassified,Other,999.0,999.0,,
000000001830332450,VIBRATION-PAD ∅7X1 NE9160,Unclassified,Other,999.0,999.0,,
000000001830332456,SCR FHPH M2.5X6 T0.8 SS NYLOK,Unclassified,Other,999.0,999.0,,
000000001830332481,PIN guide M2.5 L10mm,Unclassified,Other,999.0,999.0,,
000000001830332482,Rubber pad 7X5X1.5,Unclassified,Other,999.0,999.0,,
000000001830340192,CONN-LCA(0.5um) 0.9 SM GREEN PRE-ASSEMBL,Unclassified,Other,999.0,999.0,,
000000001830340278,CONN-LC SM BLUE HSG NO BOOT FOR 900um,Unclassified,LC_Variants,999.0,32.0,,
000000001830340319,LC/UPC Pigtail Grade A,Pigtails,LC_Variants,10.0,30.0,,
000000001830340320,LC/UPC-LC/UPC Jumper Grade A,Jumpers,LC_Variants,22.0,30.0,,
000000001830340321,LC/UPC-LC/UPC Jumper Red 3mm 25.25 B3,Jumpers,LC_Variants,22.0,30.0,,
000000001830340332,CONN-LCA SM 2MM MINI PURPLE BOOT LOWLOSS,Unclassified,Other,999.0,999.0,,
000000001830340333,ADPT-LC 4WAY GREEN N/MOUNT W/DOOR,Unclassified,LC_Variants,999.0,32.0,,
000000001830340336,CONN-LCA SM 2MM MINI ORANGE BOOT LOWLOSS,Unclassified,Other,999.0,999.0,,
000000001830340348,CONN-LCU(0.3um) 0.9 SM BLUE HSG&WHT BOOT,Unclassified,LC_Variants,999.0,31.0,,
000000001830340349,CONN-LCU(0.3um) 2.0 SM BLUE HSG&WHT BOOT,Unclassified,LC_Variants,999.0,31.0,,
000000001830340364,LC/UPC-LC/UPC 272+/-5mm Jumper Grade A,Jumpers,LC_Variants,22.0,30.0,,
000000001830360231,DUST CAP-LC ADAP,Adapters,LC_Variants,30.0,32.0,,
000000001830360234,DUST CAP-LC 13.7X9.5X5.5 CAN HOLD HSG,Accessories,LC_Variants,85.0,32.0,,
000000001830360239,DUST CAP-LC ADAP SIMPLEX,Adapters,LC_Variants,30.0,32.0,,
000000001830360247,DUST CAP-SC FERRULE DUPLEX,Accessories,Other_Connector_Types,85.0,40.0,,
000000001830360262,DUST CAP-DUAL SFP LC TPV PLUG,Accessories,LC_Variants,85.0,32.0,,
000000001830360366,BOOT-LC 900um WHITE L17mm,Unclassified,LC_Variants,999.0,32.0,,
000000001830360417,DUST CAP-EMI XFP AND QSFP,Accessories,Transceiver_Rating,85.0,50.0,,
000000001830360435,DUST CAP-LC CONNECTOR WHITE UL94-V0,Accessories,LC_Variants,85.0,32.0,,
000000001830360550,FERRULE-MTP 36F SM LOW LOSS W/BOOT,Unclassified,MTP_Group,999.0,11.0,,
000000001830360576,FERRULE-MTP 24F SM Elite USconec:18184,Unclassified,MTP_Group,999.0,11.0,,
000000001830360581,DUST CAP-LC ADAP SIMPLEX WHITE,Adapters,LC_Variants,30.0,32.0,,
000000001830370122,ADPT-LC 4WAY BLUE N/MOUNT W/DOOR,Unclassified,LC_Variants,999.0,32.0,,
000000001830370152,ADPT-MTP 1WAY BLACK N/MOUNT 2CAPS<ZY>,Unclassified,MTP_Group,999.0,11.0,,
000000001830370239,ADPT-CS 2CH(4-FIBER)4WAY 682-21-HK1,Unclassified,Other_Connector_Types,999.0,40.0,,
000000001830370312,ADPT-LC 2WAY BLUE N/MOUNT 29.2X11.3X15.6,Unclassified,LC_Variants,999.0,32.0,,
000000001830390004,ADPT-CS QUAD CHANNEL SENKO_684-21-HK1,Unclassified,Other_Connector_Types,999.0,40.0,,
000000001830390005,ADPT-CS SINGLE CHANNEL SENKO_681-21-HK1,Unclassified,Other_Connector_Types,999.0,40.0,,
000000001830390012,ADPT-LC SIMPLEX BLUE SENKO 98D-111-A,Unclassified,LC_Variants,999.0,32.0,,
000000001830402093,CHIP-LD DFB 25G QSFP+28 1310,Unclassified,Transceiver_Rating,999.0,50.0,,
000000001830402247,PUMP-980 320MW WITH COOLER,Unclassified,Other,999.0,999.0,,
000000001830402248,PUMP-980 540MW WITH COOLER,Unclassified,Other,999.0,999.0,,
000000001830402251,PUMP-980 220MW WITH COOLER,Unclassified,Other,999.0,999.0,,
000000001830402252,PUMP-980 420MW WITH COOLER,Unclassified,Other,999.0,999.0,,
000000001830402268,PUMP-980,Unclassified,Other,999.0,999.0,,
000000001830402310,PUMP-974nm 320mW cooled 10pin W/FBG,Unclassified,Other,999.0,999.0,,
000000001830402425,PUMP-974NM 320MW Cooled MBTF,Unclassified,Other,999.0,999.0,,
000000001830402447,PUMP-974nm 460mW cooled CML96Z510-74,Unclassified,Other,999.0,999.0,,
000000001830402700,(EOL)ROSA-ARRAY 10G optical engine,Unclassified,Other,999.0,999.0,,
000000001830402717,ROSA-10G GCS PIN YSRA343C-LC-S44-C46,Unclassified,LC_Variants,999.0,32.0,,
000000001830402751,PUMP-974nm 420mW cooled 10pin W/FBG,Unclassified,Other,999.0,999.0,,
000000001830403044,PUMP-974nm 665mW cooled 10pin W/FBG,Unclassified,Other,999.0,999.0,,
000000001830403508,PUMP-974nm 610mW cooled 10pin W/FBG,Unclassified,Other,999.0,999.0,,
000000001830403521,CHIP-PD 25G 4ch Array,Unclassified,Other,999.0,999.0,,
000000001830403711,(EOL)CHIP-DFB LD WL1270nm SUMITOMO,Unclassified,Other,999.0,999.0,,
000000001830403712,(EOL)CHIP-DFB LD WL1290nm SUMITOMO,Unclassified,Other,999.0,999.0,,
000000001830403714,(EOL)CHIP-DFB LD WL1330nm SUMITOMO,Unclassified,Other,999.0,999.0,,
000000001830403720,(EOL)TOSA-(LUXNET L-FT-ED31-03),Unclassified,Other,999.0,999.0,,
000000001830403869,TOSA-Eugenlight 4x25 1310nm passive,Unclassified,Other,999.0,999.0,,
000000001830403903,PUMP-980nm  Op600mW,Unclassified,Other,999.0,999.0,,
000000001830403904,PUMP-980nm Op660mW,Unclassified,Other,999.0,999.0,,
000000001830403967,PUMP-980NM 840MW WITH FBG,Unclassified,Other,999.0,999.0,,
000000001830404238,PUMP-700mW Dual chip Uncooled 980,Unclassified,Other,999.0,999.0,,
000000001830404239,CR BOSA 1330Tx /1270Rx 25G I-TEMP LC,Unclassified,LC_Variants,999.0,32.0,,
000000001830404240,CR BOSA 1270Tx /1330Rx 25G I-TEMP LC,Unclassified,LC_Variants,999.0,32.0,,
000000001830404296,PUMP-980 600MW WITH COOLER,Unclassified,Other,999.0,999.0,,
000000001830404297,PUMP-980 460MW,Unclassified,Other,999.0,999.0,,
000000001830450895,1x16 PLC #Vspec#Z4767_A,Unclassified,Other_Connector_Types,999.0,40.0,,
000000001830450926,PLC 1x4 VspecSTD_B,Unclassified,Other_Connector_Types,999.0,40.0,,
000000001830452726,ISOLATOR 1270NM D2.5XCA0.7X1.1MM,Unclassified,Other,999.0,999.0,,
000000001830452857,N0003982-00 Ceramic Body J Hermetic PACK,Unclassified,Other,999.0,999.0,,
000000001830453040,NA000725-14 Twin 1x20 L-band WSS,Unclassified,Other,999.0,999.0,,
000000001830453111,JUMPER-DU CS UPC BLUE/WH 657B3 BARE 1.5M,Jumpers,Other_Connector_Types,22.0,40.0,,
000000001830453190,DWDM 100G Components C34 Vspec#S0009_A,Unclassified,Other,999.0,999.0,,
000000001830453280,SWDM59 1x2 F10080 Vspec#Z4002_B,Optical_Module,Other,55.0,999.0,,
000000001830453336,ROSA-10G 1310nm SR1,Unclassified,Other,999.0,999.0,,
000000001830453341,UWFC 2X2 2% 1419-1660 D3X40Vspec#15784_A,Unclassified,Other,999.0,999.0,,
000000001830453342,UWFC1X2 50% 1419-1660 D3X40Vspec#15784_A,Unclassified,Other,999.0,999.0,,
000000001830453343,UWFC 1X2 1% wide band D3X40Vspec#15784_A,Unclassified,Other,999.0,999.0,,
000000001830453344,UWFC 1X2 3% wide band D3X40Vspec#15784_A,Unclassified,Other,999.0,999.0,,
000000001830453345,UWFC1X2 20% wide band D3X40Vspec#15784_A,Unclassified,Other,999.0,999.0,,
000000001830453346,UWFC 1X2 1% 1419-1508 D3X40Vspec#15784_A,Unclassified,Other,999.0,999.0,,
000000001830453347,UWFC1X2 10% 1419-1508 D3X40Vspec#15784_A,Unclassified,Other,999.0,999.0,,
000000001830453434,MDL-BPF1510/V06 Vspec#Z4090_A,Unclassified,Other,999.0,999.0,,
000000001830453435,MDL-LPF1528/1523/V02 Vspec#Z4090_A,Unclassified,Other,999.0,999.0,,
000000001830453655,NA001313-00 12THz Twin 3X33 WSS,Unclassified,Other,999.0,999.0,,
000000001830453675,ISOLATOR 1310nm 0.75x0.56x0.6mm,Unclassified,Other,999.0,999.0,,
000000001830453717,XC-Band Tunable Laser Module,Unclassified,Other,999.0,999.0,,
000000001830453725,GTD-1270nm-LE-11.0mm 45±0.5deg,Unclassified,Other,999.0,999.0,,
000000001830453727,GTD-1310nm-LE-11.0mm 45±0.5deg,Unclassified,Other,999.0,999.0,,
000000001830453728,GTD-1330nm-LE-11.0mm 45±0.5deg,Unclassified,Other,999.0,999.0,,
000000001830453729,GLB-1550nm-LE-11.0mm 45±0.5deg,Unclassified,Other,999.0,999.0,,
000000001830453731,GTD-1570nm-LE-11.0mm 45±0.5deg,Unclassified,Other,999.0,999.0,,
000000001830453732,GTD-1490nm-LE-11.0mm 45±0.5deg,Unclassified,Other,999.0,999.0,,
000000001830453733,GLB-1590nm-LE-11.0mm 45±0.5deg,Unclassified,Other,999.0,999.0,,
000000001830453764,"2X3X65,C+L-BAND WSS",Unclassified,Other,999.0,999.0,,
000000001830500672,PCB-FOR SFP+ LR CWDM,Unclassified,Transceiver_Rating,999.0,50.0,,
000000001830500676,PCB-FPC FOR FPC_5PIN(PIN),Unclassified,Other_Connector_Types,999.0,40.0,,
000000001830500692,PCB-FPC Inhouse TOSA flex A143 SFP+ SR1,Unclassified,Other_Connector_Types,999.0,40.0,,
000000001830500810,PCB-for 4x10G PSM4 QSFP+ .,Unclassified,Transceiver_Rating,999.0,50.0,,
000000001830500850,PCB-SFP+LR 10KM 0.8W GN1157,Unclassified,Transceiver_Rating,999.0,50.0,,
000000001830501334,PCB-FOR ATB322515-0110.,Unclassified,Other,999.0,999.0,,
000000001830501522,PCB-FOR 1000Base-T CuSFP Solution4,Unclassified,Other,999.0,999.0,,
000000001830501544,PCB-for FAN HOTSWAP BOARD,Unclassified,Other,999.0,999.0,,
000000001830501659,PCB-FOR E171 TOSA TEST FPC,Unclassified,Other_Connector_Types,999.0,40.0,,
000000001830501660,PCB-A913 BOSA BIDI SOLUTION ROSA FPC,Unclassified,Other_Connector_Types,999.0,40.0,,
000000001830501671,PCB-FOR 25G TOSA FLEX SFP28 LR FOR WH,Unclassified,Other,999.0,999.0,,
000000001830501766,PCB-for QSFP28 LR4,Unclassified,Transceiver_Rating,999.0,50.0,,
000000001830501780,N0003835-00 PCB- BR-4 W/4 PD,Unclassified,Other,999.0,999.0,,
000000001830501787,PCB-SFP28 BIDI MAIN Board,Unclassified,Other,999.0,999.0,,
000000001830501842,PCB-FOR A913 SFP28 ER 40KM,Unclassified,Other,999.0,999.0,,
000000001830501847,PCB-FPC FOR SFP28 ER 40KM TEC TOSA,Unclassified,Other_Connector_Types,999.0,40.0,,
000000001830502024,PCB-Optical carrier board  of RC11,Unclassified,Other,999.0,999.0,,
000000001830502045,PCB-AWG board PCB,Unclassified,Other,999.0,999.0,,
000000001830502224,PCB-1U MUX&DEMUX BOARD,Optical_Module,Other,55.0,999.0,,
000000001830502267,PCB-Rainier400 respin SCC,Unclassified,Other,999.0,999.0,,
000000001830502268,PCB-for MC0B Main Board,Unclassified,Other,999.0,999.0,,
000000001830502307,PCB-of RD09 EDFA BOARD,Optical_Module,Other,55.0,999.0,,
000000001830502331,N0004522-00 PCB-Bernoulli DLPFlex Resp,Unclassified,Other,999.0,999.0,,
000000001830502382,PCB-FOR RD09 SYSTEM BOARD TI OF OC0A,Unclassified,Other,999.0,999.0,,
000000001830502388,PCB-for MC0B (Rainier400) EDFA with A7,Optical_Module,Other,55.0,999.0,,
000000001830502422,PCB-FOR RAMAN AMPLIFIER OF OC0B,Unclassified,Other,999.0,999.0,,
000000001830502470,PCB-FOR RD32 OA BOARD OF OC0D,Unclassified,Other,999.0,999.0,,
000000001830502471,PCB-FOR RD32 SYSTEM BOARD OF OC0D,Unclassified,Other,999.0,999.0,,
000000001830502478,PCB-for OD23 Tethys EDFA board,Optical_Module,Other,55.0,999.0,,
000000001830502565,PCB-FOR RAMAN OC0B 6P P2 comp. with 2P,Unclassified,Other,999.0,999.0,,
000000001830502573,PCB-FOR RD32 3rd SLOT GUIDE,Unclassified,Other,999.0,999.0,,
000000001830502579,PCB-for OD28 Callisto Switch board,Unclassified,Other,999.0,999.0,,
000000001830502584,N0004565-01 PCB-OD28 BR OCM BOARD,Unclassified,Other,999.0,999.0,,
000000001830502603, N0003963-00 PCB-OD28 BR DMD FLEX,Unclassified,Other,999.0,999.0,,
000000001830502651,PCB-Callisto 1st line card<ENIG+OSP>,Unclassified,Other,999.0,999.0,,
000000001830502669,PCB-for DD2D EDFA board,Optical_Module,Other,55.0,999.0,,
000000001830502673,PCB-for OC2D D2ILA MB,Unclassified,Other_MultiFiber,999.0,16.0,,
000000001830502680,PCB-R FOR PD LINE CARD OF ISAR66</ENIG>,Unclassified,Other,999.0,999.0,,
000000001830502690,PCB-for OC2D D2ILA<ENIG>,Unclassified,Other,999.0,999.0,,
000000001830502691,PCB-for OC2D D2ILA OSW board<ENIG>,Unclassified,Other,999.0,999.0,,
000000001830502711,PCB-FOR OC2D D2ILA LED BOARD<ENIG>,Unclassified,Other,999.0,999.0,,
000000001830502770,PCB-for 25G BIDI LR<ENIG+GF Plating>,Unclassified,Other,999.0,999.0,,
000000001830502771,PCB-25G BIDI LR TOSA FPC<ENIG>,Unclassified,Other_Connector_Types,999.0,40.0,,
000000001830502772,PCB-25G BIDI LR ROSA FPC<ENIG>,Unclassified,Other_Connector_Types,999.0,40.0,,
000000001830502808,PCB-R FOR OA BOARD OF ISAR66 T<ENIG>,Unclassified,Other,999.0,999.0,,
000000001830502809,PCB-R SYSTEM BOARD OF ISAR66 TM<ENIG>,Unclassified,Other,999.0,999.0,,
000000001830502831,PCB-800G with PIC U02-DS2 Remove A<ENIG>,Unclassified,Other,999.0,999.0,,
000000001830700000,RES-0 OHM 0201 1/20W Jumper SMD,Jumpers,Other,22.0,999.0,,
000000001830700001,RES-0 OHM 0201 1/20W Jumper ASR,Jumpers,Other,22.0,999.0,,
000000001830700002,RES-0 OHM 0402 1/16W Jumper,Jumpers,Other,22.0,999.0,,
000000001830700003,RES-0 OHM 0402 1/16W Jumper,Jumpers,Other,22.0,999.0,,
000000001830700006,RES-0 OHM 0603 1/16W Jumper CHP,Jumpers,Other,22.0,999.0,,
000000001830700007,RES-0 OHM 0603 1/10W JUMPER SMD,Jumpers,Other,22.0,999.0,,
000000001830700009,RES-0 OHM 0603 1/10W 5% Jumper ASR,Jumpers,Other,22.0,999.0,,
000000001830700013,RES-0 OHM 0805 1/8W Jumper SMD,Jumpers,Other,22.0,999.0,,
000000001830700015,RES-0 OHM 0805 1/8W 5% Jumper SMD ASR,Jumpers,Other,22.0,999.0,,
000000001830700027,RES-0 OHM 2512 50A JUMPER SMD,Jumpers,Other,22.0,999.0,,
000000001830700029,RES-0.01 OHM 2512 1W 1%,Unclassified,Other,999.0,999.0,,
000000001830700033,RES-0.004 OHM 2512 1W 1% SMD 150ppm/°C,Unclassified,Other,999.0,999.0,,
000000001830700034,RES-0.02 OHM 2512 2W 1% SMD ASR,Unclassified,Other,999.0,999.0,,
000000001830700049,RES-0.5 OHM 2512 1W 1% SMD,Unclassified,Other,999.0,999.0,,
000000001830700052,RES-0.002 OHM 2512 2W 1% SMD 50ppm/°C,Unclassified,Other,999.0,999.0,,
000000001830700053,RES-0.004 OHM 2512 1W 1% SMD 50PPM/K,Unclassified,Other,999.0,999.0,,
000000001830700055,RES-100m OHM 2512 2W 1% SMD,Unclassified,Other,999.0,999.0,,
000000001830700064,RES-1 OHM 0402 1/16W 1%,Unclassified,Other,999.0,999.0,,
000000001830700067,RES-1 OHM 0603 1/10W 1% SMD,Unclassified,Other,999.0,999.0,,
000000001830700080,RES-2 OHM 0805 1/8W 1% SMD,Unclassified,Other,999.0,999.0,,
000000001830700084,RES-2.2 OHM 0603 1/10W 1% SMD 200PPM/K,Unclassified,Other,999.0,999.0,,
000000001830700115,RES-8.2 OHM 0603 1/10W 1% SMD,Unclassified,Other,999.0,999.0,,
000000001830700121,THERMISTOR-10K OHM 0402 NTC SMD,Unclassified,Other,999.0,999.0,,
000000001830700136,RES-10 OHM 0201 1/20W 1%,Unclassified,Other,999.0,999.0,,
000000001830700143,RES-10 OHM 0402 1/16W 1%,Unclassified,Other,999.0,999.0,,
000000001830700144,RES-10 OHM 0402 1/16W 1% SMD ASR,Unclassified,Other,999.0,999.0,,
000000001830700152,RES-100 OHM 0201 1/20W 1%,Unclassified,Other,999.0,999.0,,
000000001830700155,RES-100 OHM 0402 1/16W 0.1% SMD,Unclassified,Other,999.0,999.0,,
000000001830700161,RES-100 OHM 0402 1/16W 1%,Unclassified,Other,999.0,999.0,,
000000001830700163,RES-100 OHM 0402 1/16W 1% ASR,Unclassified,Other,999.0,999.0,,
000000001830700168,RES-100 OHM 0805 1/8W 1% SMD,Unclassified,Other,999.0,999.0,,
000000001830700174,RES-1K OHM 0201 1/20W 1% SMD,Unclassified,Other,999.0,999.0,,
000000001830700175,RES-1K OHM 0201 1/20W 1%,Unclassified,Other,999.0,999.0,,
000000001830700176,RES-1K OHM 0201 1/20W 1% 200PPM/K ASR,Unclassified,Other,999.0,999.0,,
000000001830700183,RES-1K OHM 0402 1/16W 1%,Unclassified,Other,999.0,999.0,,
000000001830700188,RES-1K OHM 0603 1/10W 1% SMD,Unclassified,Other,999.0,999.0,,
000000001830700190,RES-1K OHM 0805 1/10W 1% SMD,Unclassified,Other,999.0,999.0,,
000000001830700200,RES-10K OHM 0201 1/20W 1%,Unclassified,Other,999.0,999.0,,
000000001830700201,RES-10K OHM 0201 1/20W 5% SMD,Unclassified,Other,999.0,999.0,,
000000001830700205,RES-10K OHM 0201 1/20W 1% SMD ASR,Unclassified,Other,999.0,999.0,,
000000001830700206,RES-10.7K OHM 0402 1/16W 1% SMD,Unclassified,Other,999.0,999.0,,
000000001830700209,RES-10K OHM 0402 1/16W 1% SMD,Unclassified,Other,999.0,999.0,,
000000001830700210,RES-10K OHM 0402 1/16W 1% SMD ASR,Unclassified,Other,999.0,999.0,,
000000001830700211,RES-10K OHM 0402 1/16W 0.1% 25PPM/K,Unclassified,Other,999.0,999.0,,
000000001830700215,RES-10K OHM 0402 1/16W 0.5% 10PPM/K,Unclassified,Other,999.0,999.0,,
000000001830700218,RES-10.7K OHM 0402 1/16W 1% SMD ASR,Unclassified,Other,999.0,999.0,,
000000001830700219,THERMISTOR-10K OHM 0402 1% NTC,Unclassified,Other,999.0,999.0,,
000000001830700225,RES-10K OHM 0603 1/10W 1% SMD,Unclassified,Other,999.0,999.0,,
000000001830700231,RES-10K OHM 0805 1/10W 1% SMD,Unclassified,Other,999.0,999.0,,
000000001830700257,RES-100K OHM 0201 1/20W 1%,Unclassified,Other,999.0,999.0,,
000000001830700260,RES-100K OHM 0201 1/20W 5% SMD ASR,Unclassified,Other,999.0,999.0,,
000000001830700264,RES-100K OHM 0402 1/16W 1%,Unclassified,Other,999.0,999.0,,
000000001830700271,RES-100K OHM 0603 1/10W 1% SMD,Unclassified,Other,999.0,999.0,,
000000001830700277,RES-1M OHM 0201 1/20W 5%,Unclassified,Other,999.0,999.0,,
000000001830700282,RES-1M OHM 0402 1/16W 1%,Unclassified,Other,999.0,999.0,,
000000001830700286,RES-1M OHM 0603 1/10W 1% SMD,Unclassified,Other,999.0,999.0,,
000000001830700313,RES-11K OHM 0603 1/10W 1% SMD,Unclassified,Other,999.0,999.0,,
000000001830700314,RES-11.3K OHM 0603 1/10W 1% SMD,Unclassified,Other,999.0,999.0,,
000000001830700317,RES-118K OHM 0402 1/16W 1% SMD,Unclassified,Other,999.0,999.0,,
000000001830700318,RES-115K OHM 0402 1/10W 1% SMD,Unclassified,Other,999.0,999.0,,
000000001830700323,RES-115K OHM 0201 1/20W 1% SMD 200ppm/C,Unclassified,Other,999.0,999.0,,
000000001830700334,RES-120 OHM 0603 1/10W 0.1% SMD,Unclassified,Other,999.0,999.0,,
000000001830700339,RES-1.21K OHM 0402 1/16W 1%,Unclassified,Other,999.0,999.0,,
000000001830700342,RES-1.2K OHM 0603 1/10W 1% SMD,Unclassified,Other,999.0,999.0,,
000000001830700346,RES-12K OHM 0201 1/20W 1% SMD,Unclassified,Other,999.0,999.0,,
000000001830700348,RES-12K OHM 0402 1/16W 1% SMD,Unclassified,Other,999.0,999.0,,
000000001830700352,RES-12.1K OHM 0402 1/16W 1%,Unclassified,Other,999.0,999.0,,
000000001830700353,RES-12K OHM 0402 1/16W 0.1% SMD 25PPM,Unclassified,Other,999.0,999.0,,
000000001830700356,RES-12K OHM 0603 1/10W 1% SMD,Unclassified,Other,999.0,999.0,,
000000001830700360,RES-12.4K OHM 0603 1/10W 1% SMD,Unclassified,Other,999.0,999.0,,
000000001830700361,RES-12.7K OHM 0603 1/10W 1% SMD,Unclassified,Other,999.0,999.0,,
000000001830700368,RES-120K OHM 0201 1/20W 1% 200ppm/C,Unclassified,Other,999.0,999.0,,
000000001830700375,RES-130 OHM 0201 1/20W 5% LF,Unclassified,Other,999.0,999.0,,
000000001830700378,RES-130 OHM 0402 1/16W 1% SMD,Unclassified,Other,999.0,999.0,,
000000001830700386,RES-1.3K OHM 0402 1/16W 1% SMD,Unclassified,Other,999.0,999.0,,
000000001830700389,RES-1.3K OHM 0402 1/16W 1% SMD ASR,Unclassified,Other,999.0,999.0,,
000000001830700394,RES-13.7K OHM 0402 1/16W 1%,Unclassified,Other,999.0,999.0,,
000000001830700396,RES-13k Ohm 0402 1/16W ±1% 0.063W,Unclassified,Other,999.0,999.0,,
000000001830700404,RES-137K OHM 0402 1/16W 1% ASR,Unclassified,Other,999.0,999.0,,
000000001830700410,RES-143 OHM 0201 1/20W 1% CHP,Unclassified,Other,999.0,999.0,,
000000001830700413,RES-14.7K OHM 0402 1/16W 1% SMD,Unclassified,Other,999.0,999.0,,
000000001830700423,RES-15 OHM 0201 1/20W 1%,Unclassified,Other,999.0,999.0,,
000000001830700425,RES-15 OHM 0402 1/16W 5%,Unclassified,Other,999.0,999.0,,
000000001830700426,RES-15 OHM 0402 1/16W 0.5% SMD,Unclassified,Other,999.0,999.0,,
000000001830700433,RES-150 OHM 0402 1/16W 1% SMD,Unclassified,Other,999.0,999.0,,
000000001830700434,RES-150 OHM 0402 0.2W ±1% SMD 100PPM,Unclassified,Other,999.0,999.0,,
000000001830700443,RES-1.5K OHM 0402 1/16W 1%,Unclassified,Other,999.0,999.0,,
000000001830700448,RES-1.5K OHM 0603 1/10W 1% SMD,Unclassified,Other,999.0,999.0,,
000000001830700457,RES-15K OHM 0402 1/16W 1%,Unclassified,Other,999.0,999.0,,
000000001830700462,RES-15K OHM 0402 1/16W 0.1% SMD,Unclassified,Other,999.0,999.0,,
000000001830700466,RES-15.8K OHM 0603 1/10W 1% SMD,Unclassified,Other,999.0,999.0,,
000000001830700469,RES-150K OHM 0201 1/20W 1%,Unclassified,Other,999.0,999.0,,
000000001830700472,RES-150K OHM 0402 1/16W 1% SMD,Unclassified,Other,999.0,999.0,,
000000001830700489,RES-1.69K OHM 0402 1/16W 1% SMD 100PPM,Unclassified,Other,999.0,999.0,,
000000001830700493,RES-16.2K OHM 0402 1/16W 1%,Unclassified,Other,999.0,999.0,,
000000001830700495,RES-16k OHM 0402 1/16W 0.5% SMD 25ppm/°C,Unclassified,Other,999.0,999.0,,
000000001830700500,RES-169K OHM 0402 1/16W 1% SMD,Unclassified,Other,999.0,999.0,,
000000001830700509,RES-17.4K OHM 0402 1/16W 1% SMD,Unclassified,Other,999.0,999.0,,
000000001830700510,RES-17.8K OHM 0402 1/16W 1%,Unclassified,Other,999.0,999.0,,
000000001830700517,RES-18 OHM 0402 1/16W 1% SMD,Unclassified,Other,999.0,999.0,,
000000001830700524,RES-1.8K OHM 0402 1/16W 1% SMD,Unclassified,Other,999.0,999.0,,
000000001830700527,RES-1.82K OHM 0402 1/16W 1%,Unclassified,Other,999.0,999.0,,
000000001830700536,RES-18K OHM 0402 1/16W 1% SMD,Unclassified,Other,999.0,999.0,,
000000001830700551,RES-196 Ohm 0402 1/5W ±1% 0.1W,Unclassified,Other,999.0,999.0,,
000000001830700556,RES-20 OHM 0201 1/20W 1% SMD,Unclassified,Other,999.0,999.0,,
000000001830700568,RES-200 OHM 0402 1/16W 1%,Unclassified,Other,999.0,999.0,,
000000001830700578,RES-200 OHM 0805 1/10W 5% SMD LF,Unclassified,Other,999.0,999.0,,
000000001830700581,RES-2K OHM 0201 1/20W 1% SMD,Unclassified,Other,999.0,999.0,,
000000001830700582,RES-2K OHM 0201 1/20W 5% 200PPM/K,Unclassified,Other,999.0,999.0,,
000000001830700584,RES-2K OHM 0402 1/16W 0.1% SMD,Unclassified,Other,999.0,999.0,,
000000001830700589,RES-2K OHM 0402 1/16W 1%,Unclassified,Other,999.0,999.0,,
000000001830700590,RES-2K OHM 0402 1/16W 1% SMD ASR,Unclassified,Other,999.0,999.0,,
000000001830700594,RES-2K OHM 0603 1/10W 1% SMD,Unclassified,Other,999.0,999.0,,
000000001830700602,RES-20K OHM 0201 1/20W 0.5% 25PPM/K,Unclassified,Other,999.0,999.0,,
000000001830700604,RES-20K OHM 0402 1/16W 1%,Unclassified,Other,999.0,999.0,,
000000001830700608,RES-20.5K OHM 0402 1/16W 1% SMD 100PPM/K,Unclassified,Other,999.0,999.0,,
000000001830700617,RES-200K OHM 0201 1/20W 1% SMD,Unclassified,Other,999.0,999.0,,
000000001830700619,RES-205K OHM 0402 1/16W 1% SMD,Unclassified,Other,999.0,999.0,,
000000001830700623,RES-200K OHM 0402 1/16W 1%,Unclassified,Other,999.0,999.0,,
000000001830700634,RES-2M OHM 0402 1/16W 5%,Unclassified,Other,999.0,999.0,,
000000001830700638,RES-21.5 OHM 0402 1/16W 1%,Unclassified,Other,999.0,999.0,,
000000001830700641,RES-2.15K OHM 0603 1/10W 1% SMD,Unclassified,Other,999.0,999.0,,
000000001830700646,RES-22 OHM 0402 1/16W 1% SMD,Unclassified,Other,999.0,999.0,,
000000001830700655,RES-220 OHM 0402 1/16W 1% SMD,Unclassified,Other,999.0,999.0,,
000000001830700660,RES-220 OHM 0603 1/10W 1% SMD,Unclassified,Other,999.0,999.0,,
000000001830700665,RES-2.21K OHM 0402 1/16W 1%,Unclassified,Other,999.0,999.0,,
000000001830700672,RES-22K OHM 0201 1/20W 1% SMD,Unclassified,Other,999.0,999.0,,
000000001830700674,RES-22.1K OHM 0402 1/16W 1%,Unclassified,Other,999.0,999.0,,
000000001830700691,RES-2.37K OHM 0402 1/16W 1%,Unclassified,Other,999.0,999.0,,
000000001830700695,RES-23.2K OHM 0603 1/10W 1% SMD,Unclassified,Other,999.0,999.0,,
000000001830700698,RES-237K OHM 0603 1/10W 1% SMD,Unclassified,Other,999.0,999.0,,
000000001830700700,RES-24 OHM 0201 1/20W 1% SMD,Unclassified,Other,999.0,999.0,,
000000001830700703,RES-24 OHM 0402 1/16W 5%,Unclassified,Other,999.0,999.0,,
000000001830700706,RES-24.9 OHM 0402 1/16W 1%,Unclassified,Other,999.0,999.0,,
000000001830700720,RES-2.49K OHM 0201 1/20W 1%,Unclassified,Other,999.0,999.0,,
000000001830700723,RES-2.49K OHM 0402 1/16W 1% SMD,Unclassified,Other,999.0,999.0,,
000000001830700727,RES-2.43K OHM 0603 1/10W 1% SMD,Unclassified,Other,999.0,999.0,,
000000001830700736,RES-24.3K OHM 0402 1/16W 1%,Unclassified,Other,999.0,999.0,,
000000001830700738,RES-24K OHM 0603 1/10W 1% SMD,Unclassified,Other,999.0,999.0,,
000000001830700742,RES-24.9K OHM 0603 1/10W 1% SMD,Unclassified,Other,999.0,999.0,,
000000001830700744,RES-240K OHM 0402 1/16W 1%,Unclassified,Other,999.0,999.0,,
000000001830700750,RES-2.55K OHM 0402 1/16W 1%,Unclassified,Other,999.0,999.0,,
000000001830700751,RES-25.5K OHM 0402 1/16W 0.1% SMD,Unclassified,Other,999.0,999.0,,
000000001830700759,RES-2.61K OHM 0402 1/10W 1% SMD,Unclassified,Other,999.0,999.0,,
000000001830700761,RES-26.1K OHM 0603 1/10W 1% SMD,Unclassified,Other,999.0,999.0,,
000000001830700762,RES-2.67M Ohm 0402 1/16W ±1% 0.063W,Unclassified,Other,999.0,999.0,,
000000001830700764,RES-27 OHM 0603 1/10W 1% SMD 100PPM/K,Unclassified,Other,999.0,999.0,,
000000001830700772,RES-2.7K OHM 0201 1/20W 1% SMD ASR,Unclassified,Other,999.0,999.0,,
000000001830700775,RES-2.7K OHM 0402 1/16W 1% SMD 100PPM/K,Unclassified,Other,999.0,999.0,,
000000001830700778,RES-2.71K OHM 0402 1/16W 1% ASR,Unclassified,Other,999.0,999.0,,
000000001830700780,RES-27K OHM 0402 1/16W 1% SMD,Unclassified,Other,999.0,999.0,,
000000001830700781,RES-27.4K OHM 0402 1/16W 1%,Unclassified,Other,999.0,999.0,,
000000001830700788,RES-270K OHM 0402 1/16W 1% ±100PPM/°C,Unclassified,Other,999.0,999.0,,
000000001830700791,RES-2.8K OHM 0603 1/10W 1% SMD,Unclassified,Other,999.0,999.0,,
000000001830700795,RES-28.7K OHM 0402 1/16W 1% SMD,Unclassified,Other,999.0,999.0,,
000000001830700797,RES-28K OHM 0603 1/10W 1% SMD,Unclassified,Other,999.0,999.0,,
000000001830700804,RES-30.1 OHM 0201 1/20W 1% SMD,Unclassified,Other,999.0,999.0,,
000000001830700805,RES-30.1K OHM 0201 1/20W 1% SMD ASR,Unclassified,Other,999.0,999.0,,
000000001830700812,RES-300 OHM 0402 1/16W 5%,Unclassified,Other,999.0,999.0,,
000000001830700814,RES-300 OHM 0402 1/16W 1% ASR,Unclassified,Other,999.0,999.0,,
000000001830700823,RES-3.01K OHM 0402 1/16W 1% SMD ASR,Unclassified,Other,999.0,999.0,,
000000001830700825,RES-3K OHM 0603 1/10W 1% SMD,Unclassified,Other,999.0,999.0,,
000000001830700831,RES-30K OHM 0201 1/20W 1% SMD,Unclassified,Other,999.0,999.0,,
000000001830700834,RES-30K OHM 0201 1/20W 1% SMD ASR,Unclassified,Other,999.0,999.0,,
000000001830700836,RES-30K OHM 0402 1/16W 5%,Unclassified,Other,999.0,999.0,,
000000001830700838,RES-30.9K OHM 0402 1/16W 1%,Unclassified,Other,999.0,999.0,,
000000001830700840,RES-30K OHM 0402 1/16W 1% SMD ASR,Unclassified,Other,999.0,999.0,,
000000001830700842,RES-30K OHM 0603 1/10W 1% SMD,Unclassified,Other,999.0,999.0,,
000000001830700846,RES-301K OHM 0201 1/20W 1%,Unclassified,Other,999.0,999.0,,
000000001830700850,RES-3M OHM 0402 1/16W 1% SMD,Unclassified,Other,999.0,999.0,,
000000001830700857,RES-31.6K OHM 0603 1/10W 1% SMD,Unclassified,Other,999.0,999.0,,
000000001830700858,RES-31.6K OHM 0201 1/20W 1% SMD 200ppm/C,Unclassified,Other,999.0,999.0,,
000000001830700864,RES-33 OHM 0402 1/16W 1% SMD,Unclassified,Other,999.0,999.0,,
000000001830700867,RES-33.2 OHM 0402 1/16W 1%,Unclassified,Other,999.0,999.0,,
000000001830700876,RES-330 OHM 0402 1/16W 1% SMD,Unclassified,Other,999.0,999.0,,
000000001830700878,RES-330 OHM 0603 1/10W 1% SMD,Unclassified,Other,999.0,999.0,,
000000001830700880,RES-3.32K OHM 0201 1/20W 1%,Unclassified,Other,999.0,999.0,,
000000001830700882,RES-3.32K OHM 0402 1/16W 1%,Unclassified,Other,999.0,999.0,,
000000001830700891,RES-33K OHM 0402 1/16W 5%,Unclassified,Other,999.0,999.0,,
000000001830700893,RES-33K OHM 0603 1/10W 1% SMD,Unclassified,Other,999.0,999.0,,
000000001830700896,RES-330K OHM 0402 1/16W 1% CHP,Unclassified,Other,999.0,999.0,,
000000001830700897,RES-330K OHM 0603 1/10W 1% SMD,Unclassified,Other,999.0,999.0,,
000000001830700898,RES-332K OHM 0603 1/10W 1% SMD,Unclassified,Other,999.0,999.0,,
000000001830700907,RES-348K OHM 0402 1/16W 1% SMD,Unclassified,Other,999.0,999.0,,
000000001830700920,RES-3.6K OHM 0201 1/20W 0.5% 25PPM/C,Unclassified,Other,999.0,999.0,,
000000001830700929,RES-36.5K OHM 0402 1/16W 1%,Unclassified,Other,999.0,999.0,,
000000001830700937,RES-374 OHM 0603 1/10W 1% SMD,Unclassified,Other,999.0,999.0,,
000000001830700940,RES-37.4K OHM 0603 1/10W 1% SMD,Unclassified,Other,999.0,999.0,,
000000001830700942,RES-3.83K OHM 0603 1/10W 1% SMD,Unclassified,Other,999.0,999.0,,
000000001830700944,RES-38.3K OHM 0603 1/10W 1% SMD,Unclassified,Other,999.0,999.0,,
000000001830700955,RES-390 OHM 0402 1/16W 1% SMD,Unclassified,Other,999.0,999.0,,
000000001830700963,RES-3.9K OHM 0402 1/16W 1% SMD,Unclassified,Other,999.0,999.0,,
000000001830700967,RES-39.2K OHM 0201 1/20W 1% SMD ASR,Unclassified,Other,999.0,999.0,,
000000001830700971,RES-39.2K OHM 0603 1/10W 1% SMD,Unclassified,Other,999.0,999.0,,
000000001830700979,RES-4.02K OHM 0402 1/16W 0.1% SMD,Unclassified,Other,999.0,999.0,,
000000001830700980,RES-40.2K OHM 0201 1/20W 1% SMD,Unclassified,Other,999.0,999.0,,
000000001830700981,RES-40.2K OHM 0402 1/16W 1%,Unclassified,Other,999.0,999.0,,
000000001830700985,RES-402K OHM 0402 1/16W 1% SMD,Unclassified,Other,999.0,999.0,,
000000001830700986,RES-4.12K OHM 0402 1/16W 1%,Unclassified,Other,999.0,999.0,,
000000001830700993,RES-43 OHM 0402 1/16W 5%,Unclassified,Other,999.0,999.0,,
000000001830701002,RES-4.32K OHM 0603 1/10W 1% SMD,Unclassified,Other,999.0,999.0,,
000000001830701006,RES-442 OHM 0402 1/10W 1% SMD,Unclassified,Other,999.0,999.0,,
000000001830701008,RES-44.2K OHM 0402 1/16W 0.1% SMD,Unclassified,Other,999.0,999.0,,
000000001830701009,RES-44.2K OHM 1206 1/4W 1% SMD,Unclassified,Other,999.0,999.0,,
000000001830701013,RES-4.53K OHM 0402 1/16W 1% SMD 100PPM,Unclassified,Other,999.0,999.0,,
000000001830701017,RES-45.3K OHM 0402 1/16W 1% CHP,Unclassified,Other,999.0,999.0,,
000000001830701021,RES-4.64K OHM 0603 1/10W 1% SMD,Unclassified,Other,999.0,999.0,,
000000001830701023,RES-464K OHM 0603 1/10W 1% SMD,Unclassified,Other,999.0,999.0,,
000000001830701024,RES-47.5 OHM 0402 1/16W 1% SMD,Unclassified,Other,999.0,999.0,,
000000001830701031,RES-470 OHM 0201 1/20W 1% SMD,Unclassified,Other,999.0,999.0,,
000000001830701034,RES-475 OHM 0402 1/16W 1% SMD,Unclassified,Other,999.0,999.0,,
000000001830701038,RES-470 OHM 0603 1/10W 1% SMD,Unclassified,Other,999.0,999.0,,
000000001830701041,RES-4.7K OHM 0201 1/20W 1% SMD,Unclassified,Other,999.0,999.0,,
000000001830701043,RES-4.7K OHM 0201 1/20W 5%,Unclassified,Other,999.0,999.0,,
000000001830701044,RES-4.7K OHM 0201 1/20W 1% SMD ASR,Unclassified,Other,999.0,999.0,,
000000001830701048,RES-4.7K OHM 0402 1/16W 5% CHP,Unclassified,Other,999.0,999.0,,
000000001830701049,RES-4.75K OHM 0402 1/16W 1% SMD,Unclassified,Other,999.0,999.0,,
000000001830701050,RES-4.7K OHM 0402 1/16W 1% SMD ASR,Unclassified,Other,999.0,999.0,,
000000001830701051,RES-4.7K OHM 0603 1/10W 1% SMD,Unclassified,Other,999.0,999.0,,
000000001830701058,RES-47K OHM 0402 1/16W 1%,Unclassified,Other,999.0,999.0,,
000000001830701064,RES-470K OHM 0201 1/20W 5%,Unclassified,Other,999.0,999.0,,
000000001830701067,RES-470K OHM 0603 1/10W 1% SMD,Unclassified,Other,999.0,999.0,,
000000001830701076,RES-49.9 OHM 0402 1/16W 1% SMD,Unclassified,Other,999.0,999.0,,
000000001830701078,RES-49.9 OHM 0603 1/10W 1% SMD,Unclassified,Other,999.0,999.0,,
000000001830701079,RES-499 OHM 0402 1/16W 1%,Unclassified,Other,999.0,999.0,,
000000001830701081,RES-4.99K OHM 0201 1/20W 1% SMD,Unclassified,Other,999.0,999.0,,
000000001830701083,RES-4.99K OHM 0402 1/16W 1%,Unclassified,Other,999.0,999.0,,
000000001830701087,RES-4.99K OHM 0402 1/16W 0.1% SMD,Unclassified,Other,999.0,999.0,,
000000001830701088,RES-4.99K OHM 0603 1/10W 1% SMD,Unclassified,Other,999.0,999.0,,
000000001830701089,RES-49.9K OHM 0402 1/16W 1%,Unclassified,Other,999.0,999.0,,
000000001830701091,RES-49.9K OHM 0402 1/16W 1% ASR,Unclassified,Other,999.0,999.0,,
000000001830701093,RES-49.9K OHM 0603 1/10W 1% SMD,Unclassified,Other,999.0,999.0,,
000000001830701094,RES-499K OHM 0201 1/20W 1%,Unclassified,Other,999.0,999.0,,
000000001830701096,RES-499K OHM 0201 1/20W 1% 200PPM/K ASR,Unclassified,Other,999.0,999.0,,
000000001830701097,RES-499K OHM 0402 1/16W 1%,Unclassified,Other,999.0,999.0,,
000000001830701101,RES-499 OHM 0201 1/20W 1% SMD,Unclassified,Other,999.0,999.0,,
000000001830701107,RES-49.9K OHM 0201 1/20W 1%,Unclassified,Other,999.0,999.0,,
000000001830701116,RES-51 OHM 0201 1/20W 1% SMD,Unclassified,Other,999.0,999.0,,
000000001830701121,RES-51.1 OHM 0402 1/16W 1%,Unclassified,Other,999.0,999.0,,
000000001830701133,RES-510 OHM 0402 1/16W 5%,Unclassified,Other,999.0,999.0,,
000000001830701137,RES-510 OHM 0402 1/16W 1% SMD ASR,Unclassified,Other,999.0,999.0,,
000000001830701139,RES-510 OHM 0603 1/10W 1% SMD,Unclassified,Other,999.0,999.0,,
000000001830701142,RES-5.1K OHM 0201 1/20W 1% CHP,Unclassified,Other,999.0,999.0,,
000000001830701147,RES-5.1K OHM 0402 1/16W 1% SMD,Unclassified,Other,999.0,999.0,,
000000001830701158,RES-5.1K OHM 0402 1/16W 1% SMD ASR,Unclassified,Other,999.0,999.0,,
000000001830701160,RES-51K OHM 0201 1/20W 1% SMD,Unclassified,Other,999.0,999.0,,
000000001830701162,RES-51K OHM 0402 1/16W 5%,Unclassified,Other,999.0,999.0,,
000000001830701165,RES-51K OHM 0402 1/16W 1% ASR SMD,Unclassified,Other,999.0,999.0,,
000000001830701178,RES-510K OHM 0402 1/16W 5%,Unclassified,Other,999.0,999.0,,
000000001830701180,RES-511K OHM 0402 1/16W 1%,Unclassified,Other,999.0,999.0,,
000000001830701182,RES-510K OHM 0603 1/10W 1% SMD,Unclassified,Other,999.0,999.0,,
000000001830701190,RES-53.6K OHM 0402 1/16W 1%,Unclassified,Other,999.0,999.0,,
000000001830701193,RES-56.2 OHM 0402 1/16W 1% SMD 100PPM/K,Unclassified,Other,999.0,999.0,,
000000001830701207,RES-57.6K OHM 0603 1/10W 1% SMD,Unclassified,Other,999.0,999.0,,
000000001830701213,RES-6.04K OHM 0402 1/16W 1%,Unclassified,Other,999.0,999.0,,
000000001830701214,RES-60.4K OHM 0402 1/16W 1%,Unclassified,Other,999.0,999.0,,
000000001830701217,RES-6.19M OHM 0402 1/16W 1% SMD,Unclassified,Other,999.0,999.0,,
000000001830701223,RES-620 OHM 0402 1/16W 1% SMD,Unclassified,Other,999.0,999.0,,
000000001830701235,RES-62K OHM 0402 1/16W 5%,Unclassified,Other,999.0,999.0,,
000000001830701243,RES-63.4K OHM 0603 1/10W 1% SMD,Unclassified,Other,999.0,999.0,,
000000001830701244,RES-63.4K OHM 0201 1/20W 1% SMD 200ppm/C,Unclassified,Other,999.0,999.0,,
000000001830701245,RES-6.49K OHM 0402 1/16W 1% SMD,Unclassified,Other,999.0,999.0,,
000000001830701247,RES-64.9K OHM 0603 1/10W 1% SMD,Unclassified,Other,999.0,999.0,,
000000001830701249,RES-665 OHM 0603 1/10W 1% SMD,Unclassified,Other,999.0,999.0,,
000000001830701252,RES-66.5K OHM 0402 1/16W 1% CHP,Unclassified,Other,999.0,999.0,,
000000001830701257,RES-68 OHM 0402 1/16W 5%,Unclassified,Other,999.0,999.0,,
000000001830701263,RES-681 OHM 0402 1/16W 1%,Unclassified,Other,999.0,999.0,,
000000001830701265,RES-681 OHM 0603 1/10W 1% SMD,Unclassified,Other,999.0,999.0,,
000000001830701270,RES-6.81K OHM 0402 1/16W 1%,Unclassified,Other,999.0,999.0,,
000000001830701273,RES-6.81K OHM 0603 1/10W 1% SMD,Unclassified,Other,999.0,999.0,,
000000001830701282,RES-681K OHM 0402 1/16W 1%,Unclassified,Other,999.0,999.0,,
000000001830701286,RES-7.15K OHM 0402 1/16W 1%,Unclassified,Other,999.0,999.0,,
000000001830701293,RES-75 OHM 0402 1/16W 1%,Unclassified,Other,999.0,999.0,,
000000001830701302,RES-750 OHM 0402 1/16W 1% SMD,Unclassified,Other,999.0,999.0,,
000000001830701304,RES-750 OHM 0402 1/16W 1% SMD ASR,Unclassified,Other,999.0,999.0,,
000000001830701310,RES-7.5K OHM 0402 1/16W 1%,Unclassified,Other,999.0,999.0,,
000000001830701318,RES-75K OHM 0402 1/16W 1%,Unclassified,Other,999.0,999.0,,
000000001830701335,RES-8.06K OHM 0402 1/16W 1% SMD,Unclassified,Other,999.0,999.0,,
000000001830701336,RES-8.06K OHM 0402 1/16W 1% SMD ASR,Unclassified,Other,999.0,999.0,,
000000001830701348,RES-820 OHM 0201 1/20W 1%,Unclassified,Other,999.0,999.0,,
000000001830701349,RES-820 OHM 0402 1/16W 1% SMD,Unclassified,Other,999.0,999.0,,
000000001830701355,RES-8.25K OHM 0402 1/16W 1%,Unclassified,Other,999.0,999.0,,
000000001830701360,RES-82K OHM 0402 1/16W 1% SMD,Unclassified,Other,999.0,999.0,,
000000001830701370,RES-84.5K OHM 0402 1/16W 1%,Unclassified,Other,999.0,999.0,,
000000001830701371,RES-866 OHM 0603 1/10W 1% SMD 100PPM/K,Unclassified,Other,999.0,999.0,,
000000001830701372,RES FXD THK 8.66k 1% 0.063W 0402,Unclassified,Other,999.0,999.0,,
000000001830701373,RES-86.6K OHM 0402 1/16W 1% SMD,Unclassified,Other,999.0,999.0,,
000000001830701375,RES-887 OHM 0402 1/16W 1% SMD,Unclassified,Other,999.0,999.0,,
000000001830701377,RES-9.09K OHM 0402 1/16W 1%,Unclassified,Other,999.0,999.0,,
000000001830701386,RES-910 OHM 0402 1/16W 1% SMD,Unclassified,Other,999.0,999.0,,
000000001830701394,RES-9.31K OHM 0402 1/10W 1% SMD,Unclassified,Other,999.0,999.0,,
000000001830701395,RES-93.1K OHM 0402 1/16W 1% SMD 50PPM/K,Unclassified,Other,999.0,999.0,,
000000001830701420,RES-4.53K OHM 0201 1/20W 1% ±200PPM/C,Unclassified,Other,999.0,999.0,,
000000001830701424,RES-61.9K OHM 0201 1/20W 1% ±200PPM/C,Unclassified,Other,999.0,999.0,,
000000001830701448,RES-240 OHM 0402 1/16W 1% SMD,Unclassified,Other,999.0,999.0,,
000000001830701451,RES-33.2 OHM 0201 1/20W SMD,Unclassified,Other,999.0,999.0,,
000000001830701454,RES-66.5K OHM 0402 1/16W 1% SMD ASR,Unclassified,Other,999.0,999.0,,
000000001830701458,RES-95.3K OHM 0402 1/16W 1% SMD ASR,Unclassified,Other,999.0,999.0,,
000000001830701463,RES-49.9 OHM 0201 1/20W 1%,Unclassified,Other,999.0,999.0,,
000000001830701467,RES-26.7k ohm 0201 1/20W 1%,Unclassified,Other,999.0,999.0,,
000000001830701468,RES-12.7k Ohm 0402 1/16W 1%,Unclassified,Other,999.0,999.0,,
000000001830701469,RES-787k OHM 0402 1/16W 1%,Unclassified,Other,999.0,999.0,,
000000001830701470,"RES-348 Ohm 0402 , 1%",Unclassified,Other,999.0,999.0,,
000000001830701472,"RES-3.83K OHM 0402 , 1%",Unclassified,Other,999.0,999.0,,
000000001830701473,"RES-100K Ohm 0402 , 0.1% 25ppm/C",Unclassified,Other,999.0,999.0,,
000000001830701474,RES-604 ohm 0402 1%,Unclassified,Other,999.0,999.0,,
000000001830701476,RES-750 OHM 0201 1/20W 1% SMD 200PPM/K,Unclassified,Other,999.0,999.0,,
000000001830701498,RES-8.06K OHM 0201 1/20W 1% SMD,Unclassified,Other,999.0,999.0,,
000000001830701500,RES-1.3M OHM 0402 1/16W 1% SMD,Unclassified,Other,999.0,999.0,,
000000001830701509,RES-1K OHM 0402 1/16W 0.1%,Unclassified,Other,999.0,999.0,,
000000001830701510,RES-2.87K OHM 0402 1/16W 1%,Unclassified,Other,999.0,999.0,,
000000001830701512,RES-31.6K OHM 0402 1/16W 1%,Unclassified,Other,999.0,999.0,,
000000001830701517,RES-825 OHM 0603 1/10W 1%,Unclassified,Other,999.0,999.0,,
000000001830701521,RES-71.5k Ohm  0402 1%,Unclassified,Other,999.0,999.0,,
000000001830701522,RES-3.2K OHM 0402 0.1%,Unclassified,Other,999.0,999.0,,
000000001830701524,RES-14K OHM 0402 1/16W 0.1% SMD,Unclassified,Other,999.0,999.0,,
000000001830701526,RES-249k Ohm 0402 1%,Unclassified,Other,999.0,999.0,,
000000001830701538,RES-11K OHM 0402 1/10W 1% ASR,Unclassified,Other,999.0,999.0,,
000000001830701540,RES-33K OHM 0402 1/16W 1% SMD ASR,Unclassified,Other,999.0,999.0,,
000000001830701560,RES-1K OHM 0402 1/16W 0.1% SMD ASR,Unclassified,Other,999.0,999.0,,
000000001830701561,RES-2K OHM 0402 1/16W 0.1% SMD ASR,Unclassified,Other,999.0,999.0,,
000000001830701572,RES-604 OHM 0402 1/16W 1% SMD ASR,Unclassified,Other,999.0,999.0,,
000000001830701582,RES-33.2 OHM 0201 1/20W 1% SMD ASR,Unclassified,Other,999.0,999.0,,
000000001830701593,RES-6.8K OHM 0402 1/16W 1% SMD ASR,Unclassified,Other,999.0,999.0,,
000000001830701601,RES-4.3K OHM 0201 1/20W 1% SMD,Unclassified,Other,999.0,999.0,,
000000001830701604,RES-750k OHM 0402 1/10W 1% ASR SMD,Unclassified,Other,999.0,999.0,,
000000001830701607,RES-8.45K OHM 0402 0.063W 0.1% SM TNF,Unclassified,Other,999.0,999.0,,
000000001830701609,RES-68.1K OHM 0402 0.063W 1% SM TKF,Unclassified,Other,999.0,999.0,,
000000001830701611,RES-1.78K OHM 0402 0.063W 0.1% SM TNF,Unclassified,Other,999.0,999.0,,
000000001830701612,RES-52.3K OHM 0402 0.063W 1% SM TKF,Unclassified,Other,999.0,999.0,,
000000001830701621,RES-43.2 OHM  0402 1/16W 1% SMD,Unclassified,Other,999.0,999.0,,
000000001830701666,RES-100K OHM 0402 1/16W 0.1% ASR,Unclassified,Other,999.0,999.0,,
000000001830701683,RES-75 OHM 0805 0.4W 1% SMD,Unclassified,Other,999.0,999.0,,
000000001830701685,RES-2.15K OHM 0402 1/16W 1% ASR,Unclassified,Other,999.0,999.0,,
000000001830701687,RES-22.1K OHM 0402 1/16W 1% SMD ASR,Unclassified,Other,999.0,999.0,,
000000001830701688,RES-16.2K OHM 0402 1/16W 1% SMD ASR,Unclassified,Other,999.0,999.0,,
000000001830701694,RES-332K OHM 0201 1/20W 1% ±200ppm/°C,Unclassified,Other,999.0,999.0,,
000000001830701714,RES-90.9K OHM 0402 1/16W 1% SMD,Unclassified,Other,999.0,999.0,,
000000001830701719,RES-35.7K OHM 0402 1/16W 1% SMD,Unclassified,Other,999.0,999.0,,
000000001830701723,RES-6.98K OHM 0402 1/16W 1% SMD,Unclassified,Other,999.0,999.0,,
000000001830701736,RES-316 OHM 0402 1/16W 1% SMD,Unclassified,Other,999.0,999.0,,
000000001830701742,RES-49.9K OHM 0402 1/16W 0.1% SMD,Unclassified,Other,999.0,999.0,,
000000001830701743,RES-7.15K OHM 0402 1/16W 0.1% ASR,Unclassified,Other,999.0,999.0,,
000000001830701761,RES-7.5K OHM 0603 1/10W 0.1% SMD,Unclassified,Other,999.0,999.0,,
000000001830701783,RES-10K OHM 0402 1/16W 0.1% SMD ASR,Unclassified,Other,999.0,999.0,,
000000001830701785,RES-1K OHM 0402 1/16W 0.1% SMD ASR,Unclassified,Other,999.0,999.0,,
000000001830701790,RES-4.99K OHM 0402 1/16W 0.1% SMD ASR,Unclassified,Other,999.0,999.0,,
000000001830701793,RES-1.6K OHM 0402 1/16W 0.1% SMD ASR,Unclassified,Other,999.0,999.0,,
000000001830701828,RES-4.3M OHM 0603 1/10W  1%,Unclassified,Other,999.0,999.0,,
000000001830701829,RES-62 OHM 0402 1/16W  1%,Unclassified,Other,999.0,999.0,,
000000001830701830,RES-487K OHM 0402 1/16W 1%,Unclassified,Other,999.0,999.0,,
000000001830701832,RES-2.1K OHM 0402 1/16W 1%,Unclassified,Other,999.0,999.0,,
000000001830701833,RES-5.6 OHM 0805 1/4W 1%,Unclassified,Other,999.0,999.0,,
000000001830701837,RES-0.22 OHM 1206 1/4W 1%,Unclassified,Other,999.0,999.0,,
000000001830701839,RES-10.2K OHM 0402 1/16W 1%,Unclassified,Other,999.0,999.0,,
000000001830701841,RES-665 OHM 0402 1/16W 1%,Unclassified,Other,999.0,999.0,,
000000001830701842,RES-105K OHM 0402 1/16W 1%,Unclassified,Other,999.0,999.0,,
000000001830701843,RES-499 OHM 0402 1/16W 0.1%,Unclassified,Other,999.0,999.0,,
000000001830701846,RES-107K OHM 0402 1/16W 1%,Unclassified,Other,999.0,999.0,,
000000001830701847,RES-143K OHM 0402 1/16W 1%,Unclassified,Other,999.0,999.0,,
000000001830701856,RES-86.6K OHM 0201 1/20W 1% SMD,Unclassified,Other,999.0,999.0,,
000000001830701857,RES-127K OHM 0201 1/20W 1% SMD,Unclassified,Other,999.0,999.0,,
000000001830701864,RES-3.32 OHM 0805 1/8W 1%,Unclassified,Other,999.0,999.0,,
000000001830701869,RES-287K OHM 0402 1/16W 1%,Unclassified,Other,999.0,999.0,,
000000001830701872,RES-20K OHM 0402 1/16W 0.1% SMD,Unclassified,Other,999.0,999.0,,
000000001830701873,RES-1.65K OHM 0402 1/16W  0.1% SMD,Unclassified,Other,999.0,999.0,,
000000001830701874,RES-51K OHM 0402 1/16W 0.1% SMD 50ppm,Unclassified,Other,999.0,999.0,,
000000001830701875,RES-49.9 OHM 0402 1/16W 0.1% SMD,Unclassified,Other,999.0,999.0,,
000000001830701876,RES-32K OHM 0402 1/16W 0.1%,Unclassified,Other,999.0,999.0,,
000000001830701878,RES-1.37K OHM 0402 1/16W 0.1% SMD,Unclassified,Other,999.0,999.0,,
000000001830701879,RES-24.9K OHM 0402 1/16W  0.1% SMD,Unclassified,Other,999.0,999.0,,
000000001830701880,RES-240K OHM 0603 1/10W 0.1%  SMD,Unclassified,Other,999.0,999.0,,
000000001830701881,RES-0.003 OHM 2512 1W 1% 100PPM/K SMD,Unclassified,Other,999.0,999.0,,
000000001830701883,RES-51K OHM 0402 1/16W 0.1% SMD 25ppm,Unclassified,Other,999.0,999.0,,
000000001830701885,RES-120K OHM 0402 1/16W 1%,Unclassified,Other,999.0,999.0,,
000000001830701890,RES-30.1KOHM 0402 1/16W 0.1% SMD,Unclassified,Other,999.0,999.0,,
000000001830701894,RES -6.49KOHM 0402 1/16W 0.1% SMD,Unclassified,Other,999.0,999.0,,
000000001830701895,RES-330 OHM 0402 1/16W 0.1% SMD,Unclassified,Other,999.0,999.0,,
000000001830701896,RES-31.6KOHM 0402 1/16W  0.1% SMD,Unclassified,Other,999.0,999.0,,
000000001830701898,RES-0.01 OHM 1% 1/2W 0603,Unclassified,Other,999.0,999.0,,
000000001830701905,RES-1.87K OHM 0402 1/16W 0.1% SMD,Unclassified,Other,999.0,999.0,,
000000001830701910,RES-11 OHM 0402 1/16W 1% SMD,Unclassified,Other,999.0,999.0,,
000000001830701913,RES-0.05 OHM 2512 2W 1%,Unclassified,Other,999.0,999.0,,
000000001830701919,RES 44.2K OHM 0201 1/20W 1%,Unclassified,Other,999.0,999.0,,
000000001830701926,RES-820K OHM 0402 1/16W 1%,Unclassified,Other,999.0,999.0,,
000000001830701930,RES-18 OHM 0201 1/20W 1% SMD,Unclassified,Other,999.0,999.0,,
000000001830701931,RES-127 OHM 0201 1/20W 1% SMD,Unclassified,Other,999.0,999.0,,
000000001830750002,CAP-CER 0.1PF ±0.1pF 25V C0G 0201,Unclassified,Other,999.0,999.0,,
000000001830750006,CAP-CER 0.2PF ±0.1pF 50V C0G 0402,Unclassified,Other,999.0,999.0,,
000000001830750012,CAP-CER 0.5PF ±0.1pF 25V C0G 0201,Unclassified,Other,999.0,999.0,,
000000001830750034,CAP-CER 1.5PF ±0.25pF 50V C0G 0402,Unclassified,Other,999.0,999.0,,
000000001830750039,CAP-CER 2PF ±0.25PF 50V C0G 0402,Unclassified,Other,999.0,999.0,,
000000001830750057,CAP-CER 4PF ±0.25PF 50V C0G 0402,Unclassified,Other,999.0,999.0,,
000000001830750071,CAP-CER 6.8PF ±0.25PF 50V C0G 0402,Unclassified,Other,999.0,999.0,,
000000001830750079,CAP-CER 8.2PF ±0.25pF 50V C0G 0402,Unclassified,Other,999.0,999.0,,
000000001830750083,CAP-CER 10PF 5% 25V C0G 0201,Unclassified,Other,999.0,999.0,,
000000001830750084,CAP-CER 10PF 5% 50V C0G 0402,Unclassified,Other,999.0,999.0,,
000000001830750088,CAP-CER 10PF 5% 250V C0G 0603 HIHG Q,Unclassified,Other,999.0,999.0,,
000000001830750090,CAP-CER 100PF 10% 16V X7R 0201,Unclassified,Other,999.0,999.0,,
000000001830750091,CAP-CER 100PF 5% 25V C0G 0201,Unclassified,Other,999.0,999.0,,
000000001830750094,CAP-CER 100pF 5% 50V C0G 0402,Unclassified,Other,999.0,999.0,,
000000001830750103,CAP-CER 1000PF 10% 25V X7R 0201,Unclassified,Other,999.0,999.0,,
000000001830750110,CAP-CER 1000PF 10% 50V X7R 0402,Unclassified,Other,999.0,999.0,,
000000001830750111,CAP-CER 1000PF 5% 50V C0G 0402,Unclassified,Other,999.0,999.0,,
000000001830750113,CAP-CER 1000PF 5% 50V C0G 0603,Unclassified,Other,999.0,999.0,,
000000001830750119,CAP-CER 1000PF 10% 1000V X7R 1206,Unclassified,Other,999.0,999.0,,
000000001830750120,CAP-CER 1000PF 20% 2KV X7R 1206,Unclassified,Other,999.0,999.0,,
000000001830750124,CAP-CER 0.01uF 10% 10V X7R 0201,Unclassified,Other,999.0,999.0,,
000000001830750128,CAP-CER 0.01uF 10% 25V X7R 0402,Unclassified,Other,999.0,999.0,,
000000001830750130,CAP-CER 0.01uF 10% 100V X7R 0402,Unclassified,Other,999.0,999.0,,
000000001830750131,CAP-CER 0.01uF 10% 50V X7R 0402,Unclassified,Other,999.0,999.0,,
000000001830750134,CAP-CER 0.01uF 5% 50V X7R 0603,Unclassified,Other,999.0,999.0,,
000000001830750137,CAP-CER 0.01uF 10% 100V X7R 0603,Unclassified,Other,999.0,999.0,,
000000001830750140,CAP-CER 0.01uF 10% 250V X7R 0805,Unclassified,Other,999.0,999.0,,
000000001830750152,CAP-CER 0.1UF 10% 4V X6S 0201,Unclassified,Other,999.0,999.0,,
000000001830750153,CAP-CER 0.1UF 10% 6.3V X5R 0201,Unclassified,Other,999.0,999.0,,
000000001830750154,CAP-CER 0.1UF 10% 10V X5R 0201,Unclassified,Other,999.0,999.0,,
000000001830750155,CAP-CER 0.1UF 10% 16V X5R 0201,Unclassified,Other,999.0,999.0,,
000000001830750156,CAP-CER 0.1UF 20% 16V X7S 0201,Unclassified,Other,999.0,999.0,,
000000001830750158,CAP-CER 0.1UF 10% 10V X7S 0201,Unclassified,Other,999.0,999.0,,
000000001830750161,CAP-CER 0.1UF 10% 16V X7R 0402,Unclassified,Other,999.0,999.0,,
000000001830750164,CAP-CER 0.1UF 10% 50V X7R 0402,Unclassified,Other,999.0,999.0,,
000000001830750170,CAP-CER 0.1UF 10% 50V X7R 0603,Unclassified,Other,999.0,999.0,,
000000001830750171,CAP-CER 0.1UF 10% 100V X7R 0603,Unclassified,Other,999.0,999.0,,
000000001830750175,CAP-CER 0.1UF 10% 100V X7R 0805,Unclassified,Other,999.0,999.0,,
000000001830750178,CAP-CER 0.1UF 10% 250V X7R 1206,Unclassified,Other,999.0,999.0,,
000000001830750182,CAP-CER 1UF 20% 6.3V X5R 0201,Unclassified,Other,999.0,999.0,,
000000001830750184,CAP-CER 1UF 20% 10V X6S 0201,Unclassified,Other,999.0,999.0,,
000000001830750185,CAP-CER 1UF 10% 10V X5R 0402,Unclassified,Other,999.0,999.0,,
000000001830750189,CAP-CER 1UF 10% 6.3V X6S 0402,Unclassified,Other,999.0,999.0,,
000000001830750193,CAP-CER 1UF 10% 10V X7R 0603,Unclassified,Other,999.0,999.0,,
000000001830750194,CAP-CER 1UF 10% 25V X5R 0603,Unclassified,Other,999.0,999.0,,
000000001830750196,CAP-CER 1UF 10% 100V X7R 0603,Unclassified,Other,999.0,999.0,,
000000001830750197,CAP-CER 1UF 10% 25V X7R 0805,Unclassified,Other,999.0,999.0,,
000000001830750198,CAP-CER 1UF 20% 50V X5R 0805,Unclassified,Other,999.0,999.0,,
000000001830750202,CAP-CER 1UF 10% 50V X5R 1210,Unclassified,Other,999.0,999.0,,
000000001830750209,CAP-CER 10UF 20% 6.3V X5R 0402,Unclassified,Other,999.0,999.0,,
000000001830750210,CAP-CER 10UF 20% 10V X5R 0402,Unclassified,Other,999.0,999.0,,
000000001830750211,CAP-CER 10UF ±2uF 6.3V X6S 0402,Unclassified,Other,999.0,999.0,,
000000001830750214,CAP-CER 10UF 20% 10V X5R 0603,Unclassified,Other,999.0,999.0,,
000000001830750215,CAP-CER 10UF 20% 25V X5R 0603,Unclassified,Other,999.0,999.0,,
000000001830750219,CAP-CER 10UF 10% 10V X7R 0805,Unclassified,Other,999.0,999.0,,
000000001830750221,CAP-CER 10UF 20% 16V X7R 0805,Unclassified,Other,999.0,999.0,,
000000001830750225,CAP-CER 10UF 10% 25V X5R 1206,Unclassified,Other,999.0,999.0,,
000000001830750227,CAP-CER 10UF ’+80%/-20% 50V Y5V 1210,Unclassified,Other,999.0,999.0,,
000000001830750228,CAP-CER 10UF 10% 25V X7R 1210,Unclassified,Other,999.0,999.0,,
000000001830750237,CAP-CER 100uF 20% 10V X5R 1206,Unclassified,Other,999.0,999.0,,
000000001830750241,CAP-CER 100UF ±20% 10V X6S 1210,Unclassified,Other,999.0,999.0,,
000000001830750246,CAP-CER 12PF 5% 25V C0G 0201,Unclassified,Other,999.0,999.0,,
000000001830750249,CAP-CER 12PF 5% 50V C0G 0402,Unclassified,Other,999.0,999.0,,
000000001830750254,CAP-CER 15PF 5% 50V C0G 0402,Unclassified,Other,999.0,999.0,,
000000001830750258,CAP-CER 150PF 5% 50V NP0 0402,Unclassified,Other,999.0,999.0,,
000000001830750260,CAP-CER 1500PF 10% 25V X7R 0402,Unclassified,Other,999.0,999.0,,
000000001830750261,CAP-CER 1500PF 10% 50V X7R 0603,Unclassified,Other,999.0,999.0,,
000000001830750265,CAP-CER 0.015UF 5% 25V C0G 0603,Unclassified,Other,999.0,999.0,,
000000001830750270,CAP-CER 18PF 5% 50V C0G 0402,Unclassified,Other,999.0,999.0,,
000000001830750278,CAP-CER 20PF 5% 50V C0G 0402,Unclassified,Other,999.0,999.0,,
000000001830750290,CAP-CER 220PF 5% 25V C0G 0402,Unclassified,Other,999.0,999.0,,
000000001830750294,CAP-CER 2200PF 10% 50V X7R 0402,Unclassified,Other,999.0,999.0,,
000000001830750295,CAP-CER 2200PF ±1% 16V C0G 0402,Unclassified,Other,999.0,999.0,,
000000001830750297,CAP-CER 2200PF 10% 50V X7R 0603,Unclassified,Other,999.0,999.0,,
000000001830750300,CAP-CER 2200PF 5% 25V C0G 0402,Unclassified,Other,999.0,999.0,,
000000001830750303,CAP-CER 0.022UF 10% 25V X7R 0402,Unclassified,Other,999.0,999.0,,
000000001830750304,CAP-CER 0.022UF 10% 50V X7R 0402,Unclassified,Other,999.0,999.0,,
000000001830750310,CAP-CER 0.22UF 20% 6.3V X5R 0201,Unclassified,Other,999.0,999.0,,
000000001830750311,CAP-CER 0.22UF 10% 25V X7R 0402,Unclassified,Other,999.0,999.0,,
000000001830750312,CAP-CER 0.22UF 10% 16V X7R 0402,Unclassified,Other,999.0,999.0,,
000000001830750313,CAP-CER 0.22UF 10% 16V X7R 0603,Unclassified,Other,999.0,999.0,,
000000001830750315,CAP-CER 0.22UF 10% 25V X7R 0805,Unclassified,Other,999.0,999.0,,
000000001830750319,CAP-CER 0.22UF 10% 100V X7S 0805,Unclassified,Other,999.0,999.0,,
000000001830750322,CAP-CER 2.2UF 20% 10V X5R 0201,Unclassified,Other,999.0,999.0,,
000000001830750323,CAP-CER 2.2UF 20% 6.3V X5R 0402,Unclassified,Other,999.0,999.0,,
000000001830750325,CAP-CER 2.2UF 10% 10V X5R 0603,Unclassified,Other,999.0,999.0,,
000000001830750326,CAP-CER 2.2UF 10% 10V X7R 0603,Unclassified,Other,999.0,999.0,,
000000001830750328,CAP-CER 2.2UF 10% 10V X7R 0805,Unclassified,Other,999.0,999.0,,
000000001830750336,CAP-CER 22UF 20%  6.3V X5R 0402,Unclassified,Other,999.0,999.0,,
000000001830750338,CAP-CER 22UF 20% 10V X5R 0603,Unclassified,Other,999.0,999.0,,
000000001830750341,CAP-CER 22UF 20% 10V X7T 0805,Unclassified,Other,999.0,999.0,,
000000001830750343,CAP-CER 22UF 20% 16V X5R 1206,Unclassified,Other,999.0,999.0,,
000000001830750344,CAP-CER 22UF 10% 25V X5R 1206,Unclassified,Other,999.0,999.0,,
000000001830750348,CAP-CER 22UF 10% 25V X7R 1210,Unclassified,Other,999.0,999.0,,
000000001830750353,CAP-CER 27PF 5% 25V C0G 0402,Unclassified,Other,999.0,999.0,,
000000001830750361,CAP-CER 2700PF 5% 50V NP0 0603,Unclassified,Other,999.0,999.0,,
000000001830750363,CAP-CER 30PF 5% 50V C0G 0402,Unclassified,Other,999.0,999.0,,
000000001830750368,CAP-CER 33PF 10% 25V C0G 0402,Unclassified,Other,999.0,999.0,,
000000001830750374,CAP-CER 330PF 10% 50V X7R 0402,Unclassified,Other,999.0,999.0,,
000000001830750375,CAP-CER 330PF 5% 50V C0G 0603,Unclassified,Other,999.0,999.0,,
000000001830750377,CAP-CER 3300PF 5% 10V U2J 0402,Unclassified,Other,999.0,999.0,,
000000001830750380,CAP-CER 0.033UF 10% 6.3V X5R 0201,Unclassified,Other,999.0,999.0,,
000000001830750383,CAP-CER 0.033UF 10% 16V X7R 0402,Unclassified,Other,999.0,999.0,,
000000001830750405,CAP-CER 39PF 5% 50V NP0 0402,Unclassified,Other,999.0,999.0,,
000000001830750410,CAP-CER 3900PF 10% 50V X7R 0603,Unclassified,Other,999.0,999.0,,
000000001830750413,CAP-CER 47PF 10% 25V X7R 0402,Unclassified,Other,999.0,999.0,,
000000001830750414,CAP-CER 47PF 5% 50V C0G 0402,Unclassified,Other,999.0,999.0,,
000000001830750422,CAP-CER 470PF ±5% 50V C0G 0402,Unclassified,Other,999.0,999.0,,
000000001830750426,CAP-CER 4700PF 10% 25V X7R 0402,Unclassified,Other,999.0,999.0,,
000000001830750428,CAP-CER 4700PF 10% 50V X7R 0603,Unclassified,Other,999.0,999.0,,
000000001830750437,CAP-CER 0.047UF 10% 25V X7R 0402,Unclassified,Other,999.0,999.0,,
000000001830750445,CAP-CER 0.47UF 20% 4V X5R 0201,Unclassified,Other,999.0,999.0,,
000000001830750447,CAP-CER 0.47UF ‘+80%/-20% 16V Y5V 0402,Unclassified,Other,999.0,999.0,,
000000001830750448,(Use 1830750688)CAP-CER 0.47UF 10%<ZY>,Unclassified,Other,999.0,999.0,,
000000001830750449,CAP-CER 0.47UF 10% 6.3V X5R 0402,Unclassified,Other,999.0,999.0,,
000000001830750461,CAP-CER 4.7UF 20% 6.3V X5R 0402,Unclassified,Other,999.0,999.0,,
000000001830750462,CAP-CER 4.7UF 20% 10V X5R 0402,Unclassified,Other,999.0,999.0,,
000000001830750464,CAP-CER 4.7UF 10% 10V X5R 0603,Unclassified,Other,999.0,999.0,,
000000001830750467,CAP-CER 4.7UF 10% 25V X5R 0805,Unclassified,Other,999.0,999.0,,
000000001830750468,CAP-CER 4.7UF 10% 16V X7R 0805,Unclassified,Other,999.0,999.0,,
000000001830750478,CAP-CER 47UF 20% 6.3V X5R 0603,Unclassified,Other,999.0,999.0,,
000000001830750479,CAP-CER 47UF 20% 6.3V X5R 0805,Unclassified,Other,999.0,999.0,,
000000001830750480,CAP-CER 47UF 20% 4V X6S 0805,Unclassified,Other,999.0,999.0,,
000000001830750483,CAP-CER 47UF 20% 16V X5R 1206,Unclassified,Other,999.0,999.0,,
000000001830750485,CAP-CER 47UF 20% 10V X6S 1206,Unclassified,Other,999.0,999.0,,
000000001830750489,CAP-CER 47UF 10% 10V X7R 1210,Unclassified,Other,999.0,999.0,,
000000001830750509,CAP-CER 68PF ±5% 50V C0G 0402,Unclassified,Other,999.0,999.0,,
000000001830750512,CAP-CER 680PF 5% 50V C0G 0603,Unclassified,Other,999.0,999.0,,
000000001830750513,CAP-CER 680PF 10% 16V X7R 0201,Unclassified,Other,999.0,999.0,,
000000001830750515,CAP-CER 0.068UF 10% 16V X7R 0603,Unclassified,Other,999.0,999.0,,
000000001830750587,CAP-TANT_POLY 330uF 20% 6.3V X6S 2917,Unclassified,Other,999.0,999.0,,
000000001830750591,CAP-CER 100UF 20% 6.3V X5R 0805,Unclassified,Other,999.0,999.0,,
000000001830750596,CAP-CER 5600PF 10% 50V X7R 0402,Unclassified,Other,999.0,999.0,,
000000001830750608,CAP-CER 0.01uF 10% 25V X7R 0201,Unclassified,Other,999.0,999.0,,
000000001830750609,CAP-CER 0.22uF 10% 25V X7R 0603,Unclassified,Other,999.0,999.0,,
000000001830750610,CAP-CER 4.7UF 10% 10V X5R 0402,Unclassified,Other,999.0,999.0,,
000000001830750612,CAP-CER 22UF 20% 10V X5R 0603,Unclassified,Other,999.0,999.0,,
000000001830750633,CAP-CER 10UF 10% 25V X5R 0805,Unclassified,Other,999.0,999.0,,
000000001830750636,CAP-CER 0.47UF 10% 10V X5R 0402,Unclassified,Other,999.0,999.0,,
000000001830750638,CAP-CER 10UF 20% 16V X6S 0603,Unclassified,Other,999.0,999.0,,
000000001830750645,CAP-SUPER 1F -20%+80% 5.5V T/H,Unclassified,Other,999.0,999.0,,
000000001830750648,CAP-CER 180PF ±5% 50V COG/X7R 0201,Unclassified,Other,999.0,999.0,,
000000001830750651,CAP-CER 680PF 5% 100V C0G 0402,Unclassified,Other,999.0,999.0,,
000000001830750652,CAP-CER 2.2UF 20% 10V X5R 0201,Unclassified,Other,999.0,999.0,,
000000001830750668,CAP-CER 1UF 10% 10V X7R 0402,Unclassified,Other,999.0,999.0,,
000000001830750670,CAP-CER 0.1UF 10% 10V X7R 0201,Unclassified,Other,999.0,999.0,,
000000001830750677,CAP-CER 1UF 10% 16V X7R 0603,Unclassified,Other,999.0,999.0,,
000000001830750680,CAP-CER 0.22UF 20% 6.3V X6S 0201,Unclassified,Other,999.0,999.0,,
000000001830750682,CAP-CER 2.2UF 10% 16V X6S 0402,Unclassified,Other,999.0,999.0,,
000000001830750683,CAP-CER 4.7UF 20% 6.3V X6S 0402,Unclassified,Other,999.0,999.0,,
000000001830750686,CAP-CER 4.7UF 10% 25V X6S 0603,Unclassified,Other,999.0,999.0,,
000000001830750687,CAP-CER 1UF 10% 100V X7S 0805,Unclassified,Other,999.0,999.0,,
000000001830750688,CAP-CER 0.47UF 10% 10V X7R 0402,Unclassified,Other,999.0,999.0,,
000000001830750716,CAP-TANT_POLY 220UF 20% 10V 2917,Unclassified,Other,999.0,999.0,,
000000001830750717,CAP-CER 0.015UF 10% 100V X7R 0805,Unclassified,Other,999.0,999.0,,
000000001830750721,CAP-CER 2700PF 10% 50V X7R 0402,Unclassified,Other,999.0,999.0,,
000000001830750723,CAP-CER 1UF 10% 25V X5R 0402,Unclassified,Other,999.0,999.0,,
000000001830750726,CAP-CER 1UF 10% 25V X6S 0402,Unclassified,Other,999.0,999.0,,
000000001830750727,CAP-CER 47UF 20% 6.3V X6S 0805,Unclassified,Other,999.0,999.0,,
000000001830750729,CAP-CER 120PF 10% 25V X7R 0201,Unclassified,Other,999.0,999.0,,
000000001830750732,CAP-CER 22UF ±20% 4V X6S 0402,Unclassified,Other,999.0,999.0,,
000000001830750735,CAP-CER 4.7µF ±10% 10V X7S 0603,Unclassified,Other,999.0,999.0,,
000000001830750740,CAP-CER 100uF 20% 4V X6S 0805,Unclassified,Other,999.0,999.0,,
000000001830750741,CAP-CER 47uF 20% 4V X6S 0603,Unclassified,Other,999.0,999.0,,
000000001830750742,CAP-CER 22uF 10% 25V X6S 1206,Unclassified,Other,999.0,999.0,,
000000001830750743,CAP-CER 10uF 10% 25V X6S 0805,Unclassified,Other,999.0,999.0,,
000000001830750747,CAP-CER 4.7UF 20% 10V X5R 0402,Unclassified,Other,999.0,999.0,,
000000001830750754,CAP-0.022µF Silicon 11V 0201,Unclassified,Other,999.0,999.0,,
000000001830750760,CAP CER 2.2UF 25V X6S 0603,Unclassified,Other,999.0,999.0,,
000000001830750761,CAP TANT POLY 220UF 25V 2924,Unclassified,Other,999.0,999.0,,
000000001830750771,CAP CER 0.47UF 6.3V X5R 01005,Unclassified,Other,999.0,999.0,,
000000001830800008,IND SM 1UH/20% 1.6ADC 1313PKG,Unclassified,Other,999.0,999.0,,
000000001830800010,IND 1uH 20% 11A 7.37mm×6.47mm,Unclassified,Other,999.0,999.0,,
000000001830800016,IND 1UH 20% 2.2A 0.080OHM 0806 SMD,Unclassified,Other,999.0,999.0,,
000000001830800018,IND 1UH 20% 0.8A 0.15OHM 0603 SMD,Unclassified,Other,999.0,999.0,,
000000001830800044,POWER IND 10UH 20% 5.4A SMD,Unclassified,Other,999.0,999.0,,
000000001830800048,COIL PWR CHOKE 10UH 20% 690MA SMD,Unclassified,Other,999.0,999.0,,
000000001830800052,IND MULTILAYER 10UH 10% 300MA 1210,Unclassified,Other,999.0,999.0,,
000000001830800053,IND POWER 10UH 4.40A SMD,Unclassified,Other,999.0,999.0,,
000000001830800057,IND 10.0UH 0603 0.115A 10%,Unclassified,Other,999.0,999.0,,
000000001830800059,IND 10UH 225MA 0806,Unclassified,Other,999.0,999.0,,
000000001830800070,FIXED IND 120NH 31A 0.65 MOHM,Unclassified,Other,999.0,999.0,,
000000001830800091,IND 15UH±20% 150MA 0603 WIRE WOUND TYPE,Unclassified,Other,999.0,999.0,,
000000001830800099,IND 18NH CHP 0402 ±2%,Unclassified,Other,999.0,999.0,,
000000001830800106,IND SMD 1.0UH 178MHZ 5.3A,Unclassified,Other,999.0,999.0,,
000000001830800114,FIXED IND 1.5UH 9A 15 MOHM SMD,Unclassified,Other,999.0,999.0,,
000000001830800133,IND 27NH CHP 0402 ±2%,Unclassified,Other,999.0,999.0,,
000000001830800142,Chip INDs for DC-DC Converter 2.2uH 0806,Unclassified,Other,999.0,999.0,,
000000001830800158,(EOL)IND PBX CHP 0402 33NH,Unclassified,Other,999.0,999.0,,
000000001830800159,INDUCTOR MULTILAYER 33NH 0402,Unclassified,Other,999.0,999.0,,
000000001830800171,FIXED IND 3.3UH 10A 10 MOHM SMD,Unclassified,Other,999.0,999.0,,
000000001830800222,IND POWER 5.2UH 5.50A SMD,Unclassified,Other,999.0,999.0,,
000000001830800235,IND 62UH±2% 145MA 0402 WIRE WOUND TYPE,Unclassified,Other,999.0,999.0,,
000000001830800278,CHOKE COMMON MODE 90 OHM 0805,Unclassified,Other,999.0,999.0,,
000000001830800290,FERRITE CHIP 600 OHM 200MA 0603,Unclassified,Other,999.0,999.0,,
000000001830800298,Chip EMI Suppression Filter 0402 SMD,Unclassified,Other,999.0,999.0,,
000000001830800308,IND PBX CHP EMI FILTER 40x20,Unclassified,Other,999.0,999.0,,
000000001830800309,IND PBX CHP EMI 120 O 0402 1.5A,Unclassified,Other,999.0,999.0,,
000000001830800313,IND PBX BEAD FERRITE 1K OHM,Unclassified,Other,999.0,999.0,,
000000001830800315,IND PBX CHP EMI FILTER 80X50,Unclassified,Other,999.0,999.0,,
000000001830800319,FERRITE CHIP 60 OHM 3000MA 0805,Unclassified,Other,999.0,999.0,,
000000001830800320,FERRITE CHIP 60 OHM 500MA 0603,Unclassified,Other,999.0,999.0,,
000000001830800323,FERRITE CHIP 220 OHM 2000MA 0805,Unclassified,Other,999.0,999.0,,
000000001830800324,FERRITE CHIP 470OHM 1000MA 0603,Unclassified,Other,999.0,999.0,,
000000001830800325,IND PBX CHP EMI FILTER 40X20,Unclassified,Other,999.0,999.0,,
000000001830800327,IND 1.00K OHM 0402 0.25A FILTER CHIP,Unclassified,Other,999.0,999.0,,
000000001830800331,FILTER CHIP 120 OHM 300MA 0402,Unclassified,Other,999.0,999.0,,
000000001830800332,FERRITE BEAD 600 OHM 300mA 0402,Unclassified,Other,999.0,999.0,,
000000001830800333,FERRITE BEAD 1K OHM 250mA 0402,Unclassified,Other,999.0,999.0,,
000000001830800335,FERRITE BEAD 120 OHM 1.5A 0402,Unclassified,Other,999.0,999.0,,
000000001830800337,FERRITE BEAD 600 OHM 1A0805,Unclassified,Other,999.0,999.0,,
000000001830800339,FILTER CHIP 120 Ohm 2A 0603,Unclassified,Other,999.0,999.0,,
000000001830800344,FERRITE CHIP 70 OHM 500MA 0402,Unclassified,Other,999.0,999.0,,
000000001830800350,CHIP FERRITE BEAD 600OHM± 25% 900MA 0402,Unclassified,Other,999.0,999.0,,
000000001830800352,FERRITE BEAD 6A 25 OHM 0805 1LN,Unclassified,Other,999.0,999.0,,
000000001830800354,FERRITE BEAD 1200OHM 100MA 0201 SMD,Unclassified,Other,999.0,999.0,,
000000001830800355,FERRITE BEAD 600 OHM 250MA 0201 SMD,Unclassified,Other,999.0,999.0,,
000000001830800356,FERRITE BEAD 80 OHM 1000MA 0201 SMD,Unclassified,Other,999.0,999.0,,
000000001830800357,FERRITE BEAD 22 OHM 1800MA 0201 SMD,Unclassified,Other,999.0,999.0,,
000000001830800359,FERRITE 10A 100 OHM SMD,Unclassified,Other,999.0,999.0,,
000000001830800368,Pulse Toroid SMD Power INDs CMI SMT NL,Unclassified,Other,999.0,999.0,,
000000001830800372,TRANSFORMERS 7UH 500MA,Unclassified,Other,999.0,999.0,,
000000001830800378,INDUCTOR 2.2UH 30% 1.5A 88mΩ SMD,Unclassified,Other,999.0,999.0,,
000000001830800387,FIXED IND 1UH 1.6A 144 MOHM SMD,Unclassified,Other,999.0,999.0,,
000000001830800392,PULSE XFMR 1CT TX 1CT RX,Unclassified,Other,999.0,999.0,,
000000001830800411,CAP-FEEDTHRU 1.5UF 25V 1806,Unclassified,Other,999.0,999.0,,
000000001830800433,FIXED IND 3.3UH 7A 27.4 MOHM SMD,Unclassified,Other,999.0,999.0,,
000000001830800438,Inductor 10uH 200mA 0805,Unclassified,Other,999.0,999.0,,
000000001830800440,FERRITE BEAD 330 OHM 0201,Unclassified,Other,999.0,999.0,,
000000001830800442,IND 2.2uH 1.1A 3x3mm,Unclassified,Other,999.0,999.0,,
000000001830800443,IND 2.2uH 1.5A 4x4x1.7mm,Unclassified,Other,999.0,999.0,,
000000001830800444,IND 2.2uH 500mA 2x2.5x1,Unclassified,Other,999.0,999.0,,
000000001830800453,IC TRANSFORMER  10M-1000MHZ 1:1 SMD,Unclassified,Other,999.0,999.0,,
000000001830800462,FIXED IND 2.2UH 4.3A 40 MOHM,Unclassified,Other,999.0,999.0,,
000000001830800465,IND 4.7UH 0.05OHMS 2.5A SMD,Unclassified,Other,999.0,999.0,,
000000001830800466,Ferrite Bead 300Ohms @100MHz 0603,Unclassified,Other,999.0,999.0,,
000000001830800467,Ferrite Bead 30Ohms @100MHz 0805,Unclassified,Other,999.0,999.0,,
000000001830800481,INDUCT 3.3uH 1616 20% 6.6A SM,Unclassified,Other,999.0,999.0,,
000000001830800484,FERRITE 220Ohm@100MHz 2000mA 0603,Unclassified,Other,999.0,999.0,,
000000001830800489,IND 470NH 0603 2.6A 20% 0.054OHM,Unclassified,Other,999.0,999.0,,
000000001830800494,IND 470 OHM 0201 0.175A FILTER CHIP,Unclassified,Other,999.0,999.0,,
000000001830800497,FIXED IND 470NH 1.2A 140 MOHM 0402,Unclassified,Other,999.0,999.0,,
000000001830800498,(EOL)FIXED IND 1UH 1.8A 120 MOHM 0603,Unclassified,Other,999.0,999.0,,
000000001830800500,FIXED IND 1UH 1.8A 95 MOHM 0603 SMD,Unclassified,Other,999.0,999.0,,
000000001830800503,Ferrite Bead 220 Ohms @ 100MHz 0603 2.5A,Unclassified,Other,999.0,999.0,,
000000001830800521,FIXED IND 1.5uH 1.6A 70mOhms,Unclassified,Other,999.0,999.0,,
000000001830800522,FIXED IND 1.5UH 6.5A 8.1MOHM SMD,Unclassified,Other,999.0,999.0,,
000000001830800523,FIXED IND 2.2UH 1.7A 47MOHM SMD,Unclassified,Other,999.0,999.0,,
000000001830800524,FIXED IND 1UH 3A 45MOHM SMD,Unclassified,Other,999.0,999.0,,
000000001830800525,FERRITE BEAD 600OHM 0603 200mA,Unclassified,Other,999.0,999.0,,
000000001830800526,FERRITE BEAD 33OHM 1206 6A,Unclassified,Other,999.0,999.0,,
000000001830800528,FERRITE BEAD 600OHM 0603 1.3A,Unclassified,Other,999.0,999.0,,
000000001830800529,FERRITE BEAD 22OHM 0603 7.5A,Unclassified,Other,999.0,999.0,,
000000001830800530,FERRITE BEAD 220OHM 0402 1A,Unclassified,Other,999.0,999.0,,
000000001830800531,FIXED IND 2.2UH 1.2A 292MOHM SMD,Unclassified,Other,999.0,999.0,,
000000001830800535,FIXED IND 2.2UH 5.2A 35 MOHM,Unclassified,Other,999.0,999.0,,
000000001830800536,FIXED IND 220NH 5.9A 12.5MOHM,Unclassified,Other,999.0,999.0,,
000000001830800542,FIXED IND 4.7UH ±20% 620MA 550MOHM  0603,Unclassified,Other,999.0,999.0,,
000000001830800549,IND-240NH 5.4A 20MOHM 0805,Unclassified,Other,999.0,999.0,,
000000001830800550,IND-10uH 400mA ±20% 0805,Unclassified,Other,999.0,999.0,,
000000001830800551,FIXED IND 3.3UH 3.5A 87MOHM SMD,Unclassified,Other,999.0,999.0,,
000000001830800552,FIXED IND 1UH 7.5A 17 MOHM SMD,Unclassified,Other,999.0,999.0,,
000000001830800553,FILTER CHIP 120 OHM 1.8A 0402,Unclassified,Other,999.0,999.0,,
000000001830800555,FIXED IND 3.3UH 1.8A 0.135 OHM SM,Unclassified,Other,999.0,999.0,,
000000001830800560,IND 470NH 0805 4.1A 20% 0.029OHM SMD,Unclassified,Other,999.0,999.0,,
000000001830800576,FIXED IND 2.2uH 1.22A 65mohm SMD,Unclassified,Other,999.0,999.0,,
000000001830810039,IC CONTROLLER HOT SWAP 8SOIC LTC1422IS8,Unclassified,Other,999.0,999.0,,
000000001830810057,IC DC/DC CONV INV TSOT23-5 LT1931AES5,Unclassified,Other,999.0,999.0,,
000000001830810066,IC AMP INST 0-DRFT R-RI/O 8MSOP LTC2053H,Unclassified,Other,999.0,999.0,,
000000001830810071,IC REG LDO NEG ADJ0.2ASOT23 TPS72301DBVT,Unclassified,Other,999.0,999.0,,
000000001830810082,IC CONV BOOST 22V FET SW SOT23-5 LM2731,Unclassified,Other,999.0,999.0,,
000000001830810083,IC SUPERVISOR ADJ MCRPWR SOT23-5 MIC2776,Unclassified,Other,999.0,999.0,,
000000001830810084,IC REG SWITCHD CAP NEG ADJ 8WSON LM27761,Unclassified,Other,999.0,999.0,,
000000001830810097,IC TXRX RS485/422 8-SOIC MAX3075EESA+,Unclassified,Other,999.0,999.0,,
000000001830810111,IC TXRX RS-232 LP 16-SOIC MAX3232ESE+T,Unclassified,Other,999.0,999.0,,
000000001830810117,IC LDO V-REF 1.25V SOT23-3 REF3312AIDBZT,Unclassified,Other,999.0,999.0,,
000000001830810139,IC Dual 4InputAND Gate 14SOIC MC14082BDG,Unclassified,Other,999.0,999.0,,
000000001830810156,MOSFET N/P-CH 30/20V 8SOIC,Unclassified,Other,999.0,999.0,,
000000001830810171,REG SINK/SOURCE DDR 10SON,Unclassified,Other,999.0,999.0,,
000000001830810178,DAC 12BIT OCTAL W/BUF 16TSSOP,Unclassified,Transceiver_Rating,999.0,50.0,,
000000001830810199,MOSFET P-CH 12V4.3A SOT23,Unclassified,Other,999.0,999.0,,
000000001830810206,IC SUPERVISOR MPU 8-SOIC,Unclassified,Other,999.0,999.0,,
000000001830810209,IC LDO REG 0.2A2.5V SOT23-5,Unclassified,Other,999.0,999.0,,
000000001830810212,HEX/MOS N-CH 30V 12A 8-SOIC,Unclassified,Other,999.0,999.0,,
000000001830810229,IC LOGARITHM CONV 160DB 14TSSOP,Unclassified,Other,999.0,999.0,,
000000001830810238,OPAMP DUAL PREC R-R LN 8MSOP AD8656ARMZ,Unclassified,Other,999.0,999.0,,
000000001830810249,IC DATA FLASH 16M 2.5V,Unclassified,Other,999.0,999.0,,
000000001830810257,OPTOCOUPLER TRANS-OUT 2CH 8SOIC,Unclassified,Other,999.0,999.0,,
000000001830810266,BIDIRECTiIONAL TVS ARRAY FOR ESD 8KV 4CH,Unclassified,Other,999.0,999.0,,
000000001830810281,SW SPDT 1.8/5.5V SC70-6 ADG779BKSZ-REEL7,Unclassified,Other,999.0,999.0,,
000000001830810300,MICRO RESET CIRC SOT23 LM809M3-2.63/NOPB,Unclassified,Other,999.0,999.0,,
000000001830810338,IC ADR03BKSZ-REEL7 Voltage Ref 2.5V SC70,Unclassified,Other,999.0,999.0,,
000000001830810348,PREC OPAMP DUAL R-ROUT 8TSSOP OP727ARUZ,Unclassified,Other,999.0,999.0,,
000000001830810350,SENSOR TEMPERATURE I2C 8SOIC DS1721S+T&R,Unclassified,Other,999.0,999.0,,
000000001830810384,SMPL SEQUENCER PP SC706 ADM1086AKSZREEL7,Unclassified,Other,999.0,999.0,,
000000001830810436,VOLT REFERENCE LDO 2.5V 8SOIC REF192ESZ,Unclassified,Other,999.0,999.0,,
000000001830810442,IC REG LDO ADJ 1.5A LN 8SOIC LT1963,Unclassified,Other,999.0,999.0,,
000000001830810446,IC VOLT REF MICROPWR 3.3V 8SOIC,Unclassified,Other,999.0,999.0,,
000000001830810452,Integrated CDR DFB/FP LSR DRV GN2010D,Unclassified,Other,999.0,999.0,,
000000001830810476,IC REG BOOST ADJ 0.75A 8MLF MIC2290YML,Unclassified,Other,999.0,999.0,,
000000001830810478,IC LOAD SWITCH 3A 6DSBGA TPS22964CYZPR,Unclassified,Other,999.0,999.0,,
000000001830810479,REG BUCKADJ0.4A SYNC 6TMLF MIC23031-AYMT,Unclassified,Other,999.0,999.0,,
000000001830810491,PWR DIST SW ADJ DL 10SON,Unclassified,Other,999.0,999.0,,
000000001830810514,MOSFET N-CH 20V 0.51A DMN2990UFA-7B,Unclassified,Other,999.0,999.0,,
000000001830810521,IC VOLT REF 2.5V LP SOT-23,Unclassified,Other,999.0,999.0,,
000000001830810552,REG BUCK ADJ 1A 6DFN LT3503EDCB#TRMPBF,Unclassified,Other,999.0,999.0,,
000000001830810553,IC BOOST SYNC ADJ .35A 16QFN,Unclassified,Other,999.0,999.0,,
000000001830810554,IC DC/DC CONV 8-MSOP LT3580EMS8E,Unclassified,Other,999.0,999.0,,
000000001830810555,MOSFET DVR 4A DL HS 8MSOP ADP3624ARHZ-RL,Unclassified,Other,999.0,999.0,,
000000001830810559,IC CDR QUAD CH 25-28GBPS M37046G,Unclassified,Other,999.0,999.0,,
000000001830810568,CA46510-0620 TPS3808G01DBV,Unclassified,Other,999.0,999.0,,
000000001830810570,2.93V NANOPWR MON SOT23-5,Unclassified,Other,999.0,999.0,,
000000001830810582,11.3GBPS LOW-POWER LDRV MAX3948ETE+T,Unclassified,Other,999.0,999.0,,
000000001830810607,IC OR CTRLR SRC SELECT POSTV LTC4355IMS,Unclassified,Other,999.0,999.0,,
000000001830810611,OPAMP GP 15MHZ RRO 6UTLGA MAX44260AYT+T,Unclassified,Other,999.0,999.0,,
000000001830810633,REG QD BCK/LINEAR 24LFCSP ADP5034ACPZ-R7,Unclassified,Other,999.0,999.0,,
000000001830810634,VOLTAGE REFERENCE 4.096V SO-8,Unclassified,Other,999.0,999.0,,
000000001830810644,IC AMP LOG CONV 16-LFCSP ADL5303ACPZ-R7,Unclassified,Other,999.0,999.0,,
000000001830810647,AMP LOG CONV 24LFCSP DU SMT,Unclassified,Other,999.0,999.0,,
000000001830810654,IC DAC 12BIT MULT 50MHZ 8MSOP,Unclassified,Transceiver_Rating,999.0,50.0,,
000000001830810658,(Do not spot buy) IC DAC 12BIT 16-TSSOP,Unclassified,Transceiver_Rating,999.0,50.0,,
000000001830810662,IC 8CH ADC/DAC/GPIO I2C,Unclassified,Transceiver_Rating,999.0,50.0,,
000000001830810666,DAC NANO 12BIT DUAL 10MSOP,Unclassified,Transceiver_Rating,999.0,50.0,,
000000001830810698,SUPERVISOR QUINTUPL 8MSOP STM6905TZEDS6F,Unclassified,Other,999.0,999.0,,
000000001830810711,ADC 12BIT 3CH 2MSPS 32-LFCSP AD7266BCPZ,Unclassified,Other,999.0,999.0,,
000000001830810714,ADC 12BIT 3MSPS HS LP 8MSOP AD7276ARMZ,Unclassified,Other,999.0,999.0,,
000000001830810720,IC REG LDO ADJ 0.5A 6SON TPS73501DRVR,Unclassified,Other,999.0,999.0,,
000000001830810721,MOSFET P-CH 30V 10A 8-SOIC IRF7416,Unclassified,Other,999.0,999.0,,
000000001830810723,IC REG LDO ADJ 1.5A 20VQFN TPS74201RGWR,Unclassified,Other,999.0,999.0,,
000000001830810754,DC/DC CONV 0.6A 2.3X2.9 TPS826716SIPR,Unclassified,Other,999.0,999.0,,
000000001830810755,REG BUCK1.8V1.6A SYNC9SIP TPS8268180SIPR,Unclassified,Other,999.0,999.0,,
000000001830810761,DC DC CONVERTER 2.5V TPS826951SIP,Unclassified,Other,999.0,999.0,,
000000001830810770,SWITCH QUAD SPDT 16TQFN ISL84467IRTZ-T,Unclassified,Other,999.0,999.0,,
000000001830810787,OPAMP SNGL R-R SOT23-5 AD8605ARTZ-REEL7,Unclassified,Other,999.0,999.0,,
000000001830810789,OPAMP 8WLCSP 80MA@ VS5V AD8606ACBZ-REEL7,Unclassified,Other,999.0,999.0,,
000000001830810805,THERMOCOOL CTRL32LFCSP ADN8831ACPZ-REEL7,Unclassified,Other,999.0,999.0,,
000000001830810807,(D/C after 1805)TEC-CNTRL,Unclassified,Other,999.0,999.0,,
000000001830810820,LOAD SWITCH HI-SD 2A 4TMLF MIC94083YFTTR,Unclassified,Other,999.0,999.0,,
000000001830810828,IC I2C MUX 4CH BI-DIR 20TSSOP,Optical_Module,Other,55.0,999.0,,
000000001830810856,CLOCK BUFFER GP/PCI-X 8-TSSOP CDCV304PWR,Unclassified,Other,999.0,999.0,,
000000001830810877,TEMP SENSOR SC70 2.4V LM20BIM7X/NOPB,Unclassified,Other,999.0,999.0,,
000000001830810910,IC PBX MPAK TRI-STATE BUFFER,Unclassified,Other,999.0,999.0,,
000000001830810934,SENSOR TEMP SOT235 TMP36GRTZ-REEL7,Unclassified,Other,999.0,999.0,,
000000001830810946,EEPROM 1MBIT 1MHZ 8SOIC AT24CM01-SSHM-T,Unclassified,Other,999.0,999.0,,
000000001830810955,ADC 10-BIT I2C 94.4K 16-QSOP MAX1139EEE+,Unclassified,Other,999.0,999.0,,
000000001830810956,LSR DRV 11.3Gbps 3.3V 28-QFN GN1157,Unclassified,Other,999.0,999.0,,
000000001830810960,TRANSCEIVER 88E1322-A0-BAM2I000,Unclassified,Other,999.0,999.0,,
000000001830810973,SNGLFET BUS SW SOT235 SN74CBTLV1G125DBVR,Unclassified,Other,999.0,999.0,,
000000001830810975,GATE OR 1CH 2-INP SOT235 SN74LVC1G32DBVR,Unclassified,Other,999.0,999.0,,
000000001830810989,IC CDR 8.5-28.1GBPS,Unclassified,Other,999.0,999.0,,
000000001830810997,IC LINE DRVR W/SENSOR 1-W 8SOIC DS2480B+,Unclassified,Other,999.0,999.0,,
000000001830811003,CLK/DATA REC 675MBPS 32LFCSP,Unclassified,Other,999.0,999.0,,
000000001830811011,IC OCTAL FET SWITCH ACTIVE 'LO' ENABLE,Unclassified,Other,999.0,999.0,,
000000001830811031,CNTRLR HOT SWAP 24-QFN LTC4215IUFD,Unclassified,Other,999.0,999.0,,
000000001830811032,IC USB TO SPI/I2C BRIDGE,Unclassified,Other,999.0,999.0,,
000000001830811056,OCTAL TRANS LATCH 20TSSOP SN74LVC573APWR,Unclassified,Other,999.0,999.0,,
000000001830811060,CLK GEN 1 4 LOW JIT 32-QFN CDCM61004RHB*,Unclassified,Other,999.0,999.0,,
000000001830811073,IC REG LDO ADJ 0.5A 10SON TPS74701DRCR,Unclassified,Other,999.0,999.0,,
000000001830811078,SNGL INV GATE SOT235 SN74LVC1G04DBVR,Unclassified,Other,999.0,999.0,,
000000001830811090,IC LOW-VOLTAGE H-BRIDGE DRV8837DSG,Unclassified,Other,999.0,999.0,,
000000001830811107,EEPROM 256KB 1MHZ 8UDFN AT24C256C-MAHL-T,Unclassified,Other,999.0,999.0,,
000000001830811111,EEPROM 1MB20MHZ SPI 8SOIC<ZY>,Unclassified,Other,999.0,999.0,,
000000001830811119,BUF DUAL SHMT-TRG SOT236 SN74LVC2G17DBVR,Unclassified,Other,999.0,999.0,,
000000001830811126,QD BUS BUFF GATE 14TSSOP SN74LVC125APWR,Unclassified,Other,999.0,999.0,,
000000001830811140,GATE AND 1CH 2INP SOT235 SN74AHC1G08DBVR,Unclassified,Other,999.0,999.0,,
000000001830811142,2-INP AND GATE SOT235 SN74LVC1G08DBVR,Unclassified,Other,999.0,999.0,,
000000001830811144,SNGL INV GATE SOT23-5,Unclassified,Other,999.0,999.0,,
000000001830811169,CMOS 16B TRANSP LATCH,Unclassified,Other,999.0,999.0,,
000000001830811179,IC FLASH 128MBIT 108MHZ 8VDFN MICRON<ZY>,Unclassified,Other,999.0,999.0,,
000000001830811194,SC70-6 BUFFER DUAL OPEN DRAIN,Unclassified,Other,999.0,999.0,,
000000001830811206,BUFF/DVR NON-INV SOT23-5,Unclassified,Other,999.0,999.0,,
000000001830811211,MPU SUPVSR 2.63V SC703 MIC803-26D2VC3-TR,Unclassified,Other,999.0,999.0,,
000000001830811213,REG BUCK SYNC 2.5V0.5A 8USIP TPS82695SIP,Unclassified,Other,999.0,999.0,,
000000001830811214,REG BCK SYNC 1.05V0.6A8USIP TPS826765SIP,Unclassified,Other,999.0,999.0,,
000000001830811215,IC 1BIT DUAL BUS TXRX SOT23-6,Unclassified,Other,999.0,999.0,,
000000001830811251,EEPROM 256KB 20MHZ 8SOIC<ZY>,Unclassified,Other,999.0,999.0,,
000000001830811296,(D/C after 1801)MCU 32BIT FLASH 32LFCSP,Unclassified,Other,999.0,999.0,,
000000001830811298,(D/C after 1801)MCU 32BIT FLASH 36WLCSP,Unclassified,Other,999.0,999.0,,
000000001830811312,MICROCONTROLLER MLP-20 C8051F392-A-GMR,Unclassified,Other,999.0,999.0,,
000000001830811320,GB Ethernet XCVR IND 88E1111-B2-NDC2I000,Unclassified,Other,999.0,999.0,,
000000001830811349,SPI BUS SRL EE 4K2.5V 8SOIC<ZY>,Unclassified,Other,999.0,999.0,,
000000001830811354,MCU 8B FLASH QFN24,Unclassified,Other,999.0,999.0,,
000000001830811393,ARM CORTEX MCU 256KB 121BGA MK20DX256,Unclassified,Other,999.0,999.0,,
000000001830811429,IC REG BOOST ADJ 3.2A 10WSON,Unclassified,Other,999.0,999.0,,
000000001830811434,N-Channel 30-V (D-S) 300A 0.5mOHM MOSFET,Unclassified,Other,999.0,999.0,,
000000001830811435,MOSFET N-CH 20V 16A DIRECTFET,Unclassified,Other,999.0,999.0,,
000000001830811444,5-Channel Integrated Power Solution,Unclassified,Other,999.0,999.0,,
000000001830811446,IC OPAMP GP 10MHZ RRO 8MSOP,Unclassified,Other,999.0,999.0,,
000000001830811447,IC BULK-BOOST DC/DC CONVERTER 500MA,Unclassified,Other,999.0,999.0,,
000000001830811450,IC 10/100/1000MBPS EEE ETHERNET PHY,Unclassified,Other,999.0,999.0,,
000000001830811451,INTEL PCIE TO Ethernet CONTROLLER,Unclassified,Other,999.0,999.0,,
000000001830811453,11 PORT SWITCH WITH 8 INTEGRATED GE PHYS,Unclassified,Other,999.0,999.0,,
000000001830811491,MOSFET P CH 12V 12A UDFN6B,Unclassified,Other,999.0,999.0,,
000000001830811492,OSC156.25MHz 50PPM 2.5V LVDS-5°C - 85°C,Unclassified,Other,999.0,999.0,,
000000001830811494,IC SMT UHS 3-INP AND GATE SC70-6,Unclassified,Other,999.0,999.0,,
000000001830811496,TVS ARRY AIR15KV CON8KV EFT40A SURGE24A,Unclassified,Other,999.0,999.0,,
000000001830811498,BI-DIRECTIONAL TVS 3000W 18V 103A,Unclassified,Other,999.0,999.0,,
000000001830811504,IC SWITCH QUAD SPDT 16VQFN,Unclassified,Other,999.0,999.0,,
000000001830811532,CRYSTAL 6.0000MHZ 18PF SMD,Unclassified,Other,999.0,999.0,,
000000001830811553,IC VREF SERIES 3V SOT23-6,Unclassified,Other,999.0,999.0,,
000000001830811555,IC REG BUCK ADJ 7A INPUT 2.95V TO 6V,Unclassified,Other,999.0,999.0,,
000000001830811556,IC REG BUCK ADJ 8A INPUT 4.5V TO 17V,Unclassified,Other,999.0,999.0,,
000000001830811566,(EOL)IC USB FS DUAL UART/FIFO 48-LQFP,Unclassified,Other,999.0,999.0,,
000000001830811567,EEPROM 256Kb SPI 20MHz 8-SOIC<ZY>,Unclassified,Other,999.0,999.0,,
000000001830811568,IC-LOG BUF N-INV 2CH 5.5V SOP6,Unclassified,Other,999.0,999.0,,
000000001830811569,IC EEPROM 1MBIT 1MHZ IIC 8SOIC<ZY>,Unclassified,Other,999.0,999.0,,
000000001830811571,IC CTLR POS HOTSWAP LATCH 10MSOP,Unclassified,Other,999.0,999.0,,
000000001830811589,DIODE SCHOTTKY 45V 10A TO277-3,Unclassified,Other,999.0,999.0,,
000000001830811590,OSC 25.0000MHZ 1.6-3.6V 50ppm -40-105°C,Unclassified,Other,999.0,999.0,,
000000001830811592,DC/DC CONVERT 0.45-5.5V 20A 110W,Unclassified,Other,999.0,999.0,,
000000001830811597,IC REG BOOST ADJ 10A SYNC 20VQFN,Unclassified,Other,999.0,999.0,,
000000001830811604,IC EEPROM 1MBIT 16MHZ 8SOIC,Unclassified,Other,999.0,999.0,,
000000001830811614,Hot swappable I2C-bus buffer,Unclassified,Other,999.0,999.0,,
000000001830811634,CRYSTAL 25.0000MHZ 10PF SMD,Unclassified,Other,999.0,999.0,,
000000001830811682,IC DC/DC 1MHZ HIGH ACCURACY,Unclassified,Other,999.0,999.0,,
000000001830811710,DEVELOPMENT BOARD FOR COM,Unclassified,Other,999.0,999.0,,
000000001830811736,MOSFET P-CH 20V/4.3A SOT23,Unclassified,Other,999.0,999.0,,
000000001830811953,LED THIN 635NM RED DIFF SML-LXT0805IW-TR,Unclassified,Other,999.0,999.0,,
000000001830811955,LED THIN 565NM GRN DIFF 0805 SMD,Unclassified,Other,999.0,999.0,,
000000001830811968,TRANS NPN 60V 6000MA SOT223 ZX5T851GTA,Unclassified,Other,999.0,999.0,,
000000001830811980,TRANS PNP AUDIO 1A 20V SOT223 BCP69T1G,Unclassified,Other,999.0,999.0,,
000000001830811982,XSTR PBXMOSFET uFET DUAL P-CH,Unclassified,Other,999.0,999.0,,
000000001830811983,DIODE SCHOTTKY 10A 35V DPAK,Unclassified,Other,999.0,999.0,,
000000001830812044,TVS DIODE ARRAY 4CH SOT23-5 SP0504BAHTG,Unclassified,Other,999.0,999.0,,
000000001830812057,LIGHT PIPE RIGHT ANGLE 2 HIGH 7511A62,Unclassified,Other,999.0,999.0,,
000000001830812058,LIGHT PIPE 3-HIGH RIGHT ANGLE 7511B11,Unclassified,Other,999.0,999.0,,
000000001830812076,DIODE GP 250V SOT-23 BAS21.215,Unclassified,Other,999.0,999.0,,
000000001830812103,CRYSTAL 25.0000MHZ 18PF SMD,Unclassified,Other,999.0,999.0,,
000000001830812109,CRYSTAL 12.0 MHZ 18 PF SMD,Unclassified,Other,999.0,999.0,,
000000001830812117,DIODE FAST SWITCH 100V SOT23 MMBD914LT1G,Unclassified,Other,999.0,999.0,,
000000001830812124,TVS ZENER DUAL 300W 5V ESD SOT23 SM05T1G,Unclassified,Other,999.0,999.0,,
000000001830812125,DIODE SCHOTTKY 30V1APOWERMIT,Unclassified,Other,999.0,999.0,,
000000001830812129,DIODE SCHOTTKY 3A 40V SMA B340A-13-F,Unclassified,Other,999.0,999.0,,
000000001830812131,DIODE SCHOTTKY 20V 0.5A SOD123,Unclassified,Other,999.0,999.0,,
000000001830812132,DIODE SCHOTTKY20V1APOWERMITE,Unclassified,Other,999.0,999.0,,
000000001830812133,DIODE SCHOTTKY 30V0.5A SOD123 MBR0530-TP,Unclassified,Other,999.0,999.0,,
000000001830812137,DIODE SWITCH 75V 200MW SOD323,Unclassified,Other,999.0,999.0,,
000000001830812142,DIODE ESD PROTECTION W/RES 6TSOC,Unclassified,Other,999.0,999.0,,
000000001830812153,ESD Suppressor SMD,Unclassified,Other,999.0,999.0,,
000000001830812157,DIODE SCHOTTKY 30V 500MA SOD882,Unclassified,Other,999.0,999.0,,
000000001830812164,TVS Diode 600W5V15kV(Air)8kV(Contact)SMD,Unclassified,Other,999.0,999.0,,
000000001830812168,DIO ESD 17VC 6VB 2CH SOT23-6,Unclassified,Other,999.0,999.0,,
000000001830812177,DIODE SCHOTTKY 40V 500MA SOD123,Unclassified,Other,999.0,999.0,,
000000001830812180,DIODE SCHOTTKY 100V 3A SMC,Unclassified,Other,999.0,999.0,,
000000001830812195,FAN AXIAL 40X28MM 12VDC WIRE,Unclassified,Other,999.0,999.0,,
000000001830812222,FUSE-FAST-65V15A-UL-0.004OHM-96.1A*A*SEC,Unclassified,Other,999.0,999.0,,
000000001830812245,Bi-Color LED R&G(Kingbright AM23ESGC),Unclassified,Other,999.0,999.0,,
000000001830812251,LED BICOLOR HER/GN,Unclassified,Other,999.0,999.0,,
000000001830812269,LED GREEN CLEAR 5MA 16MCD 130°0603 SMD,Unclassified,Other,999.0,999.0,,
000000001830812308,SINGLE P-CHANNEL ENHANCEMENT MODE MOSFET,Unclassified,Other,999.0,999.0,,
000000001830812309,SINGLE N-CHANNEL ENHANCEMENT MODE MOSFET,Unclassified,Other,999.0,999.0,,
000000001830812342,OSC 25.000MHZ 3.3V 20PPM -20°C-70°C SMD,Unclassified,Other,999.0,999.0,,
000000001830812343,OSC 25.0000MHZ SMD 3.2*2.5mm,Unclassified,Other,999.0,999.0,,
000000001830812364,TVS 600W SMD TRANSIENT VOLTAGE SMBJ13A,Unclassified,Other,999.0,999.0,,
000000001830812365,TVS 600W SMDTRANSIENT VOLTAGE SMBJ5.0A,Unclassified,Other,999.0,999.0,,
000000001830812376,SWITCH LIGHT TOUCH 250GF SMD,Unclassified,Other,999.0,999.0,,
000000001830812395,TVS ZENER UNIDIRECT 600W 12V SMB,Unclassified,Other,999.0,999.0,,
000000001830812427,PWR MDL ACDC 12VOUT 550W,Unclassified,Other,999.0,999.0,,
000000001830812441,POWER MDL 16A OUTPUT NON-ISOLATED DC-DC,Unclassified,Other,999.0,999.0,,
000000001830812487,IC LTCH D-TYP SGL 3-OUT SC70-6,Unclassified,Other,999.0,999.0,,
000000001830812539,IC 8 bit FET bus switch 20pin tssop,Unclassified,Other,999.0,999.0,,
000000001830812540,IC FPGA XILINX XC7Z007S-2CLG225I BGA-225,Unclassified,Other,999.0,999.0,,
000000001830812541,IC NOR Flash Quad SPI 32MBytes DFN-8<ZY>,Unclassified,Other,999.0,999.0,,
000000001830812542,(EOL)IC Reference 1.25V 0.2% SOT23-5,Unclassified,Other,999.0,999.0,,
000000001830812543,IC DLP Digital Controller,Unclassified,Other,999.0,999.0,,
000000001830812544,IC Flash SPI Nor 4MBits 8-uson package,Unclassified,Other,999.0,999.0,,
000000001830812545,IC Non-Inverting Translator QFN-14,Unclassified,Other,999.0,999.0,,
000000001830812546,IC DLP Power Management & LED Driver,Unclassified,Other,999.0,999.0,,
000000001830812548,IC Buck Regulator Octal,Unclassified,Other,999.0,999.0,,
000000001830812549,IC 3xSPDT QFN-16,Unclassified,Other,999.0,999.0,,
000000001830812550,IC COMPARATOR DUAL OD SOT23-8,Unclassified,Other,999.0,999.0,,
000000001830812551,IC Single AND Gate LVC SC70-5,Unclassified,Other,999.0,999.0,,
000000001830812552,IC Digital UHS Dual Buffer 6-Lead SC70,Unclassified,Other,999.0,999.0,,
000000001830812553,IC OpAmp Single SC70,Unclassified,Other,999.0,999.0,,
000000001830812554,IC Switch Dual 4-1 2.5x1.8mm,Unclassified,Other,999.0,999.0,,
000000001830812555,IC Single Inverter 74LVC1G04GW SOT-353,Unclassified,Other,999.0,999.0,,
000000001830812556,IC Digital D-flip flop UQFN-8,Unclassified,Other,999.0,999.0,,
000000001830812558,Transistor MOSFET Nchannel Dual SC70-6,Unclassified,Other,999.0,999.0,,
000000001830812559,Diode x5 TVS SC70-6,Unclassified,Other,999.0,999.0,,
000000001830812560,(EOL)DIODE SCHOTTKY 40V 500MA SOD523,Unclassified,Other,999.0,999.0,,
000000001830812561,Oscillator 33.333MHz 3.2x2.5mm,Unclassified,Other,999.0,999.0,,
000000001830812562,Memory 4Gbit 256Mx16 WD1.35V 96 ball<ZY>,Unclassified,Other,999.0,999.0,,
000000001830812563,Crystal 24MHz 3.2x2.5mm,Unclassified,Other,999.0,999.0,,
000000001830812564,Varistor 6V 0603,Unclassified,Other,999.0,999.0,,
000000001830812567,IC REG BUCK QUAD ADJ 20A 64WLP,Unclassified,Other,999.0,999.0,,
000000001830812582,IC VREF SERIES 3.3V SOT23-3,Unclassified,Other,999.0,999.0,,
000000001830812588,CDR-DML DRIVER,Unclassified,Other,999.0,999.0,,
000000001830812589,CDR-TIA Bare die 100G,Unclassified,Other,999.0,999.0,,
000000001830812599,2.3V-3.6V 8M-BIT SERIAL FLASH MEMORY,Unclassified,Other,999.0,999.0,,
000000001830812608,DC-DC 17-V INPUT 3A STEP-DOWN,Unclassified,Other,999.0,999.0,,
000000001830812615,4-Bit Dual-Level Shifting,Unclassified,Other,999.0,999.0,,
000000001830812623,CRYSTAL 32.768KHZ 12.5PF SMD,Unclassified,Other,999.0,999.0,,
000000001830812638,IC OPAMP GP 10MHZ RRO 8MSOP,Unclassified,Other,999.0,999.0,,
000000001830812639,IC FPGA 206 I/O 256CABGA,Unclassified,Other,999.0,999.0,,
000000001830812700,IC RAIL-TO-RAIL OP AMPS SGM722XMS/TR,Unclassified,Other,999.0,999.0,,
000000001830812701,IC DGTL POT 10KOHM 16LFCSP,Unclassified,Other,999.0,999.0,,
000000001830812706,IC REG LINEAR POS ADJ 1A,Unclassified,Other,999.0,999.0,,
000000001830812708,IC V/I MONITER WITH WATCHDOG,Unclassified,Other,999.0,999.0,,
000000001830812732,IC SOC CORTEX-A9 ARTIX-7 484BGA,Unclassified,Other,999.0,999.0,,
000000001830812744,IC COMPARATOR 1.8V W/REF SC70-6,Unclassified,Other,999.0,999.0,,
000000001830812746,IC BUFFER NON-INVERT 5.5V US8,Unclassified,Other,999.0,999.0,,
000000001830812747,IC SWITCH SPDT SOT23-6,Unclassified,Other,999.0,999.0,,
000000001830812760,MOSFET P-Ch-20V0.8A X2-DFN DMP21D5UFB47B,Unclassified,Other,999.0,999.0,,
000000001830812788,IC LV QUAD FET BUS SW 14-TSSOP,Unclassified,Other,999.0,999.0,,
000000001830812793,Zynq UltraScale+ MPSoC 784-Pin BGA,Unclassified,Other,999.0,999.0,,
000000001830812808,FLASH NOR Memory 1Gb (128M x 8) SPI<ZY>,Unclassified,Other,999.0,999.0,,
000000001830812812,IC PWR SWITCH N-CHAN 1:1 8SON,Unclassified,Other,999.0,999.0,,
000000001830812814,IC MUX/DEMUX 1X16 24DHVQFN,Optical_Module,Other,55.0,999.0,,
000000001830812818,IC ADC 12BIT SAR 32LFCSP,Unclassified,Other,999.0,999.0,,
000000001830812823,IC FF D-TYPE SNGL 1BIT 8X2SON,Unclassified,Other,999.0,999.0,,
000000001830812825,DC DC CONVERTER 0.8-6V 2A,Unclassified,Other,999.0,999.0,,
000000001830812828,IC BUFFER NON-INVERT 6SON,Unclassified,Other,999.0,999.0,,
000000001830812829,IC GATE AND 1CH 6SON,Unclassified,Other,999.0,999.0,,
000000001830812834,IC FLASH 128MBIT 133MHZ 8WSON,Unclassified,Other,999.0,999.0,,
000000001830812835,DC/DC CONVERT 0.45-5.5V 20A 110W,Unclassified,Other,999.0,999.0,,
000000001830812851,NOR FLASH 1Gb (128M x 8) SPI - Quad I/O,Unclassified,Other,999.0,999.0,,
000000001830812859,IC AMP LOGARITHM CONV 140DB 16QFN,Unclassified,Other,999.0,999.0,,
000000001830812866,NA400048-02 DMD 854x480 Pico No Stripe,Unclassified,Other,999.0,999.0,,
000000001830812872,IC ADC 12BIT SAR 32LFCSP,Unclassified,Other,999.0,999.0,,
000000001830812949,IC TXRX RS485/422 8-SOIC,Unclassified,Other,999.0,999.0,,
000000001830812969,Load switch 5.5V 10A 3.9mOHM,Unclassified,Other,999.0,999.0,,
000000001830812971,IC LOGARITHMIC CONVERTER 14TSSOP,Unclassified,Other,999.0,999.0,,
000000001830812972,IC THERMO COOLER DRIVER 36LFCSP,Unclassified,Other,999.0,999.0,,
000000001830812985,TCXO 19.44MHZ 2.5PPM 3.3V LVCOMS,Unclassified,Other,999.0,999.0,,
000000001830813010,IC SUPERVISOR 1 CHANNEL SOIC-8,Unclassified,Other,999.0,999.0,,
000000001830813014,IC THERMO COOLER DRIVER TQFN-6×6-36L,Unclassified,Other,999.0,999.0,,
000000001830813017,IC LED Driver 36ch 46-VQFN,Unclassified,Other,999.0,999.0,,
000000001830813030,DIODE ZENER 56V 300MW SOD323,Unclassified,Other,999.0,999.0,,
000000001830813031,nanoX-BT COM Express module,Unclassified,Other,999.0,999.0,,
000000001830813032,550W ACDC power supply 12V OUTPUT,Unclassified,Other,999.0,999.0,,
000000001830813063,IC USB MUX/DEMUX 2:1 PCI 20DHVQFN,Optical_Module,Other,55.0,999.0,,
000000001830813066,DPLL 3Channel 10input 20output,Unclassified,Other,999.0,999.0,,
000000001830813067,Layer2 FE Switch with 1/2.5GE Uplinks,Unclassified,Other,999.0,999.0,,
000000001830813076,IC ADC 16BIT SAR 20LFCSP,Unclassified,Other,999.0,999.0,,
000000001830813085,TCXO 20MHz 3.3V 4.6PPM -40-85℃,Unclassified,Other,999.0,999.0,,
000000001830813086,XO 20MHz 3.3V 25PPM -40-100℃,Unclassified,Other,999.0,999.0,,
000000001830813101,IC BUF NON-INVERT 3.6V 14TSSOP,Unclassified,Other,999.0,999.0,,
000000001830813116,IC EEPROM 256KBIT I2C 1MHZ 8UDFN<ZY>,Unclassified,Other,999.0,999.0,,
000000001830813142,IC OPAMP GP 4 CIRCUIT 14TSSOP,Unclassified,Other,999.0,999.0,,
000000001830813153,IC FPGA 210 I/O 324CSBGA,Unclassified,Other,999.0,999.0,,
000000001830813174,IC FF D-TYPE SNGL 1BIT 8VSSOP,Unclassified,Other,999.0,999.0,,
000000001830813191,IC REG LIN POS ADJ 300MA 6LFCSP,Unclassified,Other,999.0,999.0,,
000000001830813204,IC FPGA 206 I/O 256CABGA,Unclassified,Other,999.0,999.0,,
000000001830813205,IC MCU 32BIT 512KB FLASH 64LQFP,Unclassified,Other,999.0,999.0,,
000000001830813235,MEMS OSC XO 50.0000MHZ HCMOS,Unclassified,Other,999.0,999.0,,
000000001830813245,IC BUS SWITCH 8 X 1:1 20SSOP,Unclassified,Other,999.0,999.0,,
000000001830813246,IC TRNSLTR BIDIRECTIONAL SC70-6,Unclassified,Other,999.0,999.0,,
000000001830813247,IC TRNSLTR BIDIRECTIONAL 8X2SON,Unclassified,Other,999.0,999.0,,
000000001830813249,IC MULTIPLEXER 1 X 2:1 SM8,Unclassified,Other,999.0,999.0,,
000000001830813250,IC OCTAL D TRANSP LATCH 20DHVQFN,Unclassified,Other,999.0,999.0,,
000000001830813251,IC TRNSLTR BIDIRECTIONAL 20VQFN,Unclassified,Other,999.0,999.0,,
000000001830813252,IC TRANSCEIVER FULL 2/2 20TSSOP,Unclassified,Other,999.0,999.0,,
000000001830813253,IC USB TRANSCEIVER,Unclassified,Other,999.0,999.0,,
000000001830813254,DC DC CNVRTR 0.6-5.5V 8A 2CH,Unclassified,Other,999.0,999.0,,
000000001830813255,IC REG BUCK ADJ 10A 42BQFN,Unclassified,Other,999.0,999.0,,
000000001830813256,IC REG LIN POS ADJ 300MA TSOT23,Unclassified,Other,999.0,999.0,,
000000001830813257,DC DC CONVERTER 0.6-5.5V 39W,Unclassified,Other,999.0,999.0,,
000000001830813259,IC REG LIN 1.8V/1.2V 200MA 6WSON,Unclassified,Other,999.0,999.0,,
000000001830813260,IC REG LIN POS ADJ 200MA 6WLCSP,Unclassified,Other,999.0,999.0,,
000000001830813261,DIODE SCHOTTKY 40V 350MA SOD323,Unclassified,Other,999.0,999.0,,
000000001830813262,LED 3MM RA RED/GRN SMT,Unclassified,Other,999.0,999.0,,
000000001830813263,LED Green/Red 12-Pin SMD,Unclassified,Other,999.0,999.0,,
000000001830813264,IC EEPROM 512KBIT I2C 1MHZ,Unclassified,Other,999.0,999.0,,
000000001830813265,IC SOC CORTEX-A53 784FCBGA,Unclassified,Other,999.0,999.0,,
000000001830813266,THERMOSTAT 85DEG C SPST-NO,Unclassified,Other,999.0,999.0,,
000000001830813267,SENSOR TEMP DIGITAL 1-WIRE,Unclassified,Other,999.0,999.0,,
000000001830813272,IC CLOCK/DATA RECVRY 32LFCSP,Unclassified,Other,999.0,999.0,,
000000001830813273,REG BUCK ADJ 6A SYNC 14VQFN TPS54620RGYR,Unclassified,Other,999.0,999.0,,
000000001830813274,IC FLASH 512MBIT SPI/QUAD 16SOIC<ZY>,Unclassified,Other,999.0,999.0,,
000000001830813276,OSCILLATOR LVDS 125MHz 25ppm,Unclassified,Other,999.0,999.0,,
000000001830813277,OSCILLATOR LVDS 155.52MHz 20ppm,Unclassified,Other,999.0,999.0,,
000000001830813278,XTAL OSC XO 26.0000MHZ CMOS SMD,Unclassified,Other,999.0,999.0,,
000000001830813279,IC PWR SWITCH N-CHAN 1:1 SOT23-5,Unclassified,Other,999.0,999.0,,
000000001830813280,IC HOT-SWAP INTEGRATED MOSFET 16V 50A,Unclassified,Other,999.0,999.0,,
000000001830813281,IC SUPERVISOR 17 CHANNEL 64LFCSP,Unclassified,Other,999.0,999.0,,
000000001830813282,IC TEMP SENSOR IIC SOT-563,Unclassified,Other,999.0,999.0,,
000000001830813283,Humidity Temperature Sensor IIC Output,Unclassified,Other,999.0,999.0,,
000000001830813284,IC CLK BUFFER 1:4 2GHZ 16QFN,Unclassified,Other,999.0,999.0,,
000000001830813285,(EOL)MOSFET N-CH 30V 19A DIRECTFET,Unclassified,Other,999.0,999.0,,
000000001830813287,MDL Memory SODIMM 8GB DDR4 260P<ZY>,Unclassified,Other,999.0,999.0,,
000000001830813288,Module Memory Eusb 8GB 5V,Unclassified,Other,999.0,999.0,,
000000001830813289,LED GREEN 0603 SMD,Unclassified,Other,999.0,999.0,,
000000001830813306,2.4-V TO 5.5-V INPUT 1-A STEP-D,Unclassified,Other,999.0,999.0,,
000000001830813308,POWER MDL 16A OUTPUT NON-ISOLATED DC-DC,Unclassified,Other,999.0,999.0,,
000000001830813312,Load switch 0.2V - 5.5V 10A 4mOHM,Unclassified,Other,999.0,999.0,,
000000001830813328,(EOL)IC Pressure Sensor,Unclassified,Other,999.0,999.0,,
000000001830813333,IC DDS 16MHZ 10BIT 10LFCSP,Unclassified,Other,999.0,999.0,,
000000001830813344,MOSFET N-CH 30V 900MA SOT23,Unclassified,Other,999.0,999.0,,
000000001830813345,MOSFET P-CH 20V 9A 6UDFN,Unclassified,Other,999.0,999.0,,
000000001830813347,IC DGT POT 10KOHM 256TAP SOT23-8,Unclassified,Other,999.0,999.0,,
000000001830813348,IC REG LIN NEG ADJ 200MA 8LFCSP,Unclassified,Other,999.0,999.0,,
000000001830813349,IC CMOS 2 CIRCUIT 8MSOP,Unclassified,Other,999.0,999.0,,
000000001830813351,IC VREF SHUNT ADJ 1% SOT23,Unclassified,Other,999.0,999.0,,
000000001830813352,IC VREF SERIES 0.08% SOT23-6,Unclassified,Other,999.0,999.0,,
000000001830813353,IC BUS SWITCH 1 X 1:1 SC74A,Unclassified,Other,999.0,999.0,,
000000001830813354,IC ADC 12BIT SAR 20TSSOP,Unclassified,Other,999.0,999.0,,
000000001830813355,IC REG LIN POS ADJ 150MA SOT23-5,Unclassified,Other,999.0,999.0,,
000000001830813360,IC DAC 14BIT A-OUT 8MSOP,Unclassified,Transceiver_Rating,999.0,50.0,,
000000001830813361,IC REG LIN NEG ADJ 200MA TSOT23,Unclassified,Other,999.0,999.0,,
000000001830813362,IC DAC 12BIT V-OUT 14TSSOP,Unclassified,Transceiver_Rating,999.0,50.0,,
000000001830813363,DUAL PRECISION 10MHZ 7V/US OTT,Unclassified,Other,999.0,999.0,,
000000001830813364,MOSFET N-CH 20V 4.2A SOT23,Unclassified,Other,999.0,999.0,,
000000001830813365,IC REG LIN POS ADJ 300MA 8DFNW,Unclassified,Other,999.0,999.0,,
000000001830813366,IC ADC 16BIT SAR 24TSSOP,Unclassified,Other,999.0,999.0,,
000000001830813370,IC TRANSLATION TXRX 5.5V 24VQFN,Unclassified,Other,999.0,999.0,,
000000001830813372,IC TRANSIMPEDANCE 2 CIRC 8VSSOP,Unclassified,Other,999.0,999.0,,
000000001830813374,MEMS OSC XO 156.2500MHZ LVDS,Unclassified,Other,999.0,999.0,,
000000001830813380,IC FPGA 206I/O 256CABGA,Unclassified,Other,999.0,999.0,,
000000001830813401,IC MCU Dual 32bit 2MB FLASH TFBGA265,Unclassified,Other,999.0,999.0,,
000000001830813403,MOSFET N-CH 40V 35.2A DMTH4014LFVW,Unclassified,Other,999.0,999.0,,
000000001830813425,MOSFET 2N-CH 20V 10A 8-SOIC,Unclassified,Other,999.0,999.0,,
000000001830813427,MOSFET N-CH 30V 16A 7mOhm@15A 10V 8SOP,Unclassified,Other,999.0,999.0,,
000000001830813428,IC COMPARATOR 2 GEN,Unclassified,Other,999.0,999.0,,
000000001830813432,RS-232 TRANSCEIVER 16-TSSOP 15KV ESD,Unclassified,Other,999.0,999.0,,
000000001830813435,IC REG LINEAR POS ADJ 1A 6WSON,Unclassified,Other,999.0,999.0,,
000000001830813438,IC REG BUCK NEG ADJ 1A 12SON,Unclassified,Other,999.0,999.0,,
000000001830813441,IC 8CH ADC/DAC/GPIO I2C TPAFE0808-WS2R,Unclassified,Transceiver_Rating,999.0,50.0,,
000000001830813442,IC REG BUCK ADJ 8A INPUT 4.5V TO 18V,Unclassified,Other,999.0,999.0,,
000000001830813447,550W DCDC power supply 12V OUTPUT,Unclassified,Other,999.0,999.0,,
000000001830813452,2 WIRE 2K Bits Serial EEPROM,Unclassified,Other,999.0,999.0,,
000000001830813457,IC OPAMP GP 1 CIRCUIT SOT23-5,Unclassified,Other,999.0,999.0,,
000000001830813477,FUSE BRD MT 40A 250VAC 80VDC SMD,Unclassified,Other,999.0,999.0,,
000000001830813480,IC FLASH 16MBIT SPI 86MHZ 8USON,Unclassified,Other,999.0,999.0,,
000000001830813483,IC MCU 32BIT 2MB FLASH WLCSP80,Unclassified,Other,999.0,999.0,,
000000001830813487,SATA m.2 2242 128GB TLC C-Temp,Unclassified,Other,999.0,999.0,,
000000001830813494,IC MCU 8BIT 64KB FLASH QFN_24,Unclassified,Other,999.0,999.0,,
000000001830813495,IC Dual 25G CDR,Unclassified,Other,999.0,999.0,,
000000001830813507,OSC 33.3330MHZ 3.3V 2520 SMD,Unclassified,Other,999.0,999.0,,
000000001830813508,IC SOC CORTEX-A53 784FCBGA,Unclassified,Other,999.0,999.0,,
000000001830813510,1.5-A HIGH EFFICIENCY BUCK-BOOST,Unclassified,Other,999.0,999.0,,
000000001830813511,IC REG BOOST ADJ 1.2A 6DSBGA,Unclassified,Other,999.0,999.0,,
000000001830813512,IC REG BUCK ADJ 6A 15DSBGA,Unclassified,Other,999.0,999.0,,
000000001830813513,OPTICAL CONTROLLER WITH FOUR-CHA,Unclassified,Other,999.0,999.0,,
000000001830813514,IC REG BUCK ADJ 2A 6VSON,Unclassified,Other,999.0,999.0,,
000000001830813515,12BIT DAC 4-CH 16-DSBGA,Unclassified,Transceiver_Rating,999.0,50.0,,
000000001830813516,DIODE SCHOTTKY 500MA 45V SC79,Unclassified,Other,999.0,999.0,,
000000001830813521,IC ADC 12BIT 1MSPS 16CH SPI 38-TSSOP,Unclassified,Other,999.0,999.0,,
000000001830813532,SATA m.2 2242 128GB TLC I-Temp,Unclassified,Other,999.0,999.0,,
000000001830813537,800G PAM4 PHY(BCM87812A1-DIE-T),Unclassified,Other,999.0,999.0,,
000000001830813554,5nm 800G PAM4 PHY with TIA and Driver,Unclassified,Other,999.0,999.0,,
000000001830813556,IC REG LIN POS ADJ 500MA 10WSON,Unclassified,Other,999.0,999.0,,
000000001830813557,MEMS OSC XO 312.500000 MHZ LVPEC,Unclassified,Other,999.0,999.0,,
000000001830813558,IC BUFF NON-INVERT 5.5V 6SON,Unclassified,Other,999.0,999.0,,
000000001830813578,IC REG SWITCHD CAP NEG ADJ 8WSON,Unclassified,Other,999.0,999.0,,
000000001830813584,Hotswap eFuse 16V 60A Stackable,Unclassified,Other,999.0,999.0,,
000000001830813592,IC REG LIN POS ADJ 500MA 6WSON,Unclassified,Other,999.0,999.0,,
000000001830813649,IC VREF SERIES 1.25V SOT23-5,Unclassified,Other,999.0,999.0,,
000000001830840061,CONN RJ45 TELEDAPT TEL ARRAY,Unclassified,Other,999.0,999.0,,
000000001830840177,CON 6PIN 2X31mm 2ROW SMT M ASP-185141-01,Unclassified,Other,999.0,999.0,,
000000001830840191,CONN 04 .100 M AU TSM-104-01-H-SV-P-TR,Unclassified,Other,999.0,999.0,,
000000001830840254,HEADER 5x2P DU 2.54 MTLW-105-23-G-D-267,Unclassified,Other,999.0,999.0,,
000000001830840275,HEADER 10POS DUAL FTS-105-01-L-DV-P-TR,Unclassified,Other,999.0,999.0,,
000000001830840414,MODI SQ POST HDR 2MM,Unclassified,Other,999.0,999.0,,
000000001830840480,8MM H-SPEED DUAL VERT HSEC8-110-01-L-RA,Unclassified,Other,999.0,999.0,,
000000001830840709,CONN PLUG 220POS VERT .50MM,Unclassified,Other,999.0,999.0,,
000000001830840985,USB INTERFACES,Unclassified,Other,999.0,999.0,,
000000001830841088,AC CBL C13 female/C14 male 1.5M16AWG300V,Unclassified,Other,999.0,999.0,,
000000001830842015,PIN-R45 PLASTIC,Unclassified,Other,999.0,999.0,,
000000001830842040,1.00 mm ZERO INSERTION FORCE FLAT,Unclassified,Other,999.0,999.0,,
000000001830842044,CONN 25x2 2.54MM THR ANGL,Unclassified,Other,999.0,999.0,,
000000001830842046,2.00 mm SHROUDED VARIABLE STACK HEIGHT,Unclassified,Other,999.0,999.0,,
000000001830842072,M.2 CONNECTOR,Unclassified,Other,999.0,999.0,,
000000001830842089,CONN 2X15pin 2.00 mm SMD vertical,Unclassified,Other,999.0,999.0,,
000000001830842114,IND 1uH SMD 3.1×2.8×1.2mm,Unclassified,Other,999.0,999.0,,
000000001830842139,USB CONNECTOR VERTICAL,Unclassified,Other,999.0,999.0,,
000000001830842141,GROUND CABLE 1M 10AWG RV5.5-5,Unclassified,Other,999.0,999.0,,
000000001830842172,CONN JACK 4PORT 1000BASE-T GRN YEL,Unclassified,Other,999.0,999.0,,
000000001830842296,CONN RCPT 70POS 0.050 GOLD SMD,Unclassified,Other,999.0,999.0,,
000000001830842329,CONN FPC 39X1 0.30MM R/A,Unclassified,Other_Connector_Types,999.0,40.0,,
000000001830842330,CONN 15X2 0.5MM 1.5MM HEIGHT,Unclassified,Other,999.0,999.0,,
000000001830842469,N0003588-00 CONN SOCKET 30POS SMD GOLD,Unclassified,Other,999.0,999.0,,
000000001830842473,N9001215-00 GUIDE PIN 100MIL L0.99m<ZY>,Unclassified,Other,999.0,999.0,,
000000001830842474,N9001216-00 GUIDE PIN 150MIL L0.99m<ZY>,Unclassified,Other,999.0,999.0,,
000000001830842497,Xcede HD DAUGHTERCARD ASSEMBLY 4 PAIR,Unclassified,Other,999.0,999.0,,
000000001830842509,CONN HEADER SMD R/A 5POS 1MM,Unclassified,Other,999.0,999.0,,
000000001830842511,2.4INCH MICRO SNGL ROW CABLE SOCKET 1MM,Unclassified,Other,999.0,999.0,,
000000001830842512,CON 2.0MM 25X2 Through Hole,Unclassified,Other,999.0,999.0,,
000000001830842515,CONN 2MM 2X10 FLEX STACK TH,Unclassified,Other,999.0,999.0,,
000000001830842520,CONN RCPT 24POS 0.039 GOLD SMD,Unclassified,Other,999.0,999.0,,
000000001830842533,CONN SOCKET 40POS SMD GOLD,Unclassified,Other,999.0,999.0,,
000000001830842567,USB A TO USB A cable 0.5M,Unclassified,Other,999.0,999.0,,
000000001830842574,CONN HEADER SMD 7POS 1MM,Unclassified,Other,999.0,999.0,,
000000001830842577,2.6INCH SINGLE ROW CABLE SOCKET 1MM,Unclassified,Other,999.0,999.0,,
000000001830842578,1.8INCH SINGLE ROW CABLE SOCKET 1MM,Unclassified,Other,999.0,999.0,,
000000001830842581,CONN PLUG 80POS SMD GOLD,Unclassified,Other,999.0,999.0,,
000000001830842582,Xcede HD DAUGHTERCARD ASSEMBLY 4 PAIR,Unclassified,Other,999.0,999.0,,
000000001830842584,CONN RCPT 120POS SMD GOLD,Unclassified,Other,999.0,999.0,,
000000001830842585,CONN PLUG 120POS SMD GOLD,Unclassified,Other,999.0,999.0,,
000000001830842604,CONN RCPT 12POS 2MM SMD,Unclassified,Other,999.0,999.0,,
000000001830842605,CONN FFC 36POS 0.50MM SMD,Unclassified,Other,999.0,999.0,,
000000001830842640,CONN SMT 5x2 2mm,Unclassified,Other,999.0,999.0,,
000000001830842643,CONN HEADER BLADE PWR 4P EDGE,Unclassified,Other,999.0,999.0,,
000000001830842644,CONN DIMM DDR4 SODIMM 260P,Unclassified,Other,999.0,999.0,,
000000001830842645,CONN T1M 1MM TERMINAL,Unclassified,Other,999.0,999.0,,
000000001830842646,CONN 2MM TERMINAL STRIP,Unclassified,Other,999.0,999.0,,
000000001830842647,CONN MOD JACK 8P8C SHIELDED,Unclassified,Other,999.0,999.0,,
000000001830842648,CONN SMD 3POS 2.54MM,Unclassified,Other,999.0,999.0,,
000000001830842650,CONN AIRMAX VS2 RAR 3X10-SML RG,Unclassified,Other,999.0,999.0,,
000000001830842651,Cable  4inch with connector 1.00mm Pitch,Unclassified,Other,999.0,999.0,,
000000001830842652,CABLE MTERA STPM SNAP ACTION OK TO PULL,Unclassified,Other,999.0,999.0,,
000000001830842675,CONN M.2 DUAL FMALE 67P 0.020 Gold 15u,Unclassified,Other,999.0,999.0,,
000000001830842680,Conn VERT Header 2P/40S Press Fit TH,Unclassified,Other,999.0,999.0,,
000000001830842686,3.34INCH SINGLE ROW CABLE SOCKET 1MM,Unclassified,Other,999.0,999.0,,
000000001830842693,8.67INCH MICRO SNGL ROW CABLE SOCKET 1MM,Unclassified,Other,999.0,999.0,,
000000001830842697,Conn SFP-DD SMD,Unclassified,Transceiver_Rating,999.0,50.0,,
000000001830842707,CON BACKPLANE ASSEMBLY CONNECTOR,Unclassified,Other,999.0,999.0,,
000000001830842712,CONN Socket 13x2POS dual 1.27mm SMD,Unclassified,Other,999.0,999.0,,
000000001830842713,CONN Header 13x2POS Dual 1.27mm SMD,Unclassified,Other,999.0,999.0,,
000000001830842715,CONN HDR 24POS 0.039 STACK SMD,Unclassified,Other,999.0,999.0,,
000000001830842722,GUIDE PIN Brass Alloy<ZY>,Unclassified,Other,999.0,999.0,,
000000001830842742,CONN RCPT 120POS SMD GOLD,Unclassified,Other,999.0,999.0,,
000000001830842757,Socket 4×30 2.00 ESQT-130-02-L-Q-625,Unclassified,Other,999.0,999.0,,
000000001830842758,Socket 4×30 2.00 ESQT-130-02-L-Q-693,Unclassified,Other,999.0,999.0,,
000000001830842759,Header 4×30 2.00 MTMM-130-06-L-Q-178,Unclassified,Other,999.0,999.0,,
000000001830842760,Socket 2×10 CLT-110-02-L-D-BE-A-K-TR,Unclassified,Other,999.0,999.0,,
000000001830842762,CONN TH 2X10 2MM,Unclassified,Other,999.0,999.0,,
000000001830845687,CONN 15X1 1.0MM  WIRE TERMINAL STRIP SH,Unclassified,Other,999.0,999.0,,
000000001830845692,CONN SOCKET 8X2 2MM SMD,Unclassified,Other,999.0,999.0,,
000000001830845693,CONN HEADER 10X2 2MM SMD,Unclassified,Other,999.0,999.0,,
000000001830845695,CONN HEADER 8X2 2MM TH,Unclassified,Other,999.0,999.0,,
000000001830845704,Header 2×10 TW-10-09-L-D-205-SM-A-P-TR,Unclassified,Other,999.0,999.0,,
000000001830845772,CONN13X2 2.0MM HEADER SMD,Unclassified,Other,999.0,999.0,,
000000001830845774,CONN Socket 4×30 2.0 ESQT-130-02-L-Q-705,Unclassified,Other,999.0,999.0,,
000000001830850114,NA400027-00 LCoS 1920x1200 C Gen2 New LC,Unclassified,LC_Variants,999.0,32.0,,
000000001830850130,HSM card STM32HSM-V2AE,Unclassified,Other,999.0,999.0,,
000000001830850131,Crystal 24MHz 12pF 20ppm 3.2x2.5mm,Unclassified,Other,999.0,999.0,,
000000001830900206,SLDR WIRE-LF M705 RMA98 SUPER P3 0.6mm,Unclassified,Other,999.0,999.0,,
000000001830900359,NPK00022-00 Desiccant-Silica Packet 5g,Unclassified,Other,999.0,999.0,,
000000001830910388,MARK-BAND WHITE NO.5 FOR 900um CBL,Unclassified,Other,999.0,999.0,,
000000001830910421,MARK-BAND BLACK BLANK FOR 900um CBL,Unclassified,Other,999.0,999.0,,
000000001830910422,MARK-BAND RED BLANK FOR 900um CBL,Unclassified,Other,999.0,999.0,,
000000001830911198,LBL-BLANK 32X9.3MM POLYESTER WHITE UL,Unclassified,Other,999.0,999.0,,
000000001830911731,LBL-BLANK 25X5 PAPER(487-N0411-0001),Unclassified,Other,999.0,999.0,,
000000001830911886,LBL-BLANK 19.1X7.6MM WHITE POLYIMIDE<ZY>,Unclassified,Other,999.0,999.0,,
000000001830912029,LBL-BLANK 100.0X60.0 R 1.0;PET,Unclassified,Other,999.0,999.0,,
000000001830912285,LBL-BLANK 101.6X152.4 PAPER WHITE #15365,Unclassified,Other,999.0,999.0,,
000000001830912344,LBL-BLANK 25.4X4.762,Unclassified,Other,999.0,999.0,,
000000001830912345,"LBL-.90""X.35""_ROHS 50/WEEE/CE",Unclassified,Other,999.0,999.0,,
000000001830912346,LBL-FOR_HANDLE,Unclassified,Other,999.0,999.0,,
000000001830912348,LBL-INFN_LOGO,Unclassified,Other,999.0,999.0,,
000000001830912349,LBL-FOR_OPTIC_DESCRIPTION,Unclassified,Other,999.0,999.0,,
000000001830912383,LBL-BLANK 55X19.5 FOR DD0U,Unclassified,Other,999.0,999.0,,
000000001830912432,LBL-BLANK 76.2X25.4X0.04 UL94VTM-0,Unclassified,Other,999.0,999.0,,
000000001830912433,LBL-BLANK 16X4.06 TT773,Unclassified,Other,999.0,999.0,,
000000001830912473,OVERLAY-MP24-1  FOR #15923,Unclassified,Other,999.0,999.0,,
000000001830912474,OVERLAY-2 FOR  SPEC15923,Unclassified,Other,999.0,999.0,,
000000001830912475,OVERLAY-MP24-2 FOR  #15923,Unclassified,Other,999.0,999.0,,
000000001830930013,CARTON-650X490X375 PAPER NO LOGO,Unclassified,Other,999.0,999.0,,
000000001830930018,CARTON-620X440X340 PAPER NO LOGO,Unclassified,Other,999.0,999.0,,
000000001830950044,TAPE-KAPTON FILM (CF 9101) W20mmXL33m,Unclassified,Other,999.0,999.0,,
000000001830950148,VELCRO-STRIP 10X350MM BLACK,Unclassified,Other,999.0,999.0,,
000000001830950307,BAG-SHIELDING ESD 470X500 15525,Unclassified,Other,999.0,999.0,,
000000001830950319,BAG-PLASTIC 800x40 PE FOR #15923,Unclassified,Other,999.0,999.0,,
000000001831000770,PCBA-FOR ATB322515-0110.,Unclassified,Other,999.0,999.0,,
000000001831000980,PCBA-TEST BOARD FOR OFP2 EDFA,Optical_Module,Other,55.0,999.0,,
000000001831001014,PCBA-FOR 14731 TESTER,Unclassified,Other,999.0,999.0,,
000000001831001148,PN Infinera Aquila L_BAND OCM_TESTBOARD,Unclassified,Other,999.0,999.0,,
000000001831001180,PCBA-DD0E FLEXIBLE CONVERT TEST BOARD,Unclassified,Other,999.0,999.0,,
000000001831001238,PCBA-DD0E BANFF BETA TEST BOARD,Unclassified,Other,999.0,999.0,,
000000001831001335,NA100215-00 PCBA-Flex SF J MK5V to Dual,Unclassified,Other,999.0,999.0,,
000000001831001388,PCBA-FOR RC09 CORE TESTBOARD,Unclassified,Other,999.0,999.0,,
000000001831001484,PCBA-FOR LATCH BOARD OF DD0P,Unclassified,Other,999.0,999.0,,
000000001831001663,PCBA-FOR OC08 EDFA FLEX CABLE,Optical_Module,Other,55.0,999.0,,
000000001831001705,PCBA-Flexcable for WSS of OC08,Unclassified,Other,999.0,999.0,,
000000001831001842,PCBA-FOR ISAR STAND C P3 EDFA BOARD,Optical_Module,Other,55.0,999.0,,
000000001831001979,PCBA-FOR Bernoulli DMDTRASNFER FLEXCABLE,Unclassified,Other,999.0,999.0,,
000000001831002030,NA100182-01 PCBA DW2D MKJU BOARD ASR,Unclassified,Other,999.0,999.0,,
000000001831002060,PCBA-for Rainier 400 EDFA A7 W II-VI,Optical_Module,Other,55.0,999.0,,
000000001831002086,PCBA-for OD28 Callisto Switch Board,Unclassified,Other,999.0,999.0,,
000000001831002113,NA100210-00 PCBA-OD28 BR DMD FLEX,Unclassified,Other,999.0,999.0,,
000000001831002157,PCBA-for OD28 Callisto 1st line card,Unclassified,Other,999.0,999.0,,
000000001831002181,PCBA-FOR LED BOARD OF ISAR66,Unclassified,Other,999.0,999.0,,
000000001831002189,PCBA-for OC2D OSW board,Unclassified,Other,999.0,999.0,,
000000001831002199,PCBA for OC2D D2ILASGM MB,Unclassified,Other_MultiFiber,999.0,16.0,,
000000001831002202,PCBA-FOR  OC2C  FLEX CABLE,Unclassified,Other,999.0,999.0,,
000000001831002213,PCBA-FOR OC2D D2ILA LED BOARD,Unclassified,Other,999.0,999.0,,
000000001831002267,NA100382-00 DW2C MKJU 12V ASR,Unclassified,Other,999.0,999.0,,
000000001831002284,NA100307-00 PCBA ADA ADAPTER TESTER,Adapters,Other,30.0,999.0,,
000000001831002770,PCBA-R FOR 3pump sub OF ISAR66 TM(14PIN),Unclassified,Other,999.0,999.0,,
000000001831002772,PCBA-R FOR 8pump sub OF ISAR66 TM(14PIN),Unclassified,Other,999.0,999.0,,
000000001831002774,PCBA-R FOR OA BOARD OF ISAR66 TM(14PIN),Unclassified,Other,999.0,999.0,,
000000001831002776,PCBA-R FOR SYSTEM BOARD OF ISAR66 TM,Unclassified,Other,999.0,999.0,,
000000001831002782,PCBA-R FOR PD ARRAY OF ISAR66 TM,Unclassified,Other,999.0,999.0,,
000000001831002818,PCBA for D2ILA P2 SGM II-VI pump,Unclassified,Other,999.0,999.0,,
000000001831002836,PCBA-Ada LCOS Ceramic Base,Unclassified,Other,999.0,999.0,,
000000001831002840,PCBA for ADA Main Board,Unclassified,Other,999.0,999.0,,
000000001831002845,PCBA for ADA Ceramic Feedthrough,Unclassified,Other,999.0,999.0,,
000000001831002904,PCBA BR 4PD MB W 25HB,Unclassified,Other_MultiFiber,999.0,16.0,,
000000001831002908,PCBA-BR DLP Flex W no sensor,Unclassified,Other,999.0,999.0,,
000000001831002938,PCBA for ADA MK5V Adapter,Adapters,Other,30.0,999.0,,
000000001831002940,PCBA for ADA MK5V Extension Flex,Unclassified,Other,999.0,999.0,,
000000001831101268,PCB-FOR SFP28 ROSA FPC WITHOUT BL,Unclassified,Other_Connector_Types,999.0,40.0,,
000000001831532597,8Plus-TS200629 3Group 1X4 #Z5234,Unclassified,Other,999.0,999.0,,
000000001831532598,8Plus-TS200701 Filter TLS&LED #Z5234,Unclassified,Other,999.0,999.0,,
000000001831532622,SIRIUS FPC CABLE Subassembly for P2&GA,Unclassified,Other_Connector_Types,999.0,40.0,,
000000001831532919,ASSY-Scan Lens 1-2,Unclassified,Other,999.0,999.0,,
000000001831532921,ASSY-Passive Assembly,Unclassified,Other,999.0,999.0,,
000000001831532922,ASSY-Port Lens Assembly,Unclassified,Other,999.0,999.0,,
000000001831532924,ASSY-BTO Assembly,Unclassified,Other,999.0,999.0,,
000000001831532925,ASSY-LCoS With and C0 Optic,Unclassified,Other,999.0,999.0,,
000000001831532926,ADA ASSY-WSV Assembly-TW no FT,Unclassified,Other,999.0,999.0,,
000000001831560042,Test box for Banff(1834020413/414),Unclassified,Other,999.0,999.0,,
000000001831560233,Scrap PCB,Unclassified,Other,999.0,999.0,,
000000001831691198,MDL-LPF1309/1305/V01 3M APOD  #15923,Unclassified,Other,999.0,999.0,,
000000001831720051,MDL-MIOC DUAL 3P 1300 1.2M RL>45dB ULTRA,Unclassified,Other,999.0,999.0,,
000000001831760094,MDL-CFOI DUAL TWO DCM,Unclassified,Other,999.0,999.0,,
000000001831760115,MDL-CFOI DUAL MINITYPE 100G Shift50G,Unclassified,Other,999.0,999.0,,
000000001831770160,JUMP LC/APC SM 250um Clear BF 1.0m,Unclassified,LC_Variants,999.0,30.0,,
000000001831770190,JUMP SC/APC SM 250um Clear BF 1.0m,Unclassified,Other_Connector_Types,999.0,40.0,,
000000001831770234,ASSY-INSERTION LOSS JUMPER ASSEMBLY,Jumpers,Other,22.0,999.0,,
000000001831770421,LCU Master-FCU JUMP SM 0.9TB 2.0m #Z5051,Unclassified,LC_Variants,999.0,31.0,,
000000001831770451,LCU Master- Pigtail SM BF 1.5m #Z5051,Pigtails,LC_Variants,10.0,31.0,,
000000001831770489,LCU Master-LCU JUMP SM 0.9TB 2.0m #Z5051,Unclassified,LC_Variants,999.0,31.0,,
000000001831770564,JUMPER-LC 1MLT+0.9FIBER SMF28E N0000823,Jumpers,LC_Variants,22.0,32.0,,
000000001831770565,N0003549-00 JUMPER-LC LBL 2m,Jumpers,LC_Variants,22.0,32.0,,
000000001831770580,LC/UPC A1 1.1m LT(WH)+0.9m BF(BL)#ZA3820,Unclassified,LC_Variants,999.0,30.0,,
000000001831770581,LC/UPC A1 1.1m LT(WH)+0.9m BF(OR)#ZA3820,Unclassified,LC_Variants,999.0,30.0,,
000000001831770582,LC/UPC A1 1.1m LT(WH)+0.9m BF(GR)#ZA3820,Unclassified,LC_Variants,999.0,30.0,,
000000001831770583,LC/UPC A1 1.1m LT(WH)+0.9m BF(BR)#ZA3820,Unclassified,LC_Variants,999.0,30.0,,
000000001831770584,LC/UPC A1 1.1m LT(WH)+0.9m BF(SL)#ZA3820,Unclassified,LC_Variants,999.0,30.0,,
000000001831770585,LC/UPC A1 1.1m LT(WH)+0.9m BF(WH)#ZA3820,Unclassified,LC_Variants,999.0,30.0,,
000000001831770586,LC/UPC A1 1.1m LT(WH)+0.9m BF(RD)#ZA3820,Unclassified,LC_Variants,999.0,30.0,,
000000001831770587,LC/UPC A1 1.1m LT(WH)+0.9m BF(BK)#ZA3820,Unclassified,LC_Variants,999.0,30.0,,
000000001831770588,LC/UPC A1 1.1m LT(WH)+0.9m BF(YL)#ZA3820,Unclassified,LC_Variants,999.0,30.0,,
000000001831770589,LC/UPC A1 1.1m LT(WH)+0.9m BF(VL)#ZA3820,Unclassified,LC_Variants,999.0,30.0,,
000000001831770590,LC/UPC A1 1.1m LT(WH)+0.9m BF(RS)#ZA3820,Unclassified,LC_Variants,999.0,30.0,,
000000001831770591,LC/UPC A1 1.1m LT(WH)+0.9m BF(AQ)#ZA3820,Unclassified,LC_Variants,999.0,30.0,,
000000001831770723,JUMP-FC/UPC-LC/UPC SM 2.0 YL 1m #S0021,Unclassified,LC_Variants,999.0,30.0,,
000000001831770753,MPOM-MPOA(F)-MPOA(F) 12F SM 2.0m #Z5051,Unclassified,Other,999.0,999.0,,
000000001831770831,FLEXPLANE FOR 1835210033,Harness_Tether,Other,75.0,999.0,,
000000001831771166,LCU Master-MPOA(M) 12F 1.5M/0.5M #Z5051,Unclassified,LC_Variants,999.0,31.0,,
000000001831771248,MPOA(M) 24F Master-MPOA(F) 2X12F 1M,Unclassified,Other,999.0,999.0,,
000000001831771330,FLEXPLANE FOR MSFT OPTION1-L1,Harness_Tether,Other,75.0,999.0,,
000000001831771331,FLEXPLANE FOR MSFT OPTION1-L2,Harness_Tether,Other,75.0,999.0,,
000000001831771348,FLEXPLANE FOR MSFT OPTION1-L3,Harness_Tether,Other,75.0,999.0,,
000000001831771382,ASSY-INSERTION LOSS JUMPER For 1dB,Jumpers,Other,22.0,999.0,,
000000001831771464,Cable assy bundle 56x LCA MP24-1 #15923,Unclassified,Other,999.0,999.0,,
000000001831771465,MJC(M) 12F Master-MPO(F) 24F SM 1M Z5051,Unclassified,MPO_Group,999.0,10.0,,
000000001831771466,MJC(F) 12F Master-MPO(F) 24F SM 1M Z5051,Unclassified,MPO_Group,999.0,10.0,,
000000001831771470,MJC(M) 16F Master-MPO(F) 24F SM 1M Z5051,Unclassified,MPO_Group,999.0,10.0,,
000000001831771471,MJC(F) 16F Master-MPO(F) 24F SM 1M Z5051,Unclassified,MPO_Group,999.0,10.0,,
000000001831771472,MMC(M) 16F Master-MPO(F) 24F SM 1M Z5051,Unclassified,MPO_Group,999.0,10.0,,
000000001831771473,MMC(F) 16F Master-MPO(F) 24F SM 1M Z5051,Unclassified,MPO_Group,999.0,10.0,,
000000001831771484,LC/APC-LC/APC LMA G.654.E 900um 13cm,Unclassified,LC_Variants,999.0,30.0,,
000000001831771485,SC/APC-LC/APC LMA G.654.E 900um 13cm,Unclassified,LC_Variants,999.0,30.0,,
000000001831771564,JUMP-16F MMC(M)-12F+4FMPOA(F)SM 2.5MM 1M,Unclassified,MMC_Group,999.0,12.0,,
000000001831780941,Mainframe of OPMS04CHMTOPL01,Unclassified,Other,999.0,999.0,,
000000001831780943,Detector of OPMS04CHMTOPL01,Unclassified,Other,999.0,999.0,,
000000001831780944,Detector of MTOFMS1152OPL01 5MM,Unclassified,Other,999.0,999.0,,
000000001831781417,Eco UTMS 1% C band parallel pin #Z5537,Unclassified,Other,999.0,999.0,,
000000001831781418,Eco UTMS 2% C band parallel pin #Z5537,Unclassified,Other,999.0,999.0,,
000000001831781421,Eco UTMS 50% C band parallel pin #Z5537,Unclassified,Other,999.0,999.0,,
000000001831781550,C band P Grade Dual stage Isolator#Z5683,Unclassified,Other,999.0,999.0,,
000000001831781551,L band P Grade Dual stage Isolator#Z5683,Unclassified,Other,999.0,999.0,,
000000001831781554,C band P single stage Isolator #Z5683,Unclassified,Other,999.0,999.0,,
000000001831781555,L band P single stage isolator #Z5683,Unclassified,Other,999.0,999.0,,
000000001831781558,C band P Single ISO with 980&532nm#Z5683,Unclassified,Other,999.0,999.0,,
000000001831781564,980 pump power absorber #Z5690,Unclassified,Other,999.0,999.0,,
000000001831781607,Bright mini VOA use 5.4Vchip w pin#15323,Unclassified,Other,999.0,999.0,,
000000001831781608,Mini L band VOA Bright type w pin #15323,Unclassified,Other,999.0,999.0,,
000000001831781703,Super C band EDFA max 25.7dBm #Z5055,Optical_Module,Other,55.0,999.0,,
000000001831781837,3-port high power circulator #Z5873,Unclassified,Other,999.0,999.0,,
000000001831781885,MDL-GFF1225/V01 GFF+ISO #Z5929,Unclassified,Other,999.0,999.0,,
000000001831781889,MDL-BPF1573/1576/V01 BWDM device #Z5934,Unclassified,Other,999.0,999.0,,
000000001831781921,C band P Dual ISO with 980&532nm #Z5683,Unclassified,Other,999.0,999.0,,
000000001831781997,Infinera Line Card 1625nm OTDR #Z5982,Unclassified,Other,999.0,999.0,,
000000001831782007,MDL-BPF1570/1612/V03 AGT BWDM1 #Z5987,Unclassified,Other,999.0,999.0,,
000000001831782010,MDL-BPF1528/1568/V07 AGT BWDM4 #Z5987,Unclassified,Other,999.0,999.0,,
000000001831782091,MDL-BPF1529/1532/V01 BWDM device #Z6021,Unclassified,Other,999.0,999.0,,
000000001831782092,LMA Circulator 1525-1580nm #Z6022,Unclassified,Other,999.0,999.0,,
000000001831782094,LMA Mode Field Adapter-Collimator #Z6024,Adapters,Other,30.0,999.0,,
000000001831782095,LMA Mode Field Adapter-Connector #Z6025,Adapters,Other,30.0,999.0,,
000000001831782109,3-Port circulator component #Z6030,Unclassified,Other,999.0,999.0,,
000000001831782140,ILA card of Olympus,Unclassified,Other,999.0,999.0,,
000000001831782141,Raman card of Olympus,Unclassified,Other,999.0,999.0,,
000000001831782142,SCC card of Olympus,Unclassified,Other,999.0,999.0,,
000000001831782148,OCM  of Olympus,Unclassified,Other,999.0,999.0,,
000000001831782250,Gain Module of Breakfix C Aerodiode OTDR,Unclassified,Other,999.0,999.0,,
000000001831782251,Gain Module of Breakfix L Aerodiode OTDR,Unclassified,Other,999.0,999.0,,
000000001831782302,MDL-BPF1258/V01 HPHT 1317.5±0.5nm #Z6080,Unclassified,Other,999.0,999.0,,
000000001831782303,MDL-BPF1258/V01 HPHT 1317.5±1.0nm #Z6080,Unclassified,Other,999.0,999.0,,
000000001831782304,MDL-BPF1258/V01 HPHT 1317.5±1.5nm #Z6080,Unclassified,Other,999.0,999.0,,
000000001831782305,MDL-BPF1305/1330/V01 HPHT WDM #Z6080,Unclassified,Transceiver_Rating,999.0,50.0,,
000000001831782375,LC ADP for LC PM,Adapters,LC_Variants,30.0,32.0,,
000000001831790242,N0004525-00 LC Pigtail 2.5m SMF-28e 1.6M,Pigtails,LC_Variants,10.0,32.0,,
000000001831790375,NA001407-02 Kit  BBB-based incl GUI,Accessories,Other,85.0,999.0,,
000000001831790395,NA400092-01 MW06 LCoS Device in Hermetic,Unclassified,Other,999.0,999.0,,
000000001831790406,NA400303-00 PCBA -M BR Main Board W/4PD,Unclassified,Other,999.0,999.0,,
000000001831790407,NA000878-00 1xWB+4xOCMs Callisto BR,Unclassified,Other,999.0,999.0,,
000000001831790426,NA601089-00 SF C-Band Fabric (PM fiber),Unclassified,Other,999.0,999.0,,
000000001831790431,NA500028-01 Full Fledge (BBB-based) Eval,Unclassified,Other,999.0,999.0,,
000000001831790441,NA601078-01 Curie 3 Com WSV Assembly,Unclassified,Other,999.0,999.0,,
000000001831790448,NA601096-00 Field Lens Assembly Curie,Unclassified,Other,999.0,999.0,,
000000001831790470,NA601048-03 Mirror 4 Assembly Curie,Unclassified,Other,999.0,999.0,,
000000001831790489,NA400096-00 LCOS Device PKG,Unclassified,Other,999.0,999.0,,
000000001831790525,Ada LCoS outgassing assembly 2,Unclassified,Other,999.0,999.0,,
000000001831790526,Ada LCoS outgassing assembly 3,Unclassified,Other,999.0,999.0,,
000000001831790527,Ada LCoS outgassing assembly 4,Unclassified,Other,999.0,999.0,,
000000001831790528,Ada LCoS outgassing assembly 5,Unclassified,Other,999.0,999.0,,
000000001831790529,Ada LCoS outgassing assembly 6,Unclassified,Other,999.0,999.0,,
000000001831800082,RNR400 active box for pump replacement,Unclassified,Other,999.0,999.0,,
000000001831800085,RNR100 active box For pump replacement,Unclassified,Other,999.0,999.0,,
000000001831810039,MANUFACTURE TOOL EVOA13155EOMS12 #Z4641,Unclassified,Other,999.0,999.0,,
000000001831810040,MANUFACTURE TOOL EVOA13155EOMS22 #Z4641,Unclassified,Other,999.0,999.0,,
000000001831810208,(manufacture tool)Switch Box #Z4937,Unclassified,Other,999.0,999.0,,
000000001831810224,MANUFACTURE TOOL OPMS01CHMTOPL12 #Z4672,Unclassified,Other,999.0,999.0,,
000000001831810225,MANUFACTURE TOOL OPMS02CHMTOPL11 #Z4672,Unclassified,Other,999.0,999.0,,
000000001831810311,One Port Reflector C Band #Z4823,Unclassified,Other,999.0,999.0,,
000000001831810314,MANUFACTURE TOOL TLSL5ITUCLOMS02 #Z4481,Unclassified,Other,999.0,999.0,,
000000001831810380,UWFC 1X2 50% F3X47 CornA1 1.5M #Z3639,Unclassified,Other,999.0,999.0,,
000000001831811129,INTERCONN. JUMP LOOPL101PSCIE00 #13483,Unclassified,Other,999.0,999.0,,
000000001831811130,MTP/APC Loopback SM QSFP Pin-out #13483,Loopback_Group,MTP_Group,40.0,11.0,,
000000001831811179,Ultra-Mini Switch X2 AD C+L BAND #S0048,Unclassified,Other,999.0,999.0,,
000000001831811393,GFF+ Single stage isolator #5179,Unclassified,Other,999.0,999.0,,
000000001831811418,C+L band ASE Wide Bandwidth #Z5220,Unclassified,Other,999.0,999.0,,
000000001831811484,Optical Switch Box 8Plus-TS190819 #Z5234,Unclassified,Other,999.0,999.0,,
000000001831811485,Optical Switch Box 8Plus-TS190820 #Z5234,Unclassified,Other,999.0,999.0,,
000000001831811506,1834780003 FOR MTS #10231,Unclassified,Other,999.0,999.0,,
000000001831811521,UWFC  1X2 1% 2.5X40 CornA1 1.2M #Z5293,Unclassified,Other,999.0,999.0,,
000000001831811523,UWFC 1X2 2% 2.5X40 CornA1 1.2M #Z5293,Unclassified,Other,999.0,999.0,,
000000001831811525,UWFC 1X2 3% 2.5X40 CornA1 1.2M #Z5293,Unclassified,Other,999.0,999.0,,
000000001831811535,SWDM 1X2 2.5X40 HI 1060 1.2M #Z5294,Optical_Module,Other,55.0,999.0,,
000000001831811536,SWDM 1X2 2.5X40 F10080 1.2M #Z5294,Optical_Module,Other,55.0,999.0,,
000000001831811537,SWDM 1X2 2.5X40 F10080 1.2M #Z5294,Optical_Module,Other,55.0,999.0,,
000000001831811588,UWFC  1X2 1% 2.5X40 CornA1 1.2M #Z5293,Unclassified,Other,999.0,999.0,,
000000001831811590,UWFC  1X2 2% 2.5X40 CornA1 1.2M #Z5293,Unclassified,Other,999.0,999.0,,
000000001831811592,UWFC  1X2 3% 2.5X40 CornA1 1.2M #Z5293,Unclassified,Other,999.0,999.0,,
000000001831811593,UWFC  1X2 5% 2.5X40 CornA1 1.2M #Z5293,Unclassified,Other,999.0,999.0,,
000000001831811613,UWFC 1X2 20% 2.5X40 F10080 1.2M #Z5293,Unclassified,Other,999.0,999.0,,
000000001831811615,UWFC 1X2 30% 2.5X40 F10080 1.2M #Z5293,Unclassified,Other,999.0,999.0,,
000000001831811617,UWFC 1X2 40% 2.5X40 F10080 1.2M #Z5293,Unclassified,Other,999.0,999.0,,
000000001831811619,UWFC 1X2 50% 2.5X40 F10080 1.2M #Z5293,Unclassified,Other,999.0,999.0,,
000000001831811983,1835380007 FOR MTS#15861,Unclassified,Other,999.0,999.0,,
000000001831811998,1835270035 FOR MTS#16090,Unclassified,Other,999.0,999.0,,
000000001831812001,1835200017  FOR MTS #Z6055,Unclassified,Other,999.0,999.0,,
000000001831812002,1835200018 FOR MTS#Z6056,Unclassified,Other,999.0,999.0,,
000000001831812003,1835200019 FOR MTS #Z6057,Unclassified,Other,999.0,999.0,,
000000001831812012,1834120103 FOR MTS#15606,Unclassified,Other,999.0,999.0,,
000000001831812026, NA001310-02 12THz CR Module ZTE FOR MTS,Unclassified,Other,999.0,999.0,,
000000001831812029,NA001313-01 FOR MTS Twin 3x33 Module,Unclassified,Other,999.0,999.0,,
000000001831812039,1834790265 FOR MTS#Z6000,Unclassified,Other,999.0,999.0,,
000000001831812040,1834790264 FOR MTS#Z6001,Unclassified,Other,999.0,999.0,,
000000001831812041,1834480117 FOR MTS#Z6028,Unclassified,Other,999.0,999.0,,
000000001831812042,1835200016 FOR MTS#Z6032,Unclassified,Other,999.0,999.0,,
000000001831812043,1834860259 FOR MTS#15923,Unclassified,Other,999.0,999.0,,
000000001831812044,1834860260 FOR MTS#15923,Unclassified,Other,999.0,999.0,,
000000001831812045,1834140127 FOR MTS#14431,Unclassified,Other,999.0,999.0,,
000000001831812047,1834730074 FOR MTS#Z6029,Unclassified,Other,999.0,999.0,,
000000001831812048,FOR MTS Produced in SYT#15861,Unclassified,Other,999.0,999.0,,
000000001831812051,1835400006 FOR MTS #16147,Unclassified,Other,999.0,999.0,,
000000001831812052,1835400005 FOR MTS #16147,Unclassified,Other,999.0,999.0,,
000000001831812054,ADA Fabric Kit  for BW no FT,Accessories,Other,85.0,999.0,,
000000001831812057,NA000925 for MTS Twin2x34 C6T Ada,Unclassified,Other,999.0,999.0,,
000000001831812058,NA000928 for MTS Twin2x33 C5T Ada,Unclassified,Other,999.0,999.0,,
000000001831812062,1835380010 FOR MTS#851762 #15289,Unclassified,Other,999.0,999.0,,
000000001831812063,1835380011 FOR MTS#851762 #15289,Unclassified,Other,999.0,999.0,,
000000001831812065,1834110183 for MTS  #15687,Unclassified,Other,999.0,999.0,,
000000001831812067,1834020678 FOR MTS#16088,Unclassified,Other,999.0,999.0,,
000000001831812068,1831782047 FOR MTS #Z5410,Unclassified,Other,999.0,999.0,,
000000001831812072,1834950045 FOR MTS #15914,Unclassified,Other,999.0,999.0,,
000000001831812073,1834950054 FOR MTS  #15914,Unclassified,Other,999.0,999.0,,
000000001831812074,1834950031 FOR MTS  #14048,Unclassified,Other,999.0,999.0,,
000000001831812076,1834950055 FOR MTS  #16286,Unclassified,Other,999.0,999.0,,
000000001831812078,1834020692 FOR MTS  #16224,Unclassified,Other,999.0,999.0,,
000000001831812079,1835260148 FOR MTS #16382,Unclassified,Other,999.0,999.0,,
000000001831820434,SWDM 1X2 2.5X40 F10080 1.2M parallel,Optical_Module,Other,55.0,999.0,,
000000001831820435,SWDM 1X2 2.5X40 F10080 1.2M L parallel,Optical_Module,Other,55.0,999.0,,
000000001832100603,Rework LSA,Unclassified,Other,999.0,999.0,,
000000001832100664,CHIP-CPSOLAR-PROD-T-FC-DR8-TERM,Unclassified,Other_Connector_Types,999.0,40.0,,
000000001832100665,CHIP-CPSOLAR-PROD-T-FC-2xFR4-TERM,Unclassified,Other_Connector_Types,999.0,40.0,,
000000001832100951,CHIP-CPSOLAR-PROD-T-FC-DR8-FA10D-2LD,Unclassified,Other_Connector_Types,999.0,40.0,,
000000001832210999,ASSY-XCVR TRPU12AI1ICISE4G,Unclassified,Other,999.0,999.0,,
000000001832211117,ASSY-XCVR TRPU03AI1I000E1G,Unclassified,Other,999.0,999.0,,
000000001832212125,ASSY XCVR SFP28 ER CIS I,Unclassified,Other,999.0,999.0,,
000000001832212280,ASSY-XCVR TRPUG1KVXC00030G,Unclassified,Other,999.0,999.0,,
000000001832212284,ASSY-XCVR 1837180020  1568.77nm,Unclassified,Other,999.0,999.0,,
000000001832212591,ASSY-XCVR 1064271020 LP MLX QXP-BF,Unclassified,Other,999.0,999.0,,
000000001834000056,33ch 150G EVEN STD AAWG #15311,Unclassified,Other,999.0,999.0,,
000000001834000065,32ch 150G ODD STD AAWG #15311,Unclassified,Other,999.0,999.0,,
000000001834000074,150G AAWG 32ch LT #15929,Unclassified,Other,999.0,999.0,,
000000001834000075,AAWG 150G 33CH C61 1.5M W/BW #Z6031,Unclassified,Other,999.0,999.0,,
000000001834000076,AAWG 150G 32CH C60+25GHZ1.5M W/BW #Z6031,Unclassified,Other,999.0,999.0,,
000000001834000077,150G AAWG 32ch 191.40 to196.05 #16061,Unclassified,Other,999.0,999.0,,
000000001834000078,AAWG 150G 33CH C61 1.5M W/BW #Z6084,Unclassified,Other,999.0,999.0,,
000000001834010003,CIRCULATOR MIOC164000ADV01G #14106,Unclassified,Other,999.0,999.0,,
000000001834010004,CIRCULATOR MIOCG3ECO031111 #S0327,Unclassified,Other,999.0,999.0,,
000000001834010008,CIRCULATOR MIOCG3ECO3ZAB01 #Z4644,Unclassified,Other,999.0,999.0,,
000000001834010029,CIRCULATOR MIOCGS3ECOIFA01 #14469,Unclassified,Other,999.0,999.0,,
000000001834010035,CIRCULATOR MIOCL15503TEX24G #14013,Unclassified,Other,999.0,999.0,,
000000001834010039,CIRCULATOR MIOC131000NRC01 #6702,Unclassified,Other,999.0,999.0,,
000000001834010040,CIRCULATOR MIOC131000THL01 #6852,Unclassified,Other,999.0,999.0,,
000000001834010058,CIRCULATOR MIOC150004TEX11G #6592,Unclassified,Other,999.0,999.0,,
000000001834010061,CIRCULATOR MIOCL15504TEX13G #8739,Unclassified,Other,999.0,999.0,,
000000001834010069,CIRCULATOR PIOC131000TYE03 #13680,Unclassified,Other,999.0,999.0,,
000000001834010073,MIOC155003OTP02 #9728,Unclassified,Other,999.0,999.0,,
000000001834010101,1590nm band 3-port Circulator #14443,Unclassified,Other,999.0,999.0,,
000000001834010107,C+L Band 3-Port Circulator #S0327,Unclassified,Other,999.0,999.0,,
000000001834010115,C+L Band 3-port CIR without LC/UPC#S0327,Unclassified,LC_Variants,999.0,30.0,,
000000001834010128,L-BAND 3-PORT Circulator #Z5790,Unclassified,Other,999.0,999.0,,
000000001834010133,3-port MIOC C band ECO LC/UPC #S0327,Unclassified,LC_Variants,999.0,30.0,,
000000001834010134,C-band MIOC 3-port Eco FC/APC #S0327,Unclassified,Other_Connector_Types,999.0,40.0,,
000000001834010135,1310nm 3-Port MIOC 1.5M LC/APC #S0327,Unclassified,LC_Variants,999.0,30.0,,
000000001834020021,EDFA EDFA0C88LOTLB01 #10498,Optical_Module,Other,55.0,999.0,,
000000001834020031,EDFA EDFACARDOTTLB23 #7370,Optical_Module,Other,55.0,999.0,,
000000001834020074,EDFA EDFA90L09C24E02 #13815,Optical_Module,Other,55.0,999.0,,
000000001834020081,EDFA EDFAC03I059NEC1 #13585,Optical_Module,Other,55.0,999.0,,
000000001834020096,EDFA EDFAC05R157NEC1 #14111,Optical_Module,Other,55.0,999.0,,
000000001834020098,ERFA43A05-TA011 for NEC #14111,Unclassified,Other,999.0,999.0,,
000000001834020125,EDFA EDFAC3664FSHIT1 #14601,Optical_Module,Other,55.0,999.0,,
000000001834020154,EDFA EDFAC913NECTR01 #14127,Optical_Module,Other,55.0,999.0,,
000000001834020155,EDFA EDFAC914NECIL12 #14001,Optical_Module,Other,55.0,999.0,,
000000001834020156,EDFA EDFAC914NECTR32 #14001,Optical_Module,Other,55.0,999.0,,
000000001834020157,EDFA EDFAC915NECTR11 #14001,Optical_Module,Other,55.0,999.0,,
000000001834020158,EDFA EDFAC916NECTR01 #14001,Optical_Module,Other,55.0,999.0,,
000000001834020163,EDFA+OCM combo #13692,Optical_Module,Other,55.0,999.0,,
000000001834020170,EDFA EDFAL04R057NEC1 #13587,Optical_Module,Other,55.0,999.0,,
000000001834020175,EDFA EDFAL04T002NEC1 #13587,Optical_Module,Other,55.0,999.0,,
000000001834020176,EDFA EDFAL9006MECC12 #14006,Optical_Module,Other,55.0,999.0,,
000000001834020181,EDFA EDFAOFP002CNT01 #13700,Optical_Module,Other,55.0,999.0,,
000000001834020183,EDFA EDFAOFP005CNT01 #13700,Optical_Module,Other,55.0,999.0,,
000000001834020187,EDFA EDFAOFP04BCNT01 #13700,Optical_Module,Other,55.0,999.0,,
000000001834020188,EDFA EDFAOFP06ECNT01 #14284,Optical_Module,Other,55.0,999.0,,
000000001834020189,EDFA EDFAOFP06ICNT01 #14284,Optical_Module,Other,55.0,999.0,,
000000001834020190,EDFA EDFAOFP06LCNT01 #14284,Optical_Module,Other,55.0,999.0,,
000000001834020191,EDFA EDFAOFP07BCNT01 #14284,Optical_Module,Other,55.0,999.0,,
000000001834020203,EDFA RAPU90L10000001 #13816,Optical_Module,Other,55.0,999.0,,
000000001834020206,EDFA RAPUC05IA14NEC1 #14385,Optical_Module,Other,55.0,999.0,,
000000001834020207,EDFA RAPUC05IA18NEC1 #14385,Optical_Module,Other,55.0,999.0,,
000000001834020209,EDFA RAPUC05RA24NEC1 #14385,Optical_Module,Other,55.0,999.0,,
000000001834020210,EDFA RAPUC05RA28NEC1 #14385,Optical_Module,Other,55.0,999.0,,
000000001834020218,EDFA EDFA0C2408CIE02 #10751,Optical_Module,Other,55.0,999.0,,
000000001834020231,EDFA EDFACFPDGBFJT01 #14452,Optical_Module,Other,55.0,999.0,,
000000001834020255,EDFAC05I157NEC1 ERFA43A05-IA157 #14111,Unclassified,Other,999.0,999.0,,
000000001834020352,dual 20dbm output GB Ekinops #14686,Unclassified,Other,999.0,999.0,,
000000001834020358,Internal L band EDFA max 26dBm Z5055,Optical_Module,Other,55.0,999.0,,
000000001834020359,internal C band EDFA max 26dBm Z5055,Optical_Module,Other,55.0,999.0,,
000000001834020360,L band VCMUX + 3PS2 EDFA for FJT #14731,Optical_Module,Other,55.0,999.0,,
000000001834020361,L band VCMUX + 3PS3 EDFA for FJT #14731,Optical_Module,Other,55.0,999.0,,
000000001834020383,EDFA SE HTS #8517620000 #14812,Optical_Module,Other,55.0,999.0,,
000000001834020387,ERFA43A06-RA059 #14824,Unclassified,Other,999.0,999.0,,
000000001834020388,ERFA43A06-IA059 #14824,Unclassified,Other,999.0,999.0,,
000000001834020392,C band ASE+25dBm asEDFAC9028ASNEC2#14865,Unclassified,Other,999.0,999.0,,
000000001834020398,RAPUL1020ERNEC5 for NEC #14811,Unclassified,Other,999.0,999.0,,
000000001834020406,RKS-7PG2998C-1 with 980nm pump #14654,Unclassified,Other,999.0,999.0,,
000000001834020412,WL5 mini GB for Ciena #14945,Unclassified,Other,999.0,999.0,,
000000001834020413,Ciena 6500R CL-B C+L inline amp #14765,Unclassified,Other,999.0,999.0,,
000000001834020414,Ciena CL-D C+L inline amp w/ MSA #14765,Unclassified,Other,999.0,999.0,,
000000001834020417,EDFA SE HTS #8517620000 #14920,Optical_Module,Other,55.0,999.0,,
000000001834020445,ERFA43A04-RA055 with 980nm pump #14397,Unclassified,Other,999.0,999.0,,
000000001834020446,ERFA43A04-RA057 with 980nm pump #14397,Unclassified,Other,999.0,999.0,,
000000001834020455,1834020406 with reduction of 1 pd,Unclassified,Other,999.0,999.0,,
000000001834020456,L band GB sub-assembly for FOC 1.2T,Unclassified,Other,999.0,999.0,,
000000001834020462,dual OA for HW Z5281,Unclassified,Other,999.0,999.0,,
000000001834020463,High Power ErYbFA ErFA35Y31-SSA #13575,Unclassified,Other,999.0,999.0,,
000000001834020465,8x add EDFAA for FJT #15174,Unclassified,Other,999.0,999.0,,
000000001834020473,1834020346 with 980nm pump #15229,Unclassified,Other,999.0,999.0,,
000000001834020478,Hybrid C-Band Variable EDFA module#13586,Optical_Module,Other,55.0,999.0,,
000000001834020485,ErFA42A06-RA057 for NEC #15306,Unclassified,Other,999.0,999.0,,
000000001834020486,pluggable single ch amp for HW Z5421,Unclassified,Other,999.0,999.0,,
000000001834020492,ErFA42A06-RA055 for NEC #15306,Unclassified,Other,999.0,999.0,,
000000001834020502,ERFA43A05-TA001 w/ in-house PCBA #15341,Unclassified,Other,999.0,999.0,,
000000001834020507,L-TA001 w/ OTDR & in-house PCBA #15351,Unclassified,Other,999.0,999.0,,
000000001834020511,L-IA055 w/ OTDR & in-house PCBA #15351,Unclassified,Other,999.0,999.0,,
000000001834020517,CAD10A for Infinera #15365,Unclassified,Other,999.0,999.0,,
000000001834020519,GBK-E Pilot/Production #15166,Unclassified,Other,999.0,999.0,,
000000001834020521,wide band GB for Xtera 18dB gain #15385,Unclassified,Other,999.0,999.0,,
000000001834020523,wide band GB for Xtera 30dB gain #15385,Unclassified,Other,999.0,999.0,,
000000001834020525,ASE GB for Xtera #15416,Unclassified,Other,999.0,999.0,,
000000001834020529,ERFA43A05-RA059 for NEC #14111,Unclassified,Other,999.0,999.0,,
000000001834020531,C120 dual OA for HW Z5530,Unclassified,Other,999.0,999.0,,
000000001834020537,dual C band ILA for ECI #15476,Unclassified,Other,999.0,999.0,,
000000001834020538,dual L band ILA for ECI #15476,Unclassified,Other,999.0,999.0,,
000000001834020539,1550 single ch bidi amp for HW Z5581,Unclassified,Other,999.0,999.0,,
000000001834020541,ErFA42A06-IA095 for NEC #15306,Unclassified,Other,999.0,999.0,,
000000001834020542,ErFA42A06-IA097 for NEC #15306,Unclassified,Other,999.0,999.0,,
000000001834020551,ERFA42A05-RA30B for NEC #14385,Unclassified,Other,999.0,999.0,,
000000001834020553,ERFA42A05-IA20B for NEC #14385,Unclassified,Other,999.0,999.0,,
000000001834020554,34100505  OTDR+OA Z5634,Unclassified,Other,999.0,999.0,,
000000001834020555,L band GB for FJT w/ II-VI 3pin #15296,Unclassified,Other,999.0,999.0,,
000000001834020556,L band GB for FJT w/ LITE 3pin #15296,Unclassified,Other,999.0,999.0,,
000000001834020559,C band GB WLAi Ciena #15601,Unclassified,Other,999.0,999.0,,
000000001834020567,FJT BWD raman module ROADM-PIU #15657,Unclassified,Other,999.0,999.0,,
000000001834020573,L-RA054 w/ OTDR & A7 FPGA #15351,Unclassified,Other,999.0,999.0,,
000000001834020583,C band RoB Amp for FJT #15673,Unclassified,Other,999.0,999.0,,
000000001834020584,L band RoB Amp for FJT #15673,Unclassified,Other,999.0,999.0,,
000000001834020585,C + L ILA for FJT #15674,Unclassified,Other,999.0,999.0,,
000000001834020588,FJT BWD raman module Inline PIU #15657,Unclassified,Other,999.0,999.0,,
000000001834020591,C band NG TRPN with LITE pump #15682,Unclassified,Other,999.0,999.0,,
000000001834020592,L band NG TRPN with II-VI pump #15683,Unclassified,Other,999.0,999.0,,
000000001834020594,C++ dual ILA w/ SLED for INFN #15525,Unclassified,Other,999.0,999.0,,
000000001834020595,Ciena CL-B ILA w/ alternative MCU #14765,Unclassified,Other,999.0,999.0,,
000000001834020596,Ciena CL-D ILA w/ alternative MCU #14765,Unclassified,Other,999.0,999.0,,
000000001834020597,Ciena CL-B ILA w/ Zynq #14765,Unclassified,Other,999.0,999.0,,
000000001834020598,Ciena CL-D ILA w/ Zynq #14765,Unclassified,Other,999.0,999.0,,
000000001834020601,ECI dual C- ILA (reduced gain) #15735,Unclassified,Other,999.0,999.0,,
000000001834020603,OFP2 EDFA Option6 ER w/ new FPGA #14284,Optical_Module,Other,55.0,999.0,,
000000001834020604,OFP2 EDFA Option6 IR w/ new FPGA #14284,Optical_Module,Other,55.0,999.0,,
000000001834020605,OFP2 EDFA Option6 LR w/ new FPGA #14284,Optical_Module,Other,55.0,999.0,,
000000001834020606,OFP2 EDFA Option7 BA w/ new FPGA #14284,Optical_Module,Other,55.0,999.0,,
000000001834020609,GBK-D for Ciena #15723,Unclassified,Other,999.0,999.0,,
000000001834020611,ERFA43A04-AA01 with A7 FPGA #14397,Unclassified,Other,999.0,999.0,,
000000001834020617,GBK-A for Ciena #15761,Unclassified,Other,999.0,999.0,,
000000001834020619,CL-iA sample for Ciena #15762,Unclassified,Other,999.0,999.0,,
000000001834020620,CL-iA for Ciena #15762,Unclassified,Other,999.0,999.0,,
000000001834020623,CL-B w/ alt MCU & S32-660 #14765,Unclassified,Other,999.0,999.0,,
000000001834020624,CL-D w/ alt MCU & S32-720/660 #14765,Unclassified,Other,999.0,999.0,,
000000001834020626,G34C Raman Sled w/ 6 pumps #15784,Unclassified,Other,999.0,999.0,,
000000001834020627,G34C Raman Sled w/ 2 pumps #15784,Unclassified,Other,999.0,999.0,,
000000001834020629,L band 3PS5 for FJT #15785,Unclassified,Other,999.0,999.0,,
000000001834020630,submarine amp for Xtera #15787,Unclassified,Other,999.0,999.0,,
000000001834020633,C+L BWD Raman module for NEC #15816,Unclassified,Other,999.0,999.0,,
000000001834020634,C+L band ASE module for NEC #15818,Unclassified,Other,999.0,999.0,,
000000001834020641,GBK-K module for Ciena #15851,Unclassified,Other,999.0,999.0,,
000000001834020644,C band CCMD16 for Cisco #15871,Unclassified,Other,999.0,999.0,,
000000001834020645,L band CCMD16 for Cisco #15871,Unclassified,Other,999.0,999.0,,
000000001834020647,CL-D with improved PD isolation #14765,Unclassified,Other,999.0,999.0,,
000000001834020648,ERFA90A09-TRX0 for RMA #14156,Unclassified,Other,999.0,999.0,,
000000001834020660,EDFA SE HTS #8517620000 #15983,Optical_Module,Other,55.0,999.0,,
000000001834020663,PSM Module for DC10(version-02) #13691,Unclassified,Other,999.0,999.0,,
000000001834020668,CL-iA w/ pure LITE pump #15762,Unclassified,Other,999.0,999.0,,
000000001834020670,CL-iA2 for Ciena #16046,Unclassified,Other,999.0,999.0,,
000000001834020671,FWD Raman for NEC/Furukawa #16054,Unclassified,Other,999.0,999.0,,
000000001834020672,C+L BiDi ILA for INFN #16044,Unclassified,Other,999.0,999.0,,
000000001834020673,232-F100-212 GAIN BLK CL-B DLA C+L BAND,Unclassified,Other,999.0,999.0,,
000000001834020674,232-F100-414 GAIN BLK CL-D DLE C+L BAND,Unclassified,Other,999.0,999.0,,
000000001834020675,C-CCMD16 w/ boot UPG for Cisco #15871,Unclassified,Other,999.0,999.0,,
000000001834020676,L-CCMD16 w/ boot UPG for Cisco #15871,Unclassified,Other,999.0,999.0,,
000000001834020678,L band 3PS4 new PN for FJT #16088,Unclassified,Other,999.0,999.0,,
000000001834020679,L band 3PS5 new PN for FJT #16088,Unclassified,Other,999.0,999.0,,
000000001834020681,FJT CD FWD Raman INLINE-PIU #16097,Unclassified,Other,999.0,999.0,,
000000001834020682,extended C band dual GB for EKN #16107,Unclassified,Other,999.0,999.0,,
000000001834020683,C+L Raman module Z5998,Unclassified,Other,999.0,999.0,,
000000001834020684,G34C 6P Raman w/ new faceplate #16120,Unclassified,Other,999.0,999.0,,
000000001834020685,G34C 2P Raman w/ new faceplate #16120,Unclassified,Other,999.0,999.0,,
000000001834020686,O band amp sample,Unclassified,Other,999.0,999.0,,
000000001834020687,C+L D2ILA-SGM for INFN #16146,Unclassified,Other,999.0,999.0,,
000000001834020688,CL-iA to improve SLD alarm #15762,Unclassified,Other,999.0,999.0,,
000000001834020690,Ciena CL-D ILA w/ Lum pump & TI #14765,Unclassified,Other,999.0,999.0,,
000000001834020691,CL-D sample with low power con #16188,Unclassified,Other,999.0,999.0,,
000000001834020692,2in1 module for NEC #16224,Unclassified,Other,999.0,999.0,,
000000001834020693,OCM for RD66TM  4 port(2C+2L) #Z6065,Unclassified,Other,999.0,999.0,,
000000001834020695,CL-E sample for Ciena #16275,Unclassified,Other,999.0,999.0,,
000000001834020696,CL-E for Ciena #16275,Unclassified,Other,999.0,999.0,,
000000001834020701,C+L ROB+ASE for FJT #16320,Unclassified,Other,999.0,999.0,,
000000001834020702,C+L D2ILA-SGM for INFN for SYT #16146,Unclassified,Other,999.0,999.0,,
000000001834020705,G34C 6P Raman Sled w/ Duplex LC #16347,Unclassified,LC_Variants,999.0,32.0,,
000000001834020706,G34C 2P Raman Sled w/ Duplex LC #16347,Unclassified,LC_Variants,999.0,32.0,,
000000001834020707,SYT 6P Raman Sled w/ Duplex LC #16347,Unclassified,LC_Variants,999.0,32.0,,
000000001834030001,16CH 100G 1U Chassis #14607,Unclassified,Other,999.0,999.0,,
000000001834030002,24CH 100G 1U Chassis #14607,Unclassified,Other,999.0,999.0,,
000000001834030042,1x1 DWDM OSC FILTER in 1RU Chassis#10710,Unclassified,Other,999.0,999.0,,
000000001834030045,OMD8 Mux/Demux Module C17-C24 #13801,Optical_Module,Other,55.0,999.0,,
000000001834030046,OMD8 Mux/Demux Module C26-C33 #13801,Optical_Module,Other,55.0,999.0,,
000000001834030049,OMD8 Mux/Demux Module C53-C60 #13801,Optical_Module,Other,55.0,999.0,,
000000001834030120,OPM-12840 ARR WDMonly wCVL MIX WDMtype-6,Unclassified,Other,999.0,999.0,,
000000001834030201,4ch 100G Mux&Demux Module C20-C23 #8863,Optical_Module,Other,55.0,999.0,,
000000001834030202,4ch 100G Mux&Demux Module C24-C27 #8863,Optical_Module,Other,55.0,999.0,,
000000001834030203,4ch 100G Mux&Demux Module C28-C31 #8863,Optical_Module,Other,55.0,999.0,,
000000001834030204,4ch 100G Mux&Demux Module C32-C35 #8863,Optical_Module,Other,55.0,999.0,,
000000001834030205,4ch 100G Mux&Demux Module C36-C39 #8863,Optical_Module,Other,55.0,999.0,,
000000001834030206,4ch 100G Mux&Demux Module C40-C43 #8863,Optical_Module,Other,55.0,999.0,,
000000001834030207,4ch 100G Mux&Demux Module C44-C47 #8863,Optical_Module,Other,55.0,999.0,,
000000001834030208,4ch 100G Mux&Demux Module C48-C51 #8863,Optical_Module,Other,55.0,999.0,,
000000001834030209,4ch 100G Mux&Demux Module C52-C55 #8863,Optical_Module,Other,55.0,999.0,,
000000001834030210,4ch 100G Mux&Demux Module C56-C59 #8863,Optical_Module,Other,55.0,999.0,,
000000001834050004,88 Wavelength RCMM Patch Panel #8722,Unclassified,Other,999.0,999.0,,
000000001834050007,88 Wavelength RCMM Patch Panel #8722,Unclassified,Other,999.0,999.0,,
000000001834050008,88 WL RCMM Patch Panel (CH1-44) #8722,Unclassified,Other,999.0,999.0,,
000000001834050010,44Ch 100G Mux&Demux Athermal  AWG#12315,Optical_Module,Other,55.0,999.0,,
000000001834050011,44Ch 100G Mux&Demux Athermal AWG #12315,Optical_Module,Other,55.0,999.0,,
000000001834060002,E-BOX SPLT DWFC015020NOR12G #8703,Unclassified,Other,999.0,999.0,,
000000001834060005,E-BOX SPLT DWMC4MDRAWNOR11G #5448,Unclassified,Other,999.0,999.0,,
000000001834060006,E-BOX SPLT MWDMUCS000CIE01G #14278,Unclassified,Other,999.0,999.0,,
000000001834060009,Dual Window 1x2 50/50 Fiber Coupler#7755,Adapters,Other,30.0,999.0,,
000000001834060014,1x2 50/50 Tap Splitter Array #9072,Splitter_Cables,Other,18.0,999.0,,
000000001834070003,1ch CWDM 2-fiber Add/Drop Module  #7226,Unclassified,Other,999.0,999.0,,
000000001834070008,1ch CWDM 2-fiber Add/Drop Module #7226,Unclassified,Other,999.0,999.0,,
000000001834070020,1CH CWDM OADM 1510+1610 module #14578,Optical_Module,Other,55.0,999.0,,
000000001834070030,"4ch 2-fiber CWDM Mux/Demux,modules #7211",Optical_Module,Other,55.0,999.0,,
000000001834070046,8ch CWDM Mux&Demux Module #8954,Optical_Module,Other,55.0,999.0,,
000000001834070047,1-channel CWDM+Upgrade Port Module#Z4058,Unclassified,Other,999.0,999.0,,
000000001834070068,2ch CWDM Module 1470+1490nm #7754,Unclassified,Other,999.0,999.0,,
000000001834080001,INTERLEAVER C BAND 50G/100G #7683,Unclassified,Other,999.0,999.0,,
000000001834100006,OSC Mux&Demux Module #8955,Optical_Module,Other,55.0,999.0,,
000000001834100030,E-BOX FIU Module OMSSFIU000ZAB01G #Z5021,Unclassified,Other,999.0,999.0,,
000000001834100034,RLA module #14580,Unclassified,Other,999.0,999.0,,
000000001834100038,Raman SRA-B module #15016,Unclassified,Other,999.0,999.0,,
000000001834100040,E-BOX DXFIUP Module 34100364 #Z5283,Unclassified,Other,999.0,999.0,,
000000001834100043,XFIU 45020503 #Z4967,Unclassified,Other,999.0,999.0,,
000000001834100045,E-Box DXFIUP-C120 34100419 #Z5436,Unclassified,Other,999.0,999.0,,
000000001834100046,E-BOX FIU-C120 45020573 #Z5433,Unclassified,Other,999.0,999.0,,
000000001834100057,EBOX C+L XFIU 34100692#Z6060,Unclassified,Other,999.0,999.0,,
000000001834110001,OCM for NEC DW7000 w/ in-house TF#14008,Unclassified,Other,999.0,999.0,,
000000001834110003,Flex-grid OCM for ZAB,Unclassified,Other,999.0,999.0,,
000000001834110008,OCM for NEC DW7000 w/in-house TF #14008,Unclassified,Other,999.0,999.0,,
000000001834110009,OCM SE HTS #8517620000 #14307,Unclassified,Other,999.0,999.0,,
000000001834110017,ROADM Line Card 4D EL reach #9164,Unclassified,Other,999.0,999.0,,
000000001834110018,50GHz ROADM Core Circuit Packs #8599,Unclassified,Other,999.0,999.0,,
000000001834110019,50GHz ROADM Core Circuit Packs #8599,Unclassified,Other,999.0,999.0,,
000000001834110026,ROADM-4D 88CH for Tellabs ER #10319,Unclassified,Other,999.0,999.0,,
000000001834110028,ROADM circuit pack for Tellabs #10319,Unclassified,Other,999.0,999.0,,
000000001834110029,ROADM-4D 88CH for Tellabs IR #10319,Unclassified,Other,999.0,999.0,,
000000001834110031,ROADM circuit pack for Tellabs #10319,Unclassified,Other,999.0,999.0,,
000000001834110032,ROHS6 ROADM for OADM88-4D-IR  #10319,Optical_Module,Other,55.0,999.0,,
000000001834110033,ROADM-4D  88CH for Tellabs LR #10319,Unclassified,Other,999.0,999.0,,
000000001834110035,ROADM circuit pack for Tellabs #10319,Unclassified,Other,999.0,999.0,,
000000001834110036,ROADM circuit pack for Tellabs  #10319,Unclassified,Other,999.0,999.0,,
000000001834110037,ROADM circuit Pack  OADM-88-8D-ER #10296,Optical_Module,Other,55.0,999.0,,
000000001834110038,ROADM circuit pack  OADM88-8D-IR #10296,Optical_Module,Other,55.0,999.0,,
000000001834110040,ROADM Circuit Pack OADM-88-8D-LR #10296,Optical_Module,Other,55.0,999.0,,
000000001834110042,88CH 8D Directionless circuit pack#10814,Unclassified,Other,999.0,999.0,,
000000001834110062,ROADM circuit pack OADM88-8D-ER  #12308,Optical_Module,Other,55.0,999.0,,
000000001834110063,ROADM circuit pack OADM88-8D-IR #12308,Optical_Module,Other,55.0,999.0,,
000000001834110064,ROADM circuit pack OADM88-8D-IR #12308,Optical_Module,Other,55.0,999.0,,
000000001834110066,ROADM circuit pack OADM88-8D-LR #12308,Optical_Module,Other,55.0,999.0,,
000000001834110067,RCMM Circuit Pack 88CH 8D #9318,Unclassified,Other,999.0,999.0,,
000000001834110068,ROADM Card based on WSS #7323,Unclassified,Other,999.0,999.0,,
000000001834110069,ROADM Card based on WSS #7483,Unclassified,Other,999.0,999.0,,
000000001834110091,pluggable switch without DCF #14587,Unclassified,Other,999.0,999.0,,
000000001834110092,pluggable switch with DCF #14587,Unclassified,Other,999.0,999.0,,
000000001834110094,Fan card for Nokia OCMLE #14587,Unclassified,Other,999.0,999.0,,
000000001834110104,OFP2 OCM for Coriant #14708,Unclassified,Other,999.0,999.0,,
000000001834110108,L band RAMAN blade ##14735,Unclassified,Other,999.0,999.0,,
000000001834110113,HW 120ch OCM #Z5067,Unclassified,Other,999.0,999.0,,
000000001834110116,RADMSAD8DLH3C92 8D-LR 88CH 1 Slot#14848,Unclassified,Other,999.0,999.0,,
000000001834110118,RADMADM4DIH3C61 4D 88CH IR #14849,Unclassified,Other,999.0,999.0,,
000000001834110129,FRU:Booster Amp Card MSFT DCI-Amp #14822,Unclassified,Other,999.0,999.0,,
000000001834110130,FRU: Pre-Amp (W/TODC) MSFT DCI-Amp#14822,Unclassified,Other,999.0,999.0,,
000000001834110131,FRU: Controller Card MSFT DCI-Amp#14822,Unclassified,Other,999.0,999.0,,
000000001834110132,FRU: Fan Unit MSFT DCI-Amp#14822,Unclassified,Other,999.0,999.0,,
000000001834110133,FRU: Power Unit MSFT DCI-Amp#14822,Unclassified,Other,999.0,999.0,,
000000001834110134,FRU: Chassis (with PCBA) DCI-Amp #14822,Unclassified,Other,999.0,999.0,,
000000001834110135,FRU: OCM Card MSFT DCI-Amp #14822,Unclassified,Other,999.0,999.0,,
000000001834110153,C-band 4ports flex OCM for NEC  #13104,Unclassified,Other,999.0,999.0,,
000000001834110164,FRU:DCI-Amp&MX/DMX kit for MSFT#14822,Accessories,Other_MultiFiber,85.0,15.0,,
000000001834110166,FRU: Chassis (with PCBA) DCI-Amp #14822,Unclassified,Other,999.0,999.0,,
000000001834110167,FRU:Booster Amp Card MSFT DCI-Amp #14822,Unclassified,Other,999.0,999.0,,
000000001834110168,FRU: Pre-Amp (W/TODC) MSFT DCI-Amp#14822,Unclassified,Other,999.0,999.0,,
000000001834110169,FRU: Controller Card MSFT DCI-Amp#14822,Unclassified,Other,999.0,999.0,,
000000001834110170,FRU: Fan Unit MSFT DCI-Amp#14822,Unclassified,Other,999.0,999.0,,
000000001834110171,FRU: Power Unit MSFT DCI-Amp#14822,Unclassified,Other,999.0,999.0,,
000000001834110172,FRU: OCM Card MSFT DCI-Amp #14822,Unclassified,Other,999.0,999.0,,
000000001834120010,Monitoring Module OMSSXMON11FUJ01 #12730,Unclassified,Other,999.0,999.0,,
000000001834120011,Monitoring Module OMSSXMON11FUJ03 #13618,Unclassified,Other,999.0,999.0,,
000000001834120039,PD Array for RLA 1x32 C+L band #14688,Unclassified,Other,999.0,999.0,,
000000001834120045,PD Array B for RLA 1x12 C+L band #14688,Unclassified,Other,999.0,999.0,,
000000001834120046,Optical Monitor Module 1460-1620 #Z5114,Unclassified,Other,999.0,999.0,,
000000001834120051,4-PIPD 4-2% tap 4x100m fiber 8-LC #Z5172,Unclassified,LC_Variants,999.0,32.0,,
000000001834120055,2-PIPD 2-2% tap 2x150m fiber 4-LC #Z5201,Unclassified,LC_Variants,999.0,32.0,,
000000001834120070,C FIU & C+L WDM Monitor Module #Z5233,Unclassified,Transceiver_Rating,999.0,50.0,,
000000001834120072,PD Array for RLA 32x1 C+L WSS1 #14688,Unclassified,Other,999.0,999.0,,
000000001834120074,PD Array for RLA 32x1 C+L WSS2  #14688,Unclassified,Other,999.0,999.0,,
000000001834120075,PD Array for RLA 32x1 AltMap WSS2 #14688,Unclassified,Other,999.0,999.0,,
000000001834120079,PD Array for RLA 32x1 AltMap WSS1 #14688,Unclassified,Other,999.0,999.0,,
000000001834120082,PD and C98 Laser Optical Module #Z5319,Unclassified,Other,999.0,999.0,,
000000001834120086,FIU  C+L WDM monitor module #Z5438,Unclassified,Transceiver_Rating,999.0,50.0,,
000000001834120087,XFIU C  WDM & C98 Hybrid Module #Z5439,Unclassified,Transceiver_Rating,999.0,50.0,,
000000001834120090,1460 to 1620 Power Monitor Module #Z5484,Unclassified,Other,999.0,999.0,,
000000001834120093,OMSS SCM 54 #T1557,Unclassified,Other_Connector_Types,999.0,40.0,,
000000001834120094,OMSS 1 SCM 80 #T1557,Unclassified,Other_Connector_Types,999.0,40.0,,
000000001834120098,PD Array B for RLA 1x12 C Pilot #14688,Unclassified,Other,999.0,999.0,,
000000001834120099,Service Channel Filter TC1 TC2 #15524,Unclassified,Other,999.0,999.0,,
000000001834120101,XFIU C  WDM & C122 Hybrid Module #Z5627,Unclassified,Transceiver_Rating,999.0,50.0,,
000000001834120103,OTDR for Nokia  1AB446550001 #15606,Unclassified,Other,999.0,999.0,,
000000001834120105,1383nm & 1650nm OTDR # 15608,Unclassified,Other,999.0,999.0,,
000000001834120109,4ch 99:1 Splitter & 20 PD Array #Z5718,Splitter_Cables,Other,18.0,999.0,,
000000001834120121,iCL1 PD Array for RLS WSS1 #15783,Unclassified,Other,999.0,999.0,,
000000001834120123,New 32RLS PD Array for RLS WSS3 #15783,Unclassified,Other,999.0,999.0,,
000000001834120124,New 32GLS PD Array for GLS WSS3 #15783,Unclassified,Other,999.0,999.0,,
000000001834120125,RLA 12x1 (Shorter Package) #15783,Unclassified,Other,999.0,999.0,,
000000001834120126,RLA/LRU 12x1 WSS-2 #15783,Unclassified,Other,999.0,999.0,,
000000001834120131,PIPD With 2x2 Coupler Spec#Z5816,Adapters,Other,30.0,999.0,,
000000001834120142,8ch 2% ITMA with I2C 900um 50cm #S0458,Unclassified,Other,999.0,999.0,,
000000001834120147,Benchtop type 1 OTDR #16045,Unclassified,Other,999.0,999.0,,
000000001834120148,Benchtop type 2 OTDR #16045,Unclassified,Other,999.0,999.0,,
000000001834120149,1625nm OTDR with DR 32dB #Z5671,Unclassified,Other,999.0,999.0,,
000000001834120150,CL PD Array 1x64 for WSS1 vendor #16072,Unclassified,Other,999.0,999.0,,
000000001834120152,Breakfix C-band OTDR LC-con,Unclassified,LC_Variants,999.0,32.0,,
000000001834120153,Breakfix L-band OTDR LC-con,Unclassified,LC_Variants,999.0,32.0,,
000000001834120155,Breakfix C-band OTDR SC-con,Unclassified,Other_Connector_Types,999.0,40.0,,
000000001834120156,Breakfix L-band OTDR SC-con,Unclassified,Other_Connector_Types,999.0,40.0,,
000000001834120157,8ch 2% UTMA with I2C input LC #16105,Unclassified,LC_Variants,999.0,32.0,,
000000001834120158,Breakfix O-band OTDR LC-con,Unclassified,LC_Variants,999.0,32.0,,
000000001834120159,Breakfix O-band OTDR SC-con,Unclassified,Other_Connector_Types,999.0,40.0,,
000000001834120161,CL PD Array 1x64 for WSS2 vendor #16072,Unclassified,Other,999.0,999.0,,
000000001834120163,Ribbon OTDR 36dB DR at 1610nm #16181,Unclassified,Other,999.0,999.0,,
000000001834120164,Internal OTDR DDR3 In house APD #Z6031,Unclassified,Other,999.0,999.0,,
000000001834120176,Infinera Line Card 1625nm OTDR #Z6065,Unclassified,Other,999.0,999.0,,
000000001834120178,"RLA32x1, 12-Fiber Ribbon For WSS4 #15783",Unclassified,Other,999.0,999.0,,
000000001834130001,Passive Raman Module ESAM old #10072,Unclassified,Other,999.0,999.0,,
000000001834130002,Passive Raman Module SRA-P #14512,Unclassified,Other,999.0,999.0,,
000000001834130003,Passive Raman Module SAM old #10072,Unclassified,Other,999.0,999.0,,
000000001834130004,E-BOX RAMAN MWDMSRA000CIE02 #10072,Unclassified,Other,999.0,999.0,,
000000001834140004,1+1 MINI SOP with filter Module #Z4865,Unclassified,Other,999.0,999.0,,
000000001834140008,OPS Module w MEMS VOA HS#851779 #8062,Unclassified,Other,999.0,999.0,,
000000001834140016,Optical Line Protect Module #Z3072,Unclassified,Other,999.0,999.0,,
000000001834140030,4-Ch 1+1 Protection Switch Module #7970,Unclassified,Other,999.0,999.0,,
000000001834140047,OFMS module OFMSD22M80DNI02 #T1520,Unclassified,Other,999.0,999.0,,
000000001834140059,Optical protection switch 5ch array,Unclassified,Other,999.0,999.0,,
000000001834140070,Pluggable Protection Switch Module#13691,Unclassified,Other,999.0,999.0,,
000000001834140120,Optical  and Synchronization Module#9080,Unclassified,Other,999.0,999.0,,
000000001834140122,COTU Assembly w/o switch #14431,Unclassified,Other,999.0,999.0,,
000000001834140124,COTU 1x4 MEMS Switch Assembly #14431,Unclassified,Other,999.0,999.0,,
000000001834140125,COTU 1x8 MEMS Switch Assembly #14431,Unclassified,Other,999.0,999.0,,
000000001834140127,COTU 1x16 MEMS Switch Assembly #14431,Unclassified,Other,999.0,999.0,,
000000001834140131,E-box MON32 #Z5039,Unclassified,Other,999.0,999.0,,
000000001834140155,1x48 SW with WDM 1RU Chassis #Z5101,Unclassified,Transceiver_Rating,999.0,50.0,,
000000001834140158,2ch OPS module #13166,Unclassified,Other,999.0,999.0,,
000000001834140161,1x64 UOFS module #14538,Unclassified,Other,999.0,999.0,,
000000001834140162,RLA-B module #14975,Unclassified,Other,999.0,999.0,,
000000001834140163,DLA-C module #14976,Unclassified,Other,999.0,999.0,,
000000001834140164,Dual OPS CPN 45070028 #Z5174,Unclassified,Other,999.0,999.0,,
000000001834140186,OTDR Module #Z5327,Unclassified,Other,999.0,999.0,,
000000001834140187,OPS module SBM100035 #15206,Unclassified,Other,999.0,999.0,,
000000001834140188,OPM 64 v2 #Z5325,Unclassified,Other,999.0,999.0,,
000000001834140189,1x144 MEMS switch chassis #15212,Unclassified,Other,999.0,999.0,,
000000001834140201,1830 OPSUM w TF array C band #15289,Unclassified,Other,999.0,999.0,,
000000001834140203,1x144 MEMS switch chassis #15212,Unclassified,Other,999.0,999.0,,
000000001834140211,1x64 Switch module #Z5441,Unclassified,Other,999.0,999.0,,
000000001834140214,POM TLM #15029,Unclassified,Other,999.0,999.0,,
000000001834140215,CDC 8D6 #15364,Unclassified,Other,999.0,999.0,,
000000001834140216,POM-SSM Module #15312,Unclassified,Other,999.0,999.0,,
000000001834140219,RLA C module #14580,Unclassified,Other,999.0,999.0,,
000000001834140220,RLA D module #14975,Unclassified,Other,999.0,999.0,,
000000001834140222,1x576 MEMS switch #15444,Unclassified,Other,999.0,999.0,,
000000001834140231,1x288 and 4ch MEMS switch chassis #15444,Unclassified,Other,999.0,999.0,,
000000001834140235,Dual OPS CPN 45070045 #Z5635,Unclassified,Other,999.0,999.0,,
000000001834140240,1x50 COTU MEMS Switch Module #15462,Unclassified,Other,999.0,999.0,,
000000001834140243,RLA D module #14975,Unclassified,Other,999.0,999.0,,
000000001834140244,RLA module source B MCU#14580,Unclassified,Other,999.0,999.0,,
000000001834140245,ELA module source B MCU #14580,Unclassified,Other,999.0,999.0,,
000000001834140246,DLA B with 4x1 configuration B #14580,Unclassified,Other,999.0,999.0,,
000000001834140247,RLA C module sourceB MCU#14580,Unclassified,Other,999.0,999.0,,
000000001834140252,DLA-C module(New MCU+1x8 DIR) #14976,Unclassified,Other,999.0,999.0,,
000000001834140253,DLA-C module(old MCU+1x8DIR) #14976,Unclassified,Other,999.0,999.0,,
000000001834140254,1x64 Switch module #Z5821,Unclassified,Other,999.0,999.0,,
000000001834140255,MEMS 1*8 SWITCH WITH LC #Z5817,Unclassified,LC_Variants,999.0,32.0,,
000000001834140265,DCI OLS-P 4chOPS for FUJ Config.2 #15919,Unclassified,Other,999.0,999.0,,
000000001834140274,1x52 COTU MEMS Switch Module #15462,Unclassified,Other,999.0,999.0,,
000000001834140283,TLM-B module #16276,Unclassified,Other,999.0,999.0,,
000000001834140284,TLM-B module #16276,Unclassified,Other,999.0,999.0,,
000000001834140285,1:3 Optical Protect Switch module #Z6113,Unclassified,Other,999.0,999.0,,
000000001834160006,OMSS 1x16 VC MUX Mod #13725,Optical_Module,Other,55.0,999.0,,
000000001834160007,OMSS  4x16 VC MUX Mod #13725,Optical_Module,Other,55.0,999.0,,
000000001834160020,OMSS 1x16 VC MUX Mod Hi PWR #13725,Optical_Module,Other,55.0,999.0,,
000000001834160021,OMSS  4x16 VC MUX Mod Hi PWR #13725,Optical_Module,Other,55.0,999.0,,
000000001834160028,16ch VOA&TAP PD array for GDL#Z5986,Unclassified,Other,999.0,999.0,,
000000001834170011,PCBA-Refer 1831000393 #Z5290,Unclassified,Other,999.0,999.0,,
000000001834170040,PCBA-FOR RD20 SYSTEM BOARD TI #Z5967,Unclassified,Other,999.0,999.0,,
000000001834170041,PCBA-FOR RD20 LED2 BOARD OF OC08 #Z5967,Unclassified,Other,999.0,999.0,,
000000001834170042,PCBA-FOR RD20 LED1 BOARD OF OC08 #Z5967,Unclassified,Other,999.0,999.0,,
000000001834170043,PCBA-FOR LATCH BOARD OF DD0P #Z5967,Unclassified,Other,999.0,999.0,,
000000001834170047,NA100025 PCBA-Bernoulli #Z5988,Unclassified,Other,999.0,999.0,,
000000001834170051,PCBA-FOR OC0D_RD32 LED BOARD #Z6061,Unclassified,Other,999.0,999.0,,
000000001834170052,PCBA-FOR LED BOARD OF ISAR66 #Z6065,Unclassified,Other,999.0,999.0,,
000000001834170053,PCBA-R FOR 3pump sub OF ISAR66 #Z6065,Unclassified,Other,999.0,999.0,,
000000001834170054,PCBA-R FOR 8pump sub OF ISAR66 #Z6065,Unclassified,Other,999.0,999.0,,
000000001834170055,PCBA-R FOR 3pump sub OF ISAR66 TM #Z6106,Unclassified,Other,999.0,999.0,,
000000001834170056,PCBA-R FOR 8pump sub OF ISAR66 TM #Z6106,Unclassified,Other,999.0,999.0,,
000000001834180026,100G Single Channel OADM C10 #9968,Optical_Module,Other,55.0,999.0,,
000000001834180032,FILTER 100G OADMG1C220ZAB01 #Z4745,Unclassified,Other,999.0,999.0,,
000000001834180072,DMX SCF 100GHz 1528.77 #8284,Unclassified,Other_MultiFiber,999.0,15.0,,
000000001834180073,100G Single Channel OADM C63 #9968,Optical_Module,Other,55.0,999.0,,
000000001834180252,MDL-100GL/V10/1568.36nm H11 #Z5171,Unclassified,Other,999.0,999.0,,
000000001834180273,2-Port Filter C Band #15397,Unclassified,Other,999.0,999.0,,
000000001834180277,100G 3-PORT OADM C35 FC/PC #S0038,Optical_Module,Other_Connector_Types,55.0,40.0,,
000000001834180284,100G OADM C34 0.5M LC/APC #S0038,Optical_Module,LC_Variants,55.0,30.0,,
000000001834180285,100G CV Filter C Band #15863,Unclassified,Other,999.0,999.0,,
000000001834180287,OADMG1C33000112 100G C33 w FC/PC #S0038,Unclassified,Other_Connector_Types,999.0,40.0,,
000000001834180288,100G WDM component 191.175GHz #Z5827,Unclassified,Transceiver_Rating,999.0,50.0,,
000000001834180289,100G WDM component 191.175GHz #Z5827,Unclassified,Transceiver_Rating,999.0,50.0,,
000000001834180292,MDL-100GL/V10/C11 1568.77nm #Z5827,Unclassified,Other,999.0,999.0,,
000000001834180293,MDL-100GL/V10/C11 1568.77nm 17.5dB#Z5827,Unclassified,Other,999.0,999.0,,
000000001834180294,MDL-BPF100G/V40 CWL1528.59nm #Z5967,Unclassified,Other,999.0,999.0,,
000000001834180295,MDL-100GL/V10/1568.36nm H11 #Z5968,Unclassified,Other,999.0,999.0,,
000000001834180298,MDL-BPF1257/V01 BWDM device #Z6061,Unclassified,Other,999.0,999.0,,
000000001834180299,MDL-100GL/V10/1567.54 H12 #Z6075,Unclassified,Other,999.0,999.0,,
000000001834180300,MDL-100GL/V10/1570.42 C09 #Z6075,Unclassified,Other,999.0,999.0,,
000000001834180301,MDL-BPF100GL/V42 1615.261nm DWDM #Z6065,Unclassified,Other,999.0,999.0,,
000000001834190012,200G Single Channel OADM C10 #9968,Optical_Module,Other,55.0,999.0,,
000000001834190013,200G Single Channel OADM C63#9968,Optical_Module,Other,55.0,999.0,,
000000001834200001,MINI WDM #Z5002,Unclassified,Transceiver_Rating,999.0,50.0,,
000000001834200014,BWDM Pass Band 1410-1473nm#Z4691,Unclassified,Other,999.0,999.0,,
000000001834200015,BWDM Pass Band 1447-1467nm #Z4691,Unclassified,Other,999.0,999.0,,
000000001834200017,BWDM component 1590 nm Pass #12049,Unclassified,Other,999.0,999.0,,
000000001834200018,2-Port 1650nm BWDM High ISO #14494,Unclassified,Other,999.0,999.0,,
000000001834200019,BWDM component C Band Pass #12046,Unclassified,Other,999.0,999.0,,
000000001834200020,BWDM component 1510nm Pass #12048,Unclassified,Other,999.0,999.0,,
000000001834200023,Mini OSC/C-Band/OTDR WDM #13673,Unclassified,Transceiver_Rating,999.0,50.0,,
000000001834200024,Mini OSC/C-Band/OTDR WDM #13673,Unclassified,Transceiver_Rating,999.0,50.0,,
000000001834200031,100G 4 Skip 1 OADM DEMUX #6438,Optical_Module,Other,55.0,999.0,,
000000001834200032,100G 4 Skip 1 OADM DEMUX #6438,Optical_Module,Other,55.0,999.0,,
000000001834200033,100G 4 Skip 1 OADM DEMUX #6438,Optical_Module,Other,55.0,999.0,,
000000001834200034,100G 4 Skip 1 OADM DEMUX #6438,Optical_Module,Other,55.0,999.0,,
000000001834200035,100G 4 Skip 1 OADM MUX #6438,Optical_Module,Other,55.0,999.0,,
000000001834200036,100G 4 Skip 1 OADM MUX #6438,Optical_Module,Other,55.0,999.0,,
000000001834200037,100G 4-Skip-1 OADM MUX#6438,Optical_Module,Other,55.0,999.0,,
000000001834200038,100G 4 Skip 1 OADM Mux #6438,Optical_Module,Other,55.0,999.0,,
000000001834200082,850/ 1310nm Filter WDM Device #T0357,Unclassified,Transceiver_Rating,999.0,50.0,,
000000001834200084,FILTER MWDMG13CS0ZAB01G #Z3597,Unclassified,Other,999.0,999.0,,
000000001834200086,MWDM single device #9393,Unclassified,Other,999.0,999.0,,
000000001834200088,1490/1550 WDM component #9590,Unclassified,Transceiver_Rating,999.0,50.0,,
000000001834200090,S-Band Pump Combiner #9764,Unclassified,Other,999.0,999.0,,
000000001834200092,Pump / Signal Combiner #12077,Unclassified,Other,999.0,999.0,,
000000001834200106,2-Port L Band Filter #14337,Unclassified,Other,999.0,999.0,,
000000001834200108,1x1 Micro-Optic WDM#9649,Unclassified,Transceiver_Rating,999.0,50.0,,
000000001834200109,1640-1680 / 1260-1618nm LPF WDM #9881,Unclassified,Transceiver_Rating,999.0,50.0,,
000000001834200110,1600-1670/1290-1580nm WDM #13011,Unclassified,Transceiver_Rating,999.0,50.0,,
000000001834200114,Micro-optical WDM #8034,Unclassified,Transceiver_Rating,999.0,50.0,,
000000001834200134,FILTER MWDMGCSU0002219 #S0032,Unclassified,Other,999.0,999.0,,
000000001834200136,FILTER MWDMGCSU00ZEV01G #Z4521,Unclassified,Other,999.0,999.0,,
000000001834200145,OSC / C Band WDM Multiplexer #9430,Unclassified,Transceiver_Rating,999.0,50.0,,
000000001834200146,1510nm OSC / C-band Splitter #7182,Splitter_Cables,Other,18.0,999.0,,
000000001834200156,100G 4 Skip 1 OADM MUX #6438,Optical_Module,Other,55.0,999.0,,
000000001834200157,100G 4 Skip 1 OADM DEMUX #6438,Optical_Module,Other,55.0,999.0,,
000000001834200158,Green 1x1 1449nm Filter Component #9250,Unclassified,Other,999.0,999.0,,
000000001834200177,MWDMGLS111NEC05G #6541,Unclassified,Other,999.0,999.0,,
000000001834200178,100G 4 Skip 1 OADM Mux #6438,Optical_Module,Other,55.0,999.0,,
000000001834200179,100G 4 Skip 1 OADM Demux #6438,Optical_Module,Other,55.0,999.0,,
000000001834200330,2-Port OTDR Filter LPF1619/1607nm #14738,Unclassified,Other,999.0,999.0,,
000000001834200342,BS 19CH 100G 17-32 DMX #14777,Unclassified,Other_MultiFiber,999.0,15.0,,
000000001834200343,BS 19CH 100G 17-32 MUX #14777,Optical_Module,Other,55.0,999.0,,
000000001834200345,1527-1597/1503-1517nm #14789,Unclassified,Other,999.0,999.0,,
000000001834200353,2-Port OTDR Filter 1625nm #14836,Unclassified,Other,999.0,999.0,,
000000001834200354,2-Port OTDR Filter 1610nm #14836,Unclassified,Other,999.0,999.0,,
000000001834200375,LPF P 1595-1645nm R 1260-1591nm #Z5164,Unclassified,Other,999.0,999.0,,
000000001834200380,C-Band Filter SPF 1567/1571/V03 #Z5171,Unclassified,Other,999.0,999.0,,
000000001834200381,Filter BPF1571/1611/V03 #Z5171,Unclassified,Other,999.0,999.0,,
000000001834200383,Filter LPF1619/1612/V01 #Z5171,Unclassified,Other,999.0,999.0,,
000000001834200393,1510 BPF Device MWDMGCSU0001111 #S0032,Unclassified,Other,999.0,999.0,,
000000001834200394,100G 4 Skip 1 OADM  DEMUX #6438,Optical_Module,Other,55.0,999.0,,
000000001834200395,100G 4 Skip 1 OADM MUX #6438,Optical_Module,Other,55.0,999.0,,
000000001834200403,Raman Pump and Signal WDM #13094,Unclassified,Transceiver_Rating,999.0,50.0,,
000000001834200412,OSC/C-Band/OTDR WDM #13673,Unclassified,Transceiver_Rating,999.0,50.0,,
000000001834200414,OSC/C-Band/OTDR WDM 55dB LC #13673,Unclassified,LC_Variants,999.0,32.0,,
000000001834200415,OSC/C-Band/OTDR WDM LC #13673,Unclassified,LC_Variants,999.0,32.0,,
000000001834200418,1460nm MWDM pass 1460+/-2.5nm #9973,Unclassified,Other,999.0,999.0,,
000000001834200424,MWDM component #Z5342,Unclassified,Other,999.0,999.0,,
000000001834200426,BWDM component #Z5344,Unclassified,Other,999.0,999.0,,
000000001834200427,MWDM Component #Z5345,Unclassified,Other,999.0,999.0,,
000000001834200429,14xx Pump Combiner 1470/1490 #15279,Unclassified,Other,999.0,999.0,,
000000001834200432,1528-1610/1440-1493nm WDM #14789,Unclassified,Transceiver_Rating,999.0,50.0,,
000000001834200452,Micro-optical WDM  #8115,Unclassified,Transceiver_Rating,999.0,50.0,,
000000001834200456,C Band WDM #15760,Unclassified,Transceiver_Rating,999.0,50.0,,
000000001834200460,C/L WDM #15897,Unclassified,Transceiver_Rating,999.0,50.0,,
000000001834200463,OTDR BPF 1515.32-1521.32nm #Z5827,Unclassified,Other,999.0,999.0,,
000000001834200464,C-OSC Signal BPF 1510.29nm #Z5827,Unclassified,Other,999.0,999.0,,
000000001834200465,C-OSC ASE BPF 1505.36nm #Z5827,Unclassified,Other,999.0,999.0,,
000000001834200467,WDM filter component (WDM4) #Z5827,Unclassified,Transceiver_Rating,999.0,50.0,,
000000001834200469,C-OSC SPF 1500-1512.29nm #Z5827,Unclassified,Other,999.0,999.0,,
000000001834200470,C-OSC&OTDR SPF 1500-1521.32nm #Z5827,Unclassified,Other,999.0,999.0,,
000000001834200478,MWDM SPF Pass 1410-1450nm Z5940,Unclassified,Other,999.0,999.0,,
000000001834200480,C Band Pass WDM High RIS LC/UPC #Z5851,Unclassified,LC_Variants,999.0,30.0,,
000000001834200493,BWDM Pass 1630-1645nm #Z5935,Unclassified,Other,999.0,999.0,,
000000001834200495,BWDM Pass 1524-1627nm #Z5937,Unclassified,Other,999.0,999.0,,
000000001834200496,BWDM Pass 1300-1320 & 1505-1660nm #Z5939,Unclassified,Other,999.0,999.0,,
000000001834200497,MWDM L-BAND FOR APOD #6541,Unclassified,Other,999.0,999.0,,
000000001834200498,MDL-BPF1528/1568/V01 R-IS>12dB #Z5967,Unclassified,Other,999.0,999.0,,
000000001834200499,MDL-BPF1528/1568/V01 R-IS>15dB #Z5967,Unclassified,Other,999.0,999.0,,
000000001834200500,980 pump power absorber #Z5967,Unclassified,Other,999.0,999.0,,
000000001834200502,MDL-BPF1505/1519/V02 BWDM #Z5967,Unclassified,Other,999.0,999.0,,
000000001834200506,Filter LPF1619/1612/V01 #Z5968,Unclassified,Other,999.0,999.0,,
000000001834200507,C-Band Filter SPF 1567/1571/V03 #Z5968,Unclassified,Other,999.0,999.0,,
000000001834200508,Filter BPF1571/1611/V03 #Z5968,Unclassified,Other,999.0,999.0,,
000000001834200509,C/L WDM w LC/UPC #Z5999,Unclassified,LC_Variants,999.0,30.0,,
000000001834200510,1600-1670/1290-1590nm WDM #16164,Unclassified,Transceiver_Rating,999.0,50.0,,
000000001834200511,MDL-LPF1528/1523/V05 ULTRA APOD #Z6042,Unclassified,Other,999.0,999.0,,
000000001834200512,MDL-BPF1524/1573/V13 Dual #Z6061,Unclassified,Other,999.0,999.0,,
000000001834200513,MDL-BPF1524/1573/V13 WDM component#Z6061,Unclassified,Transceiver_Rating,999.0,50.0,,
000000001834200514,MDL-BPF1182/V02 1570.50NM APOD #Z6075,Unclassified,Other,999.0,999.0,,
000000001834200515,MDL-BPF1182/V02 1567.46NM APOD #Z6075,Unclassified,Other,999.0,999.0,,
000000001834200516,1431nm WDM #9550,Unclassified,Transceiver_Rating,999.0,50.0,,
000000001834200517,Green C/L Band Splitter #6521,Splitter_Cables,Other,18.0,999.0,,
000000001834200518,MDL-BPFCWDM/V19 BWDM component #Z6089,Unclassified,Other,999.0,999.0,,
000000001834200519,MDL-SPF1471/1480/V02 MWDM #Z6089,Unclassified,Other,999.0,999.0,,
000000001834200520,MDL-BPF1524/1573/V13 BWDM #Z6089,Unclassified,Other,999.0,999.0,,
000000001834200521,MDL-LPF1514/1511/V01 MWDM #Z6089,Unclassified,Other,999.0,999.0,,
000000001834200522,MDL-BPF1485/1499/V02 BWDM #Z6089,Unclassified,Other,999.0,999.0,,
000000001834200523,MDL-BPF1514/1518/V01 BWDM #Z6089,Unclassified,Other,999.0,999.0,,
000000001834200524,MDL-SPF1511/1514/V01 MWDM #Z6089,Unclassified,Other,999.0,999.0,,
000000001834200525,MDL-BPF1417/1479/1504/1511/V01 #Z6089,Unclassified,Other,999.0,999.0,,
000000001834200526,MDL-BPF1575/1628/V02 BWDM #Z6089,Unclassified,Other,999.0,999.0,,
000000001834200527,MDL-LPF1472/1460/V01 MWDM #Z6089,Unclassified,Other,999.0,999.0,,
000000001834220007,FILTER CWDM CWDMG14501CIE01G #12512,Unclassified,Other,999.0,999.0,,
000000001834220008,FILTER CWDM CWDMG14701CIE01G #12512,Unclassified,Other,999.0,999.0,,
000000001834220011,CWDM Component 1491nm 1460-1620nm #S0007,Unclassified,Other,999.0,999.0,,
000000001834220019,CWDM Component 1511nm 1460-1620nm #S0007,Unclassified,Other,999.0,999.0,,
000000001834220021,FILTER CWDM CWDMG1530000111 #S0007,Unclassified,Other,999.0,999.0,,
000000001834220023,CWDM Component 1531nm 1460-1620nm #S0007,Unclassified,Other,999.0,999.0,,
000000001834220027,FILTER CWDM CWDMG1570000111 #S0007,Unclassified,Other,999.0,999.0,,
000000001834220031,CWDM Component 1571nm 1460-1620nm #S0007,Unclassified,Other,999.0,999.0,,
000000001834220036,CWDM Component 1591nm 1460-1620nm #S0007,Unclassified,Other,999.0,999.0,,
000000001834220038,CWDM Component 1611nm 1460-1620nm #S0007,Unclassified,Other,999.0,999.0,,
000000001834220039,CWDM Component 1611nm #S0007,Unclassified,Other,999.0,999.0,,
000000001834220041,FILTER CWDM OADM1471SPZAB06 #Z2758,Optical_Module,Other,55.0,999.0,,
000000001834220042,FILTER CWDM OADM1491SPZAB06 #Z2758,Optical_Module,Other,55.0,999.0,,
000000001834220043,FILTER CWDM OADM1511SPZAB06 #Z2758,Optical_Module,Other,55.0,999.0,,
000000001834220045,FILTER CWDM OADM1551SPZAB06 #Z2758,Optical_Module,Other,55.0,999.0,,
000000001834220046,FILTER CWDM OADM1571SPZAB06 #Z2758,Optical_Module,Other,55.0,999.0,,
000000001834220047,FILTER CWDM OADM1591SPZAB06 #Z2758,Optical_Module,Other,55.0,999.0,,
000000001834220077,CWDM 1510nm #14516,Unclassified,Other,999.0,999.0,,
000000001834220115,CWDM Component 1551nm 1460-1620nm#S0007,Unclassified,Other,999.0,999.0,,
000000001834220143,CWDM Component 1311nm 1260-1620nm #S0007,Unclassified,Other,999.0,999.0,,
000000001834220144,CWDM Component 1591nm LC/APC #S0007,Unclassified,LC_Variants,999.0,30.0,,
000000001834220148,MDL-BPFcwdm/V13/1511.5 CWDM #Z6089,Unclassified,Other,999.0,999.0,,
000000001834230038,GFFM155000ADV02G 1528-1563nm #13794,Unclassified,Other,999.0,999.0,,
000000001834230039,GFFM155000ADV03G 1528-1563nm #13797,Unclassified,Other,999.0,999.0,,
000000001834230047,GFFMG1550AMOV05G 1528-1563nm #7287,Unclassified,Other,999.0,999.0,,
000000001834230052,Gain Flattening Filter+WDM #12644,Unclassified,Transceiver_Rating,999.0,50.0,,
000000001834230091,GFF 0182 #14781,Unclassified,Other,999.0,999.0,,
000000001834230097,GFF Component High Gain #15049,Unclassified,Other,999.0,999.0,,
000000001834230098,GFF Component Low Gain #15053,Unclassified,Other,999.0,999.0,,
000000001834230106,GFF component 5033466001 #15096,Unclassified,Other,999.0,999.0,,
000000001834230107,GFF component 5039179001 #15096,Unclassified,Other,999.0,999.0,,
000000001834230112,C Band GFF 1529-1564nm #15197,Unclassified,Other,999.0,999.0,,
000000001834230137,Gain Flattening Filter #16326,Unclassified,Other,999.0,999.0,,
000000001834230138,C Band Gain Flattening Filter #16355,Unclassified,Other,999.0,999.0,,
000000001834240001,Mini Filter Combiner Pump1460/1490#14293,Unclassified,Other,999.0,999.0,,
000000001834240002,Mini Filter Device #14296,Unclassified,Other,999.0,999.0,,
000000001834240003,Mini Filter Device Combiner Pump #14291,Unclassified,Other,999.0,999.0,,
000000001834240004,Mini Filter Device #14295,Unclassified,Other,999.0,999.0,,
000000001834240008,EC+L+OTDR Band Pass Filter MINI #14671,Unclassified,Other,999.0,999.0,,
000000001834240013,Mini BWDM 1504.5-1572.5nm #Z5166,Unclassified,Other,999.0,999.0,,
000000001834240015,Mini ODTR Filter #15019,Unclassified,Other,999.0,999.0,,
000000001834240016,MINI OSC+EC+EL+OTDR Filter Device #14483,Unclassified,Other,999.0,999.0,,
000000001834240020,MINI Pump Combiner Raman Reflect #15656,Unclassified,Other,999.0,999.0,,
000000001834240021,MINI Pump Combiner WDM Raman Pass #15655,Unclassified,Transceiver_Rating,999.0,50.0,,
000000001834240032,MINI WDM OSC+ALS+EC+L+OTDR Pass #14295,Unclassified,Transceiver_Rating,999.0,50.0,,
000000001834240040,Mini Pump Combiner WDM #14291,Unclassified,Transceiver_Rating,999.0,50.0,,
000000001834240041,980 pump power absorber #Z5968,Unclassified,Other,999.0,999.0,,
000000001834240042,Mini ODTR Filter ZBL AGT #Z6031,Unclassified,Other,999.0,999.0,,
000000001834240044,MDL-BPF1528/1568/V07 AGT BWDM6 #Z6065,Unclassified,Other,999.0,999.0,,
000000001834240045,MDL-LPF1623/1619/V02 AGT MWDM7 #Z6065,Unclassified,Other,999.0,999.0,,
000000001834240046,MDL-BPF1528/1568/V07 AGT BWDM4 #Z6065,Unclassified,Other,999.0,999.0,,
000000001834240047,MDL-BPF1528/1568/V07 AGT BWDM5 #Z6065,Unclassified,Other,999.0,999.0,,
000000001834240048,MDL-BPF1570/1612/V03 AGT BWDM1 #Z6065,Unclassified,Other,999.0,999.0,,
000000001834240049,MDL-BPF1570/1612/V03 AGT BWDM2 #Z6065,Unclassified,Other,999.0,999.0,,
000000001834240050,MDL-BPF1570/1612/V03 AGT BWDM3 #Z6065,Unclassified,Other,999.0,999.0,,
000000001834240051,C+L / Raman WDM #Z6088,Unclassified,Transceiver_Rating,999.0,50.0,,
000000001834240052,MDL-LPF1484/1479/V01 MWDM #Z6089,Unclassified,Other,999.0,999.0,,
000000001834240053,MDL-LPF1514/1510/V02 Mini HPHT WDM#Z6089,Unclassified,Transceiver_Rating,999.0,50.0,,
000000001834240054,MDL-LPF1435/1430/V01 Mini HPHT WDM#Z6089,Unclassified,Transceiver_Rating,999.0,50.0,,
000000001834260004,C band Folded isolator #Z5975,Unclassified,Other,999.0,999.0,,
000000001834360004,3-axis PZM Module #15984,Unclassified,Other,999.0,999.0,,
000000001834380005,FUSED NX2 SWFC SWFC1101P005111 #S0160,Unclassified,Other,999.0,999.0,,
000000001834380012,SWFC 1x2 1/99 C Band D3X35 #6217,Unclassified,Other,999.0,999.0,,
000000001834380013,SWFC 1x2 1.5% C Band D3x35 #7935,Unclassified,Other,999.0,999.0,,
000000001834380018,FUSED NX2 SWFC SWFC5103P005111 #S0160,Unclassified,Other,999.0,999.0,,
000000001834380024,SWFC 1x2 5/95 C Band D3x35 #6217,Unclassified,Other,999.0,999.0,,
000000001834380026,Mini SWFC C-Band 2x2 1/99 P-Grade #S0160,Unclassified,Other,999.0,999.0,,
000000001834380030,SM 1650nm 2/98 Fused Couplers #14045,Adapters,Other,30.0,999.0,,
000000001834380039,FUSED NX2 SWFC SWFC1105P002219 #S0070,Unclassified,Other,999.0,999.0,,
000000001834380044,FUSED NX2 SWFC SWFC3105P0011H1 #S0070,Unclassified,Other,999.0,999.0,,
000000001834380046,SWFC 1x2 1/99 1420-1530 #Z2254,Unclassified,Other,999.0,999.0,,
000000001834380048,SWFC 2x2 S Band 1/99 #12917,Unclassified,Other,999.0,999.0,,
000000001834380060,SWFC 1x2 1/99 1510-1590 D3x47 #Z2234,Unclassified,Other,999.0,999.0,,
000000001834380072,SWFC 1X2 3/97 1500-1640  F3X60 #Z2539,Unclassified,Other,999.0,999.0,,
000000001834380077,SWFC 1x2 3/97 1510-1590 D3x47 #Z2235,Unclassified,Other,999.0,999.0,,
000000001834380078,C Band Fused Coupler 1x2 5/95 #14112,Adapters,Other,30.0,999.0,,
000000001834380080,SWFC 1X2 5/95 1520-1602nm F3X47 #2873,Unclassified,Other,999.0,999.0,,
000000001834380088,Fused Coupler C Band 1x2 5/95 #4005,Adapters,Other,30.0,999.0,,
000000001834380089,SWFC 1x2 5/95 wLT & LC #Z3139,Unclassified,LC_Variants,999.0,32.0,,
000000001834380094,SWFC 1500-1640nm 1x2 50/50 3x47mm #Z2598,Unclassified,Other,999.0,999.0,,
000000001834380108,FUSED NX2 SWFC SWFC6101P0NEC03G #9475,Unclassified,Other,999.0,999.0,,
000000001834380109,FUSED NX2 SWFC SWFC6103P0NEC01G #7690,Unclassified,Other,999.0,999.0,,
000000001834380112,SWFC 980NM 1X2 40/60 F3X35 #7537,Unclassified,Other,999.0,999.0,,
000000001834380118,SWFC 1x2 40/60 973-977nm D3x47 #Z3114,Unclassified,Other,999.0,999.0,,
000000001834380125,SWFC 2x2 50/50 965-985 D3X47 #Z2206,Unclassified,Other,999.0,999.0,,
000000001834380126,SWFC 980nm 2X2 50/50 F3X47 #S0070,Unclassified,Other,999.0,999.0,,
000000001834380144,SWFC 1x2 20/80 C Band D3x35 #S0160,Unclassified,Other,999.0,999.0,,
000000001834380148,SWFC 1x2 30/70 C band D3x35 #S0160,Unclassified,Other,999.0,999.0,,
000000001834380161,Mini SWFC C-BAND 1X2 50/50 #S0160,Unclassified,Other,999.0,999.0,,
000000001834380183,FUSED NX2 SWFC SWFC1150P002219 #S0070,Unclassified,Other,999.0,999.0,,
000000001834380198,FUSED NX2 SWFC SWFC3250P0011H1 #S0070,Unclassified,Other,999.0,999.0,,
000000001834380217,SWFC 1x2 10% 1500-1640 w LT&LC #Z2204,Unclassified,LC_Variants,999.0,32.0,,
000000001834380244,SWFC 1X2 30% F3.0x47 # 8339,Unclassified,Other,999.0,999.0,,
000000001834380246,FUSED SWFC SWFC5130P0NEC21G #13403,Unclassified,Other,999.0,999.0,,
000000001834380247,SWFC 1X2 30/70 1525-1565 F3X47 #4001,Unclassified,Other,999.0,999.0,,
000000001834380252,SWFC-Hi-Rel 1X2 35/65 1525-1565nm  #6495,Unclassified,Other,999.0,999.0,,
000000001834380277,FUSED NX2 SWFC SWFC5150P0NEC09G #12587,Unclassified,Other,999.0,999.0,,
000000001834380279,SWFC C Band 1x2 50% No Connector #13403,Unclassified,Other,999.0,999.0,,
000000001834380282,SWFC 1X2 50/50 1525-1568nm F3X47 #6011,Unclassified,Other,999.0,999.0,,
000000001834380304,FUSED NX2 SWFC SWFC5250P0ZAB02 #Z4067,Unclassified,Other,999.0,999.0,,
000000001834380305,FUSED NX2 SWFC SWFC6113P0NEC01G #7690,Unclassified,Other,999.0,999.0,,
000000001834380309,FUSED SWFC SWFC6130P0NEC21G #13403,Unclassified,Other,999.0,999.0,,
000000001834380315,FUSED SWFC SWFC6145P0NEC21G #13403,Unclassified,Other,999.0,999.0,,
000000001834380319,FUSED NX2 SWFC SWFC6150P0NEC21G #13403,Unclassified,Other,999.0,999.0,,
000000001834380320,FUSED NX2 SWFC SWFC6150P0NEC22G #13530,Unclassified,Other,999.0,999.0,,
000000001834380321,FUSED NX2 SWFC SWFC6150P0NEC31G #14072,Unclassified,Other,999.0,999.0,,
000000001834380457,UWFC C Band 1x2 50% 3.0X(L)60 LC #14670,Unclassified,LC_Variants,999.0,32.0,,
000000001834380464,SWFC 1X2 50% 1527-1612 3.0X35 #14513,Unclassified,Other,999.0,999.0,,
000000001834380466,SWFC 1x2 980 50/50 D3x35 FPC FB #Z5102,Unclassified,Other_Connector_Types,999.0,40.0,,
000000001834380482,SWFC 1x2 5/95 1650nm #14977,Unclassified,Other,999.0,999.0,,
000000001834380485,Mini Fused Tap 50% w LC Ferrule #14513,Unclassified,LC_Variants,999.0,32.0,,
000000001834380489,SWFC C+L 25/75 w LT & LC #Z5186,Unclassified,LC_Variants,999.0,32.0,,
000000001834380491,SWFC9130P001711 Fused Tap 980 30% #S0070,Unclassified,Other,999.0,999.0,,
000000001834380493,SWFC-Mini 1X2 2/98 1530-1565 F3X35#S0160,Unclassified,Other,999.0,999.0,,
000000001834380496,SWFC-Mini 2X2 5/95 1530-1565nm #S0160,Unclassified,Other,999.0,999.0,,
000000001834380508,MINI C Band Fused Tap 1x2 10/90 #S0160,Unclassified,Other,999.0,999.0,,
000000001834380543,Mini SWFC C+L Band 1x2 50/50 #S0160,Unclassified,Other,999.0,999.0,,
000000001834380560,Coupler 1550NM 1X2 50/50 P-GRADE #S0070,Adapters,Other,30.0,999.0,,
000000001834380571,DWFC 1310/1550nm 1x2 30/70 3.0x60 #9469,Unclassified,Other,999.0,999.0,,
000000001834380578,SWFC C Band 1x2 50/50 w LC #15290,Unclassified,LC_Variants,999.0,32.0,,
000000001834380579,SWFC C Band 1x2 40/60 w LC #15290,Unclassified,LC_Variants,999.0,32.0,,
000000001834380580,C Band SWFC 2x2 10/90 w LC #15291,Unclassified,LC_Variants,999.0,32.0,,
000000001834380581,SWFC C Band 1x2 10/90 w LC #15290,Unclassified,LC_Variants,999.0,32.0,,
000000001834380582,SWFC 2X2 1/99 1528-1605 #Z3021,Unclassified,Other,999.0,999.0,,
000000001834380587,SWFC 980 1x2 30/70 D3x35 FPC FB #Z5491,Unclassified,Other_Connector_Types,999.0,40.0,,
000000001834380589,SWFC C Band 1x2 10/90 P2 Package #S0070,Unclassified,Other,999.0,999.0,,
000000001834380591,SWFC 980 1x2 50/50 D2.7x25 980-20 #Z5565,Unclassified,Other,999.0,999.0,,
000000001834380593,Mini SWFC 980nm 1x2 40/60 3.0X35 #Z5597,Unclassified,Other,999.0,999.0,,
000000001834380594,Mini SWFC 1X2 1/99 L-band 3.0x35 #Z5598,Unclassified,Other,999.0,999.0,,
000000001834380595,SWFC C+L BAND  FUSED 1x2 1% #S0070,Unclassified,Other,999.0,999.0,,
000000001834380601,SWFC C Band 1x2 20/80 LC/SPC #13530,Unclassified,LC_Variants,999.0,30.0,,
000000001834380612,SWFC 1x2 1% 1523-1640 w LT&LC #Z5709,Unclassified,LC_Variants,999.0,32.0,,
000000001834380619,LPTC C Band 1x2 10/90 P2 PKG w LC #S0093,Unclassified,LC_Variants,999.0,32.0,,
000000001834380621,Ultra mini 1X2 1% C band Coupler #15930,Adapters,Other,30.0,999.0,,
000000001834380628,MINI 980nm TAP 30/70 Fasten FB #16085,Unclassified,Other,999.0,999.0,,
000000001834380630,SWFC 1X2 50% C band D3.0X40 #Z6033,Unclassified,Other,999.0,999.0,,
000000001834380631,SWFC 2X2 50% 980nm D3.0X40 #Z6034,Unclassified,Other,999.0,999.0,,
000000001834380632,SWFC 2X2 1/99 C band D3.0X40 #Z6035,Unclassified,Other,999.0,999.0,,
000000001834380633,SWFC C band 1X2CPL12-C6F1-C110-00 #7690,Unclassified,Other,999.0,999.0,,
000000001834400006,1X2 0.6/99.4 COUPLER 1005-1072 #T0003,Adapters,Other,30.0,999.0,,
000000001834400008,DWFC 1x2 2/98 1310&C+L Band D3x47 #12979,Unclassified,Other,999.0,999.0,,
000000001834400011,SM Coupler 3/97 P Grade ACTERNA #T0265,Adapters,Other,30.0,999.0,,
000000001834400019,DWFC 1X2 5/95 1270-1350&1460-1620 #5035,Unclassified,Other,999.0,999.0,,
000000001834400020,DWFC 13/15 1x2 5/95 HS#851762 #5035,Unclassified,Other,999.0,999.0,,
000000001834400024,DWFC 1x2 50/50 1310/1550nm D3x47 #14016,Unclassified,Other,999.0,999.0,,
000000001834400027,2x2 5/95 Coupler #10821,Adapters,Other,30.0,999.0,,
000000001834400032,DWFC 1310/1550 1x2 50/50 D3.0x50 #10568,Unclassified,Other,999.0,999.0,,
000000001834400063,1310/1550 DWFC 1x2 50/50  F3x47mm #9156,Unclassified,Other,999.0,999.0,,
000000001834400064,1310/1550 DWFC 1x2 50/50 F3x47mm #9156,Unclassified,Other,999.0,999.0,,
000000001834400066,1x2 50/50 Tap Splitter 1310/1550nm#12886,Splitter_Cables,Other,18.0,999.0,,
000000001834400068,FUSED NX2 DWFC DWFC0150P0NEC03G #7571,Unclassified,Other,999.0,999.0,,
000000001834400072,DWFC 1X2 50/50 1270-1350&1510-1590#Z2370,Unclassified,Other,999.0,999.0,,
000000001834400074,FUSED NX2 DWFC DWFC0210P002214 #S0011,Unclassified,Other,999.0,999.0,,
000000001834400075,DWFC 1310/1550 2*2 10/90 D3.0x60#Z4041,Unclassified,Other,999.0,999.0,,
000000001834400077,DWFC 2x2 20/80 1310&C+L+U D3x47 #13736,Unclassified,Other,999.0,999.0,,
000000001834400083,FUSED NX2 DWFC DWFC0250P002214 #S0011,Unclassified,Other,999.0,999.0,,
000000001834400085,Singel Mode Fused Coupler #T0428,Adapters,Other,30.0,999.0,,
000000001834400136,SWFC 1500-1640 1x2 1/99 D3x35 #Z5340,Unclassified,Other,999.0,999.0,,
000000001834400138,DWFC 1x2 5/95 w/LC #13405,Unclassified,LC_Variants,999.0,32.0,,
000000001834400140,1310/1550 DWFC 1x2 50/50 D3X40 #10568,Unclassified,Other,999.0,999.0,,
000000001834410049,FUSED UWFC UWFC5110P00112B #S0173,Unclassified,Other,999.0,999.0,,
000000001834410118,UWFC5201P00221B 2X2 1/99 LC/APC #S0173,Unclassified,LC_Variants,999.0,30.0,,
000000001834410124,UWFC C band 1x2 50% P1 2M LC/APC #S0173,Unclassified,LC_Variants,999.0,30.0,,
000000001834410127,UWFC 1525-1570 1x2 50/50 #15556,Unclassified,Other,999.0,999.0,,
000000001834410128,UWFC 1525-1570 1x2 2/98 #15556,Unclassified,Other,999.0,999.0,,
000000001834410132,UWFC 1525-1570 2x2 5/95 #15732,Unclassified,Other,999.0,999.0,,
000000001834410133,UWFC 1525-1570 2x2 2/98 #15836,Unclassified,Other,999.0,999.0,,
000000001834410134,UWFC 1525-1570 1x2 10/90 #15836,Unclassified,Other,999.0,999.0,,
000000001834410135,UWFC 1X2 1% 2.5X40 CornA1 1.2M #Z5827,Unclassified,Other,999.0,999.0,,
000000001834410136,UWFC 2X2 1% 2.5X40 CornA1 1.2M #Z5827,Unclassified,Other,999.0,999.0,,
000000001834410137,UWFC 1X2 5% 2.5X40 CornA1 1.2M #Z5827,Unclassified,Other,999.0,999.0,,
000000001834410138,UWFC  1X2 1% 2.5X40 CornA1 1.2M #Z5827,Unclassified,Other,999.0,999.0,,
000000001834410143,UWFC 1X2 45% 2.5X40 F10080 1.2M #Z5827,Unclassified,Other,999.0,999.0,,
000000001834410144,UWFC 1X2 50% 2.5X40 F10080 1.2M #Z5827,Unclassified,Other,999.0,999.0,,
000000001834410145,UWFC 1X2 40% 2.5X40 F10080 1.2M #Z5827,Unclassified,Other,999.0,999.0,,
000000001834410146,UWFC 1X2 10% 2.5X40 CornA1 1.2M #Z5827,Unclassified,Other,999.0,999.0,,
000000001834410147,UWFC 1X2 20% 2.5X40 CornA1 1.2M #Z5827,Unclassified,Other,999.0,999.0,,
000000001834410148,UWFC 1X2 50% 2.5X40 CornA1 1.2M #Z5827,Unclassified,Other,999.0,999.0,,
000000001834410149,UWFC 1X2 50% 2.5X40 CornA1 1.2M #Z5827,Unclassified,Other,999.0,999.0,,
000000001834410154,UWFC  1X2 5% 2.5X40 CornA1 1.2M #Z5827,Unclassified,Other,999.0,999.0,,
000000001834410156,UWFC 1X2 20% 2.5X40 CornA1 1.2M #Z5827,Unclassified,Other,999.0,999.0,,
000000001834410157,UWFC 1X2 30% 2.5X40 F10080 1.2M #Z5827,Unclassified,Other,999.0,999.0,,
000000001834410161,UWFC 2%1X2 1570-1660 D2.5x40 #Z5967,Unclassified,Other,999.0,999.0,,
000000001834410162,UWFC 1X2 3% 2.5X40 CornA1 1.2M #Z5967,Unclassified,Other,999.0,999.0,,
000000001834410163,UWFC 1X2 30% 2.5X40 CornA1 1.2M #Z5967,Unclassified,Other,999.0,999.0,,
000000001834410164,UWFC 1X2 2% 2.5X40 CornA1 1.2M #Z5967,Unclassified,Other,999.0,999.0,,
000000001834410167,UWFC  1X2 3% 2.5X40 CornA1 1.2M #Z5968,Unclassified,Other,999.0,999.0,,
000000001834410168,UWFC 1X2 20% 2.5X40 F10080 1.2M #Z5968,Unclassified,Other,999.0,999.0,,
000000001834410169,UWFC  1X2 2% 2.5X40 CornA1 1.2M #Z5989,Unclassified,Other,999.0,999.0,,
000000001834410170,UWFC 1X2 1% F3X47 CornA1 1.4M #Z6031,Unclassified,Other,999.0,999.0,,
000000001834410171,UWFC 1X2 5% F3X47 CornA1 1.4M #Z6031,Unclassified,Other,999.0,999.0,,
000000001834410172,UWFC 1X2 20% F3X47 CornA1 1.4M #Z6031,Unclassified,Other,999.0,999.0,,
000000001834410173,UWFC 1X2 50% F3X47 CornA1 1.5M #Z6031,Unclassified,Other,999.0,999.0,,
000000001834410174,UWFC 2X2 1% F3X47 CornA1 1.5M #Z6031,Unclassified,Other,999.0,999.0,,
000000001834410175,UWFC 2X2 2% F3X47 CornA1 1.5M #Z6031,Unclassified,Other,999.0,999.0,,
000000001834410176,UWFC 2X2 12% 2.5X40 CornA1 1.2M #Z6061,Unclassified,Other,999.0,999.0,,
000000001834410177,UWFC 1X2 25% 2.5X40 CornA1 1.2M #Z6061,Unclassified,Other,999.0,999.0,,
000000001834410178,UWFC C+L Band 2x2 98/2 SMF28 Ultra#Z6075,Unclassified,Other,999.0,999.0,,
000000001834410179,UWFC 2X2 3% C+L band F3X47 1.2M #Z6075,Unclassified,Other,999.0,999.0,,
000000001834410180,UWFC 1X2 40% 2.5X40 F10080 2.1M #Z6065,Unclassified,Other,999.0,999.0,,
000000001834410181,UWFC 1X2 30% 2.5X40 F10080 2.1M #Z6065,Unclassified,Other,999.0,999.0,,
000000001834410182,UWFC  1X2 30% 2.5X40 CornA1 1.2M #Z6065,Unclassified,Other,999.0,999.0,,
000000001834410183,UWFC 1X2 2% 2.5X40 CornA1 2.1M #Z6065,Unclassified,Other,999.0,999.0,,
000000001834410184,UWFC 1X2 2% 2.5X40 Parallel 2.1M #Z6106,Unclassified,Other,999.0,999.0,,
000000001834410185,UWFC 1X2 3% 2.5X40 Parallel 1.2M #Z6106,Unclassified,Other,999.0,999.0,,
000000001834410186,UWFC 1X2 20% 2.5X40 Parallel 1.2M #Z6106,Unclassified,Other,999.0,999.0,,
000000001834410187,UWFC 1X2 30% 2.5X40 Parallel 1.2M #Z6106,Unclassified,Other,999.0,999.0,,
000000001834410188,UWFC 1X2 1% 2.5X40 Parallel 1.2M #Z6106,Unclassified,Other,999.0,999.0,,
000000001834410189,UWFC 1X2 2% 2.5X40 Parallel 1.2M #Z6106,Unclassified,Other,999.0,999.0,,
000000001834410190,UWFC 1X2 3% 2.5X40 Parallel 1.2M #Z6106,Unclassified,Other,999.0,999.0,,
000000001834410191,UWFC 1X2 3% 2.5X40 Parallel 1.2M #Z6106,Unclassified,Other,999.0,999.0,,
000000001834410192,UWFC 1X2 30% 2.5X40 Parallel 1.2M #Z6106,Unclassified,Other,999.0,999.0,,
000000001834410193,UWFC 1X2 30% 2.5X40 Parallel 2.1M #Z6106,Unclassified,Other,999.0,999.0,,
000000001834410194,UWFC 1X2 40% 2.5X40 Parallel 2.1M #Z6106,Unclassified,Other,999.0,999.0,,
000000001834410195,UWFC 1X2 45% 2.5X40 Parallel 1.2M #Z6106,Unclassified,Other,999.0,999.0,,
000000001834410196,UWFC 1X2 50% 2.5X40 Parallel 1.2M #Z6106,Unclassified,Other,999.0,999.0,,
000000001834410197,UWFC  1X2 1% 2.5X40 CornA1 1.2M #Z6106,Unclassified,Other,999.0,999.0,,
000000001834420005,1550nm 1x2 1/99 P GRADE P2 #S0093,Unclassified,Other,999.0,999.0,,
000000001834420006,Fused Tap Coupler C Band 1x2 1/99#S0093,Adapters,Other,30.0,999.0,,
000000001834420008,LPTC-Low PDL 1X2 1/99 1525-1565 #6008,Unclassified,Other,999.0,999.0,,
000000001834420013,LPTC 1x2 5/95 1550nm P2 FC/SPC #S0093,Unclassified,Other_Connector_Types,999.0,40.0,,
000000001834420017,Low PDL Coupler  C band  2x2  2/98 #6009,Adapters,Other,30.0,999.0,,
000000001834420021,LPTC 1x2 5/95 C Band P2 FC/PC #S0093,Unclassified,Other_Connector_Types,999.0,40.0,,
000000001834420022,1550nm 1x2 10/90  P GRADE  P2 #S0093,Unclassified,Other,999.0,999.0,,
000000001834420033,1550nm 1x2 50/50 P-GRADE #S0093,Unclassified,Other,999.0,999.0,,
000000001834420035,FUSED LPTC LPTC5150P002219 #S0093,Unclassified,Other,999.0,999.0,,
000000001834420037,LPTC 1x2 50/50 1550nm P2 FC/SPC #S0093,Unclassified,Other_Connector_Types,999.0,40.0,,
000000001834420044,C+L band 10% tap WDL<0.5 dB 900um  #7507,Unclassified,Other,999.0,999.0,,
000000001834420050,LPTC5150P0022H4 C Band 1x2 50/50 #S0093,Unclassified,Other,999.0,999.0,,
000000001834420061,LPTC5110P002213 #S0093,Unclassified,Other,999.0,999.0,,
000000001834420069,LPTC5150P002213 #S0093,Unclassified,Other,999.0,999.0,,
000000001834420086,C Band 1x2 2/98 LPTC5102P0022H4 #S0093,Unclassified,Other,999.0,999.0,,
000000001834420094,LPTC-Low PDL 1X2 10/90 1525-1565 #6104,Unclassified,Other,999.0,999.0,,
000000001834420107,LPTC C Band 1x2 50/50 P2 w FC/PC #S0093,Unclassified,Other_Connector_Types,999.0,40.0,,
000000001834420115,LPTC 1X2 50% C Band P2 LC/APC #S0093,Unclassified,LC_Variants,999.0,30.0,,
000000001834430009,MMFC 850/1310nm 50/50 LC/PC #9357,Unclassified,LC_Variants,999.0,32.0,,
000000001834440003,SWDM 1x2 972-980&1525-1565 OFS FB #5937,Optical_Module,Other,55.0,999.0,,
000000001834440007,FUSED SWDM SWDM591SP004611 #S0159,Optical_Module,Other,55.0,999.0,,
000000001834440009,SWDM  980/1550nm 1x2 3.0x40 #9480,Optical_Module,Other,55.0,999.0,,
000000001834440010,3-Port 980/1550nm WDM component #8271,Unclassified,Transceiver_Rating,999.0,50.0,,
000000001834440011,SWDM 1x2 965-990&1528-1569 FPC FB #Z2190,Optical_Module,Other_Connector_Types,55.0,40.0,,
000000001834440012,SWDM 1x2 965-990&1528-1569 FPC FB #Z2190,Optical_Module,Other_Connector_Types,55.0,40.0,,
000000001834440021,1200/ 1550nm WDM  #T0126,Unclassified,Transceiver_Rating,999.0,50.0,,
000000001834440036,1310/1550nm Fused SingleMode WDM #T0430,Unclassified,Transceiver_Rating,999.0,50.0,,
000000001834440050,SWDM 1x2 980/1550 D3x47 FPC FB HT #Z5143,Optical_Module,Other_Connector_Types,55.0,40.0,,
000000001834440071,SWDM L+U/980 D3x35 OFS 980-20 #Z5492,Optical_Module,Other,55.0,999.0,,
000000001834440075,SWDM 1X2 2.5X40 F10080 1.2M #Z5827,Optical_Module,Other,55.0,999.0,,
000000001834440076,SWDM 1X2 2.5X40 F10080 1.2M #Z5827,Optical_Module,Other,55.0,999.0,,
000000001834440078,Ultra MINI SWDM 1550/980nm #15931,Optical_Module,Other,55.0,999.0,,
000000001834440080,SWDM 2X2 2.5X40 F10080 1.2M #Z6042,Optical_Module,Other,55.0,999.0,,
000000001834440081,SWDM 1X2 2.5X40 980/1550 parallel #Z6061,Optical_Module,Other,55.0,999.0,,
000000001834440082,SWDM 1x2 980/1550 D3x47 Parallel #Z5143,Optical_Module,Other,55.0,999.0,,
000000001834440083,SWDM 1X2 2.5X40 980/1550 2.1M #Z6065,Optical_Module,Other,55.0,999.0,,
000000001834440084,SWDM 1X2 2.5X40 980/1600 2.1M #Z6065,Optical_Module,Other,55.0,999.0,,
000000001834440085,SWDM Dual 1x2 980nm 3.0x40 #Z6097,Optical_Module,Other,55.0,999.0,,
000000001834440086,SWDM 1X2 C F10080 Parallel 2.1M #Z6106,Optical_Module,Other,55.0,999.0,,
000000001834440087,SWDM 1X2 L F10080 Parallel 2.1M #Z6106,Optical_Module,Other,55.0,999.0,,
000000001834470095,GFF+ISO 1524.3-1572.3nm #Z5162,Unclassified,Other,999.0,999.0,,
000000001834470099,GFF+ single stage isolator #Z5179,Unclassified,Other,999.0,999.0,,
000000001834470106,GFF+ISO component #Z5827,Unclassified,Other,999.0,999.0,,
000000001834470107,GFF+ Single stage isolator #Z5827,Unclassified,Other,999.0,999.0,,
000000001834470109,GFF+ single stage isolator #Z5827,Unclassified,Other,999.0,999.0,,
000000001834470110,GFF+ single stage isolator #Z5968,Unclassified,Other,999.0,999.0,,
000000001834470111,C-band high GFFI component #Z5968,Unclassified,Other,999.0,999.0,,
000000001834470114,MDL-GFF1097/V01 GFF+ISO device #Z6031,Unclassified,Other,999.0,999.0,,
000000001834470115,MDL-GFF1222/V01 GFF+ISO device #Z6042,Unclassified,Other,999.0,999.0,,
000000001834470116,MDL-GFF1221/V01 GFF+ISO device #Z6042,Unclassified,Other,999.0,999.0,,
000000001834470117,MDL-GFF1223/V01 GFF+ISO device #Z6042,Unclassified,Other,999.0,999.0,,
000000001834470118,MDL-GFF1092/V02 GFF+ISO #Z6061,Unclassified,Other,999.0,999.0,,
000000001834470119,MDL-GFF1211/V01 GFF+ISO #Z6061,Unclassified,Other,999.0,999.0,,
000000001834470120,MDL-GFF1212/V01 GFF+ISO #Z6061,Unclassified,Other,999.0,999.0,,
000000001834470121,MDL-GFF1234/V01 GFF+ISO device #Z6075,Unclassified,Other,999.0,999.0,,
000000001834470122,GFF+ single stage isolator #Z6065,Unclassified,Other,999.0,999.0,,
000000001834470123,GFF+ single stage isolator #Z6089,Unclassified,Other,999.0,999.0,,
000000001834480005,Mini GFF+Iso #14398,Unclassified,Other,999.0,999.0,,
000000001834480006,Mini GFF+Isolator #14138,Unclassified,Other,999.0,999.0,,
000000001834480007,Mini GFF+Isolator #14138,Unclassified,Other,999.0,999.0,,
000000001834480008,Mini GFF+Isolator #14139,Unclassified,Other,999.0,999.0,,
000000001834480009,Mini GFF + Isolator #14320,Unclassified,Other,999.0,999.0,,
000000001834480060,MINI GFF+ISO L Band 727-0306-002 #14948,Unclassified,Other,999.0,999.0,,
000000001834480061,MINI GFF+ISO L Band 727-0307-002 #14948,Unclassified,Other,999.0,999.0,,
000000001834480062,MINI GFF+ISO 1524.1-1626.6nm #Z5941,Unclassified,Other,999.0,999.0,,
000000001834480063,MINI GFF+ISO L Band 727-0308-002 #14948,Unclassified,Other,999.0,999.0,,
000000001834480066,GFF+ISO Component #Z5262,Unclassified,Other,999.0,999.0,,
000000001834480080,Mini ISO+GFF Hybrid Combination #Z5573,Unclassified,Other,999.0,999.0,,
000000001834480081,Mini ISO+GFF Hybrid Combination #Z5574,Unclassified,Other,999.0,999.0,,
000000001834480083,Mini ISO+GFF Hybrid Combination #Z5576,Unclassified,Other,999.0,999.0,,
000000001834480087,Mini GFF+ISO Hybrid 45110169 #Z5698,Unclassified,Other,999.0,999.0,,
000000001834480092,MINI GFF+ISOLATOR L Band #15017,Unclassified,Other,999.0,999.0,,
000000001834480103,MINI GFF+ISO HYBRID component #Z5827,Unclassified,Other,999.0,999.0,,
000000001834480107,C120 GFF+ISO #Z5109,Unclassified,Other,999.0,999.0,,
000000001834480108,C120 GFF+ISO #Z5110,Unclassified,Other,999.0,999.0,,
000000001834480109,MDL-GFF1115/V01 mini GFF+ISO #Z5967,Unclassified,Other,999.0,999.0,,
000000001834480110,MDL-GFF1116/V01 mini GFF+ISO #Z5967,Unclassified,Other,999.0,999.0,,
000000001834480111,MDL-GFF1208/V01 mini GFF+ISO #Z5989,Unclassified,Other,999.0,999.0,,
000000001834480112,MDL-GFF1209/V01 mini GFF+ISO #Z5989,Unclassified,Other,999.0,999.0,,
000000001834480113,MDL-GFF1210/V01 mini GFF+ISO #Z5989,Unclassified,Other,999.0,999.0,,
000000001834480114,MDL-GFF1195/V01 mini GFF+ISO #Z5989,Unclassified,Other,999.0,999.0,,
000000001834480115,MDL-GFF1196/V01 mini GFF+ISO #Z5989,Unclassified,Other,999.0,999.0,,
000000001834480116,MDL-GFF1197/V01 mini GFF+ISO #Z5989,Unclassified,Other,999.0,999.0,,
000000001834480117,980/L Band Mini GFF+ISO component #Z6028,Unclassified,Other,999.0,999.0,,
000000001834480118,C+L Band Mini GFF+ISO device #Z6047,Unclassified,Other,999.0,999.0,,
000000001834480119,MDL-GFF1159/V01 MINI GFF+ISO #Z6075,Unclassified,Other,999.0,999.0,,
000000001834480120,MDL-GFF1242/V01 mini GFFI device #Z6075,Unclassified,Other,999.0,999.0,,
000000001834480121,MDL-GFF1248/V02 mini GFF+ISO #Z6075,Unclassified,Other,999.0,999.0,,
000000001834480122,MDL-GFF1247/V02 mini GFF+ISO #Z6075,Unclassified,Other,999.0,999.0,,
000000001834480123,MDL-GFF1247/V01 mini GFF+ISO #Z6075,Unclassified,Other,999.0,999.0,,
000000001834480124,MDL-GFF1248/V01 mini GFF+ISO #Z6075,Unclassified,Other,999.0,999.0,,
000000001834480125,MDL-GFF1158/V01 MINI GFF+ISO #Z6075,Unclassified,Other,999.0,999.0,,
000000001834480126,MDL-GFF1241/V01 mini GFFI device #Z6075,Unclassified,Other,999.0,999.0,,
000000001834480127,MDL-GFF1156/V01 MINI GFF+ISO #Z6075,Unclassified,Other,999.0,999.0,,
000000001834480128,MDL-GFF1157/V01 MINI GFF+ISO #Z6075,Unclassified,Other,999.0,999.0,,
000000001834480129,MDL-GFF1160/V01 MINI GFF+ISO #Z6075,Unclassified,Other,999.0,999.0,,
000000001834490003,Tap /Single Stage Isolator Hybrid#Z5104,Unclassified,Other,999.0,999.0,,
000000001834500005,HYBRID MINI WDIH WDIH1598SFACA01 #12669,Unclassified,Other,999.0,999.0,,
000000001834500006,HYBRID MINI WDIH WDIH1598SFACA02 #12669,Unclassified,Other,999.0,999.0,,
000000001834500017,Mini 980/1550  WDM/Isolator Hybrid#S0078,Unclassified,Transceiver_Rating,999.0,50.0,,
000000001834500034,980nm WDIH single stage #Z4956,Unclassified,Other,999.0,999.0,,
000000001834500035,ISO+GFF Hybrid Combination#Z5108,Unclassified,Other,999.0,999.0,,
000000001834500038,WDM+ISO+GFF+WDM Hybrid combination#Z5134,Unclassified,Transceiver_Rating,999.0,50.0,,
000000001834500047,1550/980nm WDIH single stage #12669,Unclassified,Other,999.0,999.0,,
000000001834500048,MINI L-BAND WDM+ISO Hybrid #Z5596,Unclassified,Transceiver_Rating,999.0,50.0,,
000000001834500052,MINI WDM+ISO Hybrid #Z5791,Unclassified,Transceiver_Rating,999.0,50.0,,
000000001834500053,980nm WDIH single stage Parallel #Z4956,Unclassified,Other,999.0,999.0,,
000000001834500054,C band Mini OIDS component #Z5105,Unclassified,Other,999.0,999.0,,
000000001834500055,MDL-SPF1569/1571/V02 TAP + WDM 3% #Z6075,Unclassified,Transceiver_Rating,999.0,50.0,,
000000001834500056,MDL-BPF1571/1613/V01 TAP + WDM 3% #Z6075,Unclassified,Transceiver_Rating,999.0,50.0,,
000000001834500057,MDL-BPF1571/1613/V01 TAP + WDM 5% #Z6075,Unclassified,Transceiver_Rating,999.0,50.0,,
000000001834520019,C-band TCIH Single stage #Z5324,Unclassified,Other,999.0,999.0,,
000000001834530013,HYBRID WDIH WDIH16140DF1111 #S0077,Unclassified,Other,999.0,999.0,,
000000001834530020,980/1550nm WDIH Single-Stage #9449,Unclassified,Other,999.0,999.0,,
000000001834530031,C band Mini OIDS component #Z5105,Unclassified,Other,999.0,999.0,,
000000001834530032,WDIH C Band Dual Stage Isolator #13914,Unclassified,Other,999.0,999.0,,
000000001834560003,INTERCONN. FAN JUMPA1F012ABD05 #12721,Unclassified,Other,999.0,999.0,,
000000001834560004,INTERCONN. FAN JUMPA1F012ABD07 #12721,Unclassified,Other,999.0,999.0,,
000000001834560005,INTERCONN. FAN MPOF1R20740F129 #S0229,Unclassified,Other,999.0,999.0,,
000000001834560095,Oplink old PN: MPOF1R2010PDC10 #10458,Unclassified,Other,999.0,999.0,,
000000001834560221,ASSY-12F MTA(M)-OM3 4F MT(F)4F LC L20/70,Unclassified,LC_Variants,999.0,32.0,,
000000001834560232,16MPO(F)-2X12MPO(F) G657A2 YL OFNP 5M,Unclassified,Other,999.0,999.0,,
000000001834560233,"24CBLx2-6xMPO8, SMF FANOUT A",Breakout,Other,28.0,999.0,,
000000001834560234,"24CBLx2-6xMPO8, SMF FANOUT B",Breakout,Other,28.0,999.0,,
000000001834560235,"24CBLx2-6xMPO8, SMF FANOUT C",Breakout,Other,28.0,999.0,,
000000001834560236,"24CBLx2-6xMPO8, SMF FANOUT D",Breakout,Other,28.0,999.0,,
000000001834560239,"8xLC-DX, SMF FANOUT PTL 3.4M",Breakout,Other,28.0,999.0,,
000000001834560240,"8xLC-DX, SMF FANOUT PTL 3.6M",Breakout,Other,28.0,999.0,,
000000001834560241,MPO SM 1 to 2 splitter cable 3M,Splitter_Cables,MPO_Group,18.0,10.0,,
000000001834560245,MPO SM 1 to 2 splitter cable 5M,Splitter_Cables,MPO_Group,18.0,10.0,,
000000001834560247,MPO SM 1 to 2 splitter cable 6M,Splitter_Cables,MPO_Group,18.0,10.0,,
000000001834560249,MPO SM 1 to 2 splitter cable 7M,Splitter_Cables,MPO_Group,18.0,10.0,,
000000001834560251,MPO SM 1 to 2 splitter cable 8M,Splitter_Cables,MPO_Group,18.0,10.0,,
000000001834560252,MPO SM 1 to 2 splitter cable 8.5M,Splitter_Cables,MPO_Group,18.0,10.0,,
000000001834560253,MPO SM 1 to 2 splitter cable 9M,Splitter_Cables,MPO_Group,18.0,10.0,,
000000001834560254,MPO SM 1 to 2 splitter cable 9.5M,Splitter_Cables,MPO_Group,18.0,10.0,,
000000001834560255,MPO SM 1 to 2 splitter cable 10M,Splitter_Cables,MPO_Group,18.0,10.0,,
000000001834560257,MPO SM 1 to 2 splitter cable 11M,Splitter_Cables,MPO_Group,18.0,10.0,,
000000001834560258,MPO SM 1 to 2 splitter cable 11.5M,Splitter_Cables,MPO_Group,18.0,10.0,,
000000001834560259,MPO SM 1 to 2 splitter cable 12M,Splitter_Cables,MPO_Group,18.0,10.0,,
000000001834560260,MPO SM 1 to 2 splitter cable 12.5M,Splitter_Cables,MPO_Group,18.0,10.0,,
000000001834560261,MPO SM 1 to 2 splitter cable 13M,Splitter_Cables,MPO_Group,18.0,10.0,,
000000001834560263,MPO SM 1 to 2 splitter cable 14M,Splitter_Cables,MPO_Group,18.0,10.0,,
000000001834560265,MPO SM 1 to 2 splitter cable 15M,Splitter_Cables,MPO_Group,18.0,10.0,,
000000001834560266,MPO SM LSHF 1 to 2 splitter cable 3M,Splitter_Cables,MPO_Group,18.0,10.0,,
000000001834560270,MPO SM LSHF 1 to 2 splitter cable 5M,Splitter_Cables,MPO_Group,18.0,10.0,,
000000001834560272,MPO SM LSHF 1 to 2 splitter cable 6M,Splitter_Cables,MPO_Group,18.0,10.0,,
000000001834560274,MPO SM LSHF 1 to 2 splitter cable 7M,Splitter_Cables,MPO_Group,18.0,10.0,,
000000001834560276,MPO SM LSHF 1 to 2 splitter cable 8M,Splitter_Cables,MPO_Group,18.0,10.0,,
000000001834560278,MPO SM LSHF 1 to 2 splitter cable 9M,Splitter_Cables,MPO_Group,18.0,10.0,,
000000001834560280,MPO SM LSHF 1 to 2 splitter cable 10M,Splitter_Cables,MPO_Group,18.0,10.0,,
000000001834560282,MPO SM LSHF 1 to 2 splitter cable 11M,Splitter_Cables,MPO_Group,18.0,10.0,,
000000001834560284,MPO SM LSHF 1 to 2 splitter cable 12M,Splitter_Cables,MPO_Group,18.0,10.0,,
000000001834560290,MPO SM LSHF 1 to 2 splitter cable 15M,Splitter_Cables,MPO_Group,18.0,10.0,,
000000001834560291,MPO SM LSHF 1 to 2 splitter cable 0.5M,Splitter_Cables,MPO_Group,18.0,10.0,,
000000001834560292,MPO SM LSHF 1 to 2 splitter cable 1M,Splitter_Cables,MPO_Group,18.0,10.0,,
000000001834560293,MPO SM LSHF 1 to 2 splitter cable 2M,Splitter_Cables,MPO_Group,18.0,10.0,,
000000001834560297,MPO SM 1 to 2 splitter cable 25M,Splitter_Cables,MPO_Group,18.0,10.0,,
000000001834560298,MPO SM LSHF 1 to 2 splitter cable 20M,Splitter_Cables,MPO_Group,18.0,10.0,,
000000001834560299,MPO SM LSHF 1 to 2 splitter cable 25M,Splitter_Cables,MPO_Group,18.0,10.0,,
000000001834560300,MPO SM 1 to 2 splitter cable 20M,Splitter_Cables,MPO_Group,18.0,10.0,,
000000001834560310,12F SM MPO Elite(F)-LC/PC 5m #S0229,Unclassified,MPO_Group,999.0,10.0,,
000000001834560311,MPO SM 1 to 2 splitter cable 30M,Splitter_Cables,MPO_Group,18.0,10.0,,
000000001834560326,5M-Short Shuffle Cable Pinout 3,Shuffle_Cables,Other,20.0,999.0,,
000000001834560327,6M-Short Shuffle Cable Pinout 3,Shuffle_Cables,Other,20.0,999.0,,
000000001834560328,7M-Short Shuffle Cable Pinout 3,Shuffle_Cables,Other,20.0,999.0,,
000000001834560329,8M-Short Shuffle Cable Pinout 3,Shuffle_Cables,Other,20.0,999.0,,
000000001834560330,8.5M-Short Shuffle Cable Pinout 3,Shuffle_Cables,Other,20.0,999.0,,
000000001834560331,9.5M-Short Shuffle Cable Pinout 3,Shuffle_Cables,Other,20.0,999.0,,
000000001834560332,10M-Short Shuffle Cable Pinout 3,Shuffle_Cables,Other,20.0,999.0,,
000000001834560333,11M-Short Shuffle Cable Pinout 3,Shuffle_Cables,Other,20.0,999.0,,
000000001834560334,11.5M-Short Shuffle Cable Pinout 3,Shuffle_Cables,Other,20.0,999.0,,
000000001834560335,12.5M-Short Shuffle Cable Pinout 3,Shuffle_Cables,Other,20.0,999.0,,
000000001834560336,13M-Short Shuffle Cable Pinout 3,Shuffle_Cables,Other,20.0,999.0,,
000000001834560337,14M-Short Shuffle Cable Pinout 3,Shuffle_Cables,Other,20.0,999.0,,
000000001834560340,MPO SM 1 to 2 Splitter Cable 17M,Splitter_Cables,MPO_Group,18.0,10.0,,
000000001834580089,FC/PC-FC/PC JUMP SM 3.0mm 3m #S0021,Unclassified,Other_Connector_Types,999.0,40.0,,
000000001834580090,FC/APC-FC/PC JUMP SM 3.0mm 3m #S0021,Unclassified,Other_Connector_Types,999.0,40.0,,
000000001834580184,"LC-LC APC Sim JUMPER-ETSI (LSZH), 3.5M",Jumpers,LC_Variants,22.0,30.0,,
000000001834580185,"LC-LC APC Sim JUMPER-ETSI (LSZH), 7M",Jumpers,LC_Variants,22.0,30.0,,
000000001834580186,"LC-LC APC Sim JUMPER-ANSI (PVC), 3.5M",Jumpers,LC_Variants,22.0,30.0,,
000000001834580192,INTERCONN. JUMP JUMP1P0402ACA09 #12835,Unclassified,Other,999.0,999.0,,
000000001834580200,INTERCONN. JUMP JUMP1S0065ATL01 #13114,Unclassified,Other,999.0,999.0,,
000000001834580208,INTERCONN. JUMP #12842 HS#9001100001,Unclassified,Other,999.0,999.0,,
000000001834580248,SM 900um 1.2m BL LC tail Corning.#12109,Unclassified,LC_Variants,999.0,32.0,,
000000001834580249,SM 900um 1.2m RD LC tail Corning.#12109,Unclassified,LC_Variants,999.0,32.0,,
000000001834580250,SM 900um 1.2m WT LC tail Corning.#12109,Unclassified,LC_Variants,999.0,32.0,,
000000001834580251,SM 900um 1.2m YL LC tail Corning.#12109,Unclassified,LC_Variants,999.0,32.0,,
000000001834580258,ZBL LC/UPC JUMP NoBoot 2M #12702,Unclassified,LC_Variants,999.0,30.0,,
000000001834580299,INTERCONNECT JUMP2B2020IFAEE #12889,Unclassified,Other,999.0,999.0,,
000000001834580304,SM 8F MPO(F)  LOOPM108FLIFA0S #13950,Unclassified,MPO_Group,999.0,10.0,,
000000001834580437,JZ/SM/LC-OT/D5/0080/A200,Unclassified,LC_Variants,999.0,32.0,,
000000001834580460,LC-LC-DS-7.0 #12889,Unclassified,LC_Variants,999.0,30.0,,
000000001834580545,"LC-LC APC Sim JUMPER-ANSI (PVC), 7M",Jumpers,LC_Variants,22.0,30.0,,
000000001834580644,Jumper 24F MPO(M)-MPO(M) SM 57m #15358,Jumpers,MPO_Group,22.0,10.0,,
000000001834580653,LC G657A1 BF PTL 1M #15407,Unclassified,LC_Variants,999.0,32.0,,
000000001834580660,FC/APC-FC/UPC Jumper 3mm SM 1m #15413,Jumpers,Other_Connector_Types,22.0,40.0,,
000000001834580669,LC/APC-LC/UPC Jumper 3mm SM 1m #15413,Jumpers,LC_Variants,22.0,30.0,,
000000001834580682,LC/UPC G657B3 900um Jumper 2.5m #15443,Jumpers,LC_Variants,22.0,30.0,,
000000001834580689,20x LC loopback kit #15445,Loopback_Group,LC_Variants,40.0,32.0,,
000000001834580703,03100035VA FLEXPLANE #15466,Harness_Tether,Other,75.0,999.0,,
000000001834580706,LCD/UPC JPR SM BIF 2.0mm ZPCD LSZH 2m,Jumpers,LC_Variants,65.0,31.0,,
000000001834580733,SM 7mm Duplex LC 10m #14168,Unclassified,LC_Variants,999.0,32.0,,
000000001834580741,CS/UPC-CS/UPC X-over Uniboot 1.0M #15661,Unclassified,Other_Connector_Types,999.0,40.0,,
000000001834580744,CS/UPC-CS/UPC X-over Uniboot 3.0M #15661,Unclassified,Other_Connector_Types,999.0,40.0,,
000000001834580745,LC/UPC-CS/UPCX Uniboot 0.2M #15663,Unclassified,LC_Variants,999.0,30.0,,
000000001834580746,LC/UPC-CS/UPCX Uniboot 0.4M #15663,Unclassified,LC_Variants,999.0,30.0,,
000000001834580747,2x LC/UPC-Duplex CS/UPC 1.0M #15662,Unclassified,LC_Variants,999.0,30.0,,
000000001834580748,2x LC/UPC-Duplex CS/UPC 3.0M #15662,Unclassified,LC_Variants,999.0,30.0,,
000000001834580762,FLEXPLANE FOR FUJ FDP SHUFFLE TYPE 1,Shuffle_Cables,Other,20.0,999.0,,
000000001834580764,FLEXPLANE FOR FUJ FDP SHUFFLE TYPE 3,Shuffle_Cables,Other,20.0,999.0,,
000000001834580765,Duplex LC/UPC-SN/UPC Uniboot 3M #15778,Unclassified,LC_Variants,999.0,30.0,,
000000001834580785,LC/UPC B3 0.015LT(WH)+1.5BF MINI #Z5827,Unclassified,LC_Variants,999.0,30.0,,
000000001834580824,128F FLEXPLANE FOR MSFT OPTION1-L1,Harness_Tether,Other,75.0,999.0,,
000000001834580825,128F FLEXPLANE FOR MSFT OPTION1-L2,Harness_Tether,Other,75.0,999.0,,
000000001834580826,JUMP LC/UPC G657A2 1.5m BF MINI BT#Z5967,Unclassified,LC_Variants,999.0,30.0,,
000000001834580828,LC/UPC G657A2 2.0m BF (CLEAR) #Z5967,Unclassified,LC_Variants,999.0,30.0,,
000000001834580829,LC/UPC A1 1.1m LT(WH)+0.9m BF(BL) #Z5968,Unclassified,LC_Variants,999.0,30.0,,
000000001834580830,LC/UPC A1 1.1m LT(WH)+0.9m BF(BR) #Z5968,Unclassified,LC_Variants,999.0,30.0,,
000000001834580832,LC/UPC A1 1.1m LT(WH)+0.9m BF(OR) #Z5968,Unclassified,LC_Variants,999.0,30.0,,
000000001834580834,LC/UPC A1 1.1m LT(WH)+0.9m BF(GR) #Z5968,Unclassified,LC_Variants,999.0,30.0,,
000000001834580835,LC/UPC A1 1.1m LT(WH)+0.9m BF(BK) #Z5968,Unclassified,LC_Variants,999.0,30.0,,
000000001834580836,LC/UPC A1 1.1m LT(WH)+0.9m BF(AQ) #Z5968,Unclassified,LC_Variants,999.0,30.0,,
000000001834580837,LC/UPC A1 1.1m LT(WH)+0.9m BF(VL) #Z5968,Unclassified,LC_Variants,999.0,30.0,,
000000001834580838,LC/UPC A1 1.1m LT(WH)+0.9m BF(YL)# Z5968,Unclassified,LC_Variants,999.0,30.0,,
000000001834580839,LC/UPC A1 1.1m LT(WH)+0.9m BF(RS)# Z5968,Unclassified,LC_Variants,999.0,30.0,,
000000001834580840,LC/UPC A1 1.1m LT(WH)+0.9m BF(SL) #Z5968,Unclassified,LC_Variants,999.0,30.0,,
000000001834580841,LC/UPC A1 1.1m LT(WH)+0.9m BF(WH) #Z5968,Unclassified,LC_Variants,999.0,30.0,,
000000001834580842,LC/UPC A1 1.1m LT(WH)+0.9m BF(RD) #Z5968,Unclassified,LC_Variants,999.0,30.0,,
000000001834580845,32F FLEXPLANE FOR MSFT OPTION1-L3,Harness_Tether,Other,75.0,999.0,,
000000001834580848,SNU Master-Pigtail SM LT1m/BF1.5m #Z5051,Pigtails,Other,10.0,999.0,,
000000001834580850,128F SM FLEXPLANE FOR Nvidia PB,Harness_Tether,Other,75.0,999.0,,
000000001834580853,SC G657A2 1C 5D BK WBLK PTL 2M,Unclassified,Other_Connector_Types,999.0,40.0,,
000000001834580854,N0004357 JUMPER-LC LBL 2m&LT0.01M #Z5988,Jumpers,LC_Variants,22.0,32.0,,
000000001834580855,JUMP LC/UPC 0.242m WHITE LT+1m #Z5989,Unclassified,LC_Variants,999.0,30.0,,
000000001834580856,JUMP LC/UPC 0.257m PINK LT+0.9m #Z5989,Unclassified,LC_Variants,999.0,30.0,,
000000001834580857,JUMP LC/UPC 0.211m YELLOW LT+0.9m #Z5989,Unclassified,LC_Variants,999.0,30.0,,
000000001834580858,JUMP LC/UPC 0.193m ORANGE LT+0.9m #Z5989,Unclassified,LC_Variants,999.0,30.0,,
000000001834580859,JUMP LC/UPC 0.302m BLUE LT+0.9m #Z5989,Unclassified,LC_Variants,999.0,30.0,,
000000001834580860,JUMP LC/UPC 0.205m BLACK LT+0.9m #Z5989,Unclassified,LC_Variants,999.0,30.0,,
000000001834580861,JUMP LC/UPC 0.295m AQUA LT+0.9m #Z5989,Unclassified,LC_Variants,999.0,30.0,,
000000001834580862,JUMP LC/UPC 0.268m GRAY LT+0.9m #Z5989,Unclassified,LC_Variants,999.0,30.0,,
000000001834580863,JUMP LC/UPC 0.229m BROWN LT+0.9m #Z5989,Unclassified,LC_Variants,999.0,30.0,,
000000001834580864,JUMP LC/UPC 0.193m VIOLET LT+0.9m #Z5989,Unclassified,LC_Variants,999.0,30.0,,
000000001834580867,Flexplane for Ciena 1064810117 1.5M,Harness_Tether,Other,75.0,999.0,,
000000001834580883,"02C ASCD-MDC G657A1 JPR 25M, A-B",Jumpers,Other,65.0,999.0,,
000000001834580884,"02C MDC-MDC G657A1 JPR 25M, A-B",Jumpers,Other,65.0,999.0,,
000000001834580885,"02C MDC-MDC G657A1 JPR 25M, A-A",Jumpers,Other,65.0,999.0,,
000000001834580886,FC/UPC-FC/UPC JUMP SM 3.0mm 3m #S0021,Unclassified,Other_Connector_Types,999.0,40.0,,
000000001834580887,FC/APC-FC/APC JUMP SM 3.0mm 3m #S0021,Unclassified,Other_Connector_Types,999.0,40.0,,
000000001834580890,AFC-AFC PM 1C 3D YL PVC 1M,Unclassified,Other,999.0,999.0,,
000000001834580891,FC-FC PM 1C 3D YL PVC 1M,Unclassified,Other_Connector_Types,999.0,40.0,,
000000001834580892,AFC-FC PM 1C 3D YL PVC 1M,Unclassified,Other_Connector_Types,999.0,40.0,,
000000001834580894,Optical Fiber Pigtail PMF LC 1.5m,Pigtails,LC_Variants,10.0,32.0,,
000000001834580899,2F SM LCD-LCD TE OFNR LSZH - 5M,Unclassified,LC_Variants,999.0,31.0,,
000000001834580900,2F SM LCD-LCD TE OFNR LSZH - 15M,Unclassified,LC_Variants,999.0,31.0,,
000000001834580901,2F SM LCD-LCD TE OFNR LSZH - 45M,Unclassified,LC_Variants,999.0,31.0,,
000000001834580902,2F SM LCD-LCD TE OFNR LSZH - 150M,Unclassified,LC_Variants,999.0,31.0,,
000000001834600021,INTERCONN. MPO MPOF1R20220F122 #S0229,Unclassified,MPO_Group,999.0,10.0,,
000000001834600042,INTERCONN. MPO MPOM12035AATL22 #12877,Unclassified,MPO_Group,999.0,10.0,,
000000001834600237,SM 12F Elite MTP(F) 0.2m Jumper #12877,Jumpers,MTP_Group,22.0,11.0,,
000000001834600238,Oplink old PN: MPOF120351ATL11 #12817,Unclassified,Other,999.0,999.0,,
000000001834600287,24F MPO E(M)-MPO E(M) Type A SM 3M,Unclassified,MPO_Group,999.0,10.0,,
000000001834600289,"MPO(M-M) G657A1 24C RBN JPR 25M, A",Jumpers,MPO_Group,65.0,10.0,,
000000001834600291,"MPO(F-F) G657A1 24C RBN JPR 25M, A",Jumpers,MPO_Group,65.0,10.0,,
000000001834600294,24MPO(F)-12MPO(F) G657A1 RBN JPR 25M,Jumpers,Other,65.0,999.0,,
000000001834600295,24F MPO(F) to 12F MPO(M) 20m ribbon,Unclassified,MPO_Group,999.0,10.0,,
000000001834600298,24MPO(F)-16MMC(F) G657A1 RBN JPR 25M,Jumpers,Other,65.0,999.0,,
000000001834600304,16MPO(M-M) G657A2 3D YL OFNP 10M,Unclassified,Other,999.0,999.0,,
000000001834600305,12MPO(M-M) G657A2 3D YL OFNP 10M,Unclassified,Other,999.0,999.0,,
000000001834600306,8MPO(F-M) G657A2 2D YL OFNP 5M,Unclassified,Other,999.0,999.0,,
000000001834600307,8MPO(F-M) G657A2 2D YL OFNP 10M,Unclassified,Other,999.0,999.0,,
000000001834600311,"MPO(M-M) G657A1 24C RBN JPR 25M, B",Jumpers,MPO_Group,65.0,10.0,,
000000001834600313,24MPO(F)-16MPO(F) G657A1 RBN JPR 25M,Jumpers,Other,65.0,999.0,,
000000001834600314,"MPO(M-M) G657A1 16C RBN JPR 25M, A",Jumpers,MPO_Group,65.0,10.0,,
000000001834600315,"MPO(M-M) G657A1 16C RBN JPR 25M, B",Jumpers,MPO_Group,65.0,10.0,,
000000001834600317,"MPO(M-M) G657A1 12C RBN JPR 25M, A",Jumpers,MPO_Group,65.0,10.0,,
000000001834600318,"MPO(M-M) G657A1 12C RBN JPR 25M, B",Jumpers,MPO_Group,65.0,10.0,,
000000001834600320,"MMC(M-M) G657A1 16C RBN JPR 25M, A",Jumpers,MMC_Group,65.0,12.0,,
000000001834600321,"MMC(M-M) G657A1 16C RBN JPR 25M, B",Jumpers,MMC_Group,65.0,12.0,,
000000001834600322,"24MPO(F)-24MMC(F) G657A1 RBN JPR 25M, A",Jumpers,Other,65.0,999.0,,
000000001834600324,"MMC(M-M) G657A1 24C RBN JPR 25M, B",Jumpers,MMC_Group,65.0,12.0,,
000000001834600325,"MMC(M-M) G657A1 24C RBN JPR 25M, A",Jumpers,MMC_Group,65.0,12.0,,
000000001834600326,"MMC(M-F) G657A1 24C RBN JPR 25M, A",Jumpers,MMC_Group,65.0,12.0,,
000000001834600327,"MMC(M-F) G657A1 24C RBN JPR 25M, B",Jumpers,MMC_Group,65.0,12.0,,
000000001834600328,24F MTP E(M)-MTP E(F) Type A SM A/R 1M,Unclassified,MTP_Group,999.0,11.0,,
000000001834600329,QSFP MTP(F)/APC-MTP(F)/APC SM JMP 10M,Unclassified,MTP_Group,999.0,11.0,,
000000001834600346,12F SM MPO12F-MPO12F TB OFNR LSZH-5M,Unclassified,MPO_Group,999.0,10.0,,
000000001834600347,12F SM MPO12F-MPO12F TB OFNR LSZH-15M,Unclassified,MPO_Group,999.0,10.0,,
000000001834600348,12F SM MPO12F-MPO12F TB OFNR LSZH-45M,Unclassified,MPO_Group,999.0,10.0,,
000000001834600349,12F SM MPO12F-MPO12F TB OFNR LSZH-150M,Unclassified,MPO_Group,999.0,10.0,,
000000001834600354,12F SM MPO12F-MPO12 TB OFNR LSZHx8B-5M,Unclassified,MPO_Group,999.0,10.0,,
000000001834600355,12F SM MPO12F-MPO12 TB OFNR LSZHx8B-15M,Unclassified,MPO_Group,999.0,10.0,,
000000001834600356,12F SM MPO12F-MPO12 TB OFNR LSZHx8B-45M,Unclassified,MPO_Group,999.0,10.0,,
000000001834600357,12F SM MPO12F-MPO12 TB OFNR LSZHx8B-150M,Unclassified,MPO_Group,999.0,10.0,,
000000001834600358,12F OM4 MPO12F-MPO12 2MM TB OFNRx8B-5M,Unclassified,MPO_Group,999.0,10.0,,
000000001834600359,12F OM4 MPO12F-MPO12 2MM TB OFNRx8B-15M,Unclassified,MPO_Group,999.0,10.0,,
000000001834600360,12F OM4 MPO12F-MPO12 2MM TB OFNRx8B-45M,Unclassified,MPO_Group,999.0,10.0,,
000000001834600361,12F OM4 MPO12F-MPO12 2MM TB OFNRx8B-100M,Unclassified,MPO_Group,999.0,10.0,,
000000001834610001,INTERCONN. ADA ADAP2PC20N00003 #S0001,Unclassified,Other,999.0,999.0,,
000000001834610002,INTERCONN. ADA ADAP2PC20NCAM03 #14036,Unclassified,Other,999.0,999.0,,
000000001834610003,INTERCONN. ADA ADAP4PA30F00003 #S0001,Unclassified,Other,999.0,999.0,,
000000001834610021,SC ADAP GREEN HSG NO FLANGE CLEAR CAP,Adapters,Other_Connector_Types,30.0,40.0,,
000000001834610022,SC ADAP BLUE HSG NO FLANGE CLEAR CAP,Adapters,Other_Connector_Types,30.0,40.0,,
000000001834610024,ADAP Duplex LC Green No Flange #S0001,Adapters,LC_Variants,30.0,32.0,,
000000001834610028,ADAP4PC20N00003 #S0001,Unclassified,Other,999.0,999.0,,
000000001834610030,MPO Adapter ADAP1P051F0000B #S0001,Adapters,MPO_Group,30.0,10.0,,
000000001834610033,Oplink old PN: ADAP4PC30N00003 #S0001,Unclassified,Other,999.0,999.0,,
000000001834610038,Senko IP MPO Adapter,Adapters,MPO_Group,30.0,10.0,,
000000001834610039,8 PCS Adapter and Terminator Test Kits,Adapters,Other,30.0,999.0,,
000000001834620015,Oplink old PN: PTFAP3503D0000E #S0069,Unclassified,Other,999.0,999.0,,
000000001834620017,Oplink old PN: PTFAP3503F0000B #S0069,Unclassified,Other,999.0,999.0,,
000000001834620022,Oplink old PN: PTFAP3505F0000B #S0069,Unclassified,Other,999.0,999.0,,
000000001834620034,INTERCONN. PLUG PTFAP3601A00007 #S0069,Unclassified,Other,999.0,999.0,,
000000001834620035,INTERCONN. PLUG PTFAP3602A00007 #S0069,Unclassified,Other,999.0,999.0,,
000000001834620044,INTERCONN. PLUG ACTR0F000DS0KTP #Z3208,Unclassified,Other,999.0,999.0,,
000000001834620047,INTERCONN. PLUG PTFTP3500D00009 #S0164,Unclassified,Other,999.0,999.0,,
000000001834620048,INTERCONN. PLUG PTFTP3500F0000B #S0164,Unclassified,Other,999.0,999.0,,
000000001834620050,Oplink old PN: PTFAP3508C00009 #S0069,Unclassified,Other,999.0,999.0,,
000000001834620051,Oplink old PN: PTFAP3510F0000B #S0069,Unclassified,Other,999.0,999.0,,
000000001834620056,Oplink old PN: PTFAP3506C00009 #S0069,Unclassified,Other,999.0,999.0,,
000000001834620081,Oplink old PN: PTFAP3502F0000B #S0069,Unclassified,Other,999.0,999.0,,
000000001834620102,Oplink old PN: PTFAP3504F0000B #S0069,Unclassified,Other,999.0,999.0,,
000000001834620109,Oplink old PN: PTFAP3506F0000B #S0069,Unclassified,Other,999.0,999.0,,
000000001834620113,Oplink old PN: PTFAP3512C00009 #S0069,Unclassified,Other,999.0,999.0,,
000000001834620120,Oplink old PN: PTFAP3503C00009 #S0069,Unclassified,Other,999.0,999.0,,
000000001834620122,Oplink old PN: PTFAP3505C00009 #S0069,Unclassified,Other,999.0,999.0,,
000000001834620127,Oplink old PN: PTFAP3604A00007 #S0069,Unclassified,Other,999.0,999.0,,
000000001834630006,LC/PC Pluggable Blocking FWDM #15146,Unclassified,LC_Variants,999.0,32.0,,
000000001834640010,1550 nm Optical Attenuating Splicer#8655,Unclassified,Other,999.0,999.0,,
000000001834640017,Splicing Type Attenuator 3dB #13600,Unclassified,Other,999.0,999.0,,
000000001834640020,JUMP-FC/UPC-LC/UPC SM 2.0 YL 1m #Z6008,Unclassified,LC_Variants,999.0,30.0,,
000000001834640021,MPOF-12F MPO(F ELITE)-FC SM A1 2m #Z6008,Unclassified,MPO_Group,999.0,10.0,,
000000001834640022,Jumper Duplex 1m  LC/UPC #Z6031,Jumpers,LC_Variants,22.0,30.0,,
000000001834640023,LC/UPC A1 56.4±0.3cm LT+120cm BF #Z6031,Unclassified,LC_Variants,999.0,30.0,,
000000001834640024,LC/UPC A1 66.4±0.3cm LT+120cm BF#Z6031,Unclassified,LC_Variants,999.0,30.0,,
000000001834640025,LC/UPC A1 77.4±0.3cm LT+120cm BF #Z6031,Unclassified,LC_Variants,999.0,30.0,,
000000001834640026,LC/UPC A2 120±3cm LT+100cm BF #Z6031,Unclassified,LC_Variants,999.0,30.0,,
000000001834640027,LC/UPC A2 130±3cm LT+100cm BF #Z6031,Unclassified,LC_Variants,999.0,30.0,,
000000001834640028,INTERCONN. JUMP JUMPSLCU1EDFA11 #Z6301,Optical_Module,Other,55.0,999.0,,
000000001834640029,N0004662 JUMPER-LC LBL3.3m&LT0.01M#Z5988,Jumpers,LC_Variants,22.0,32.0,,
000000001834640030,JUMP LC/UPC A2 2m BF LT<1MM #Z6065,Unclassified,LC_Variants,999.0,30.0,,
000000001834640031,LC/UPC G657A2 1.1m LT(WH)+0.9 BF #Z6075,Unclassified,LC_Variants,999.0,30.0,,
000000001834640032,JUMP LC/UPC 900um WHITE LT 0.62m #Z6075,Unclassified,LC_Variants,999.0,30.0,,
000000001834650001,Standard 25GHz Interleaver C band #S0387,Unclassified,Other,999.0,999.0,,
000000001834650012,50GHz Interleaver C-band #8179,Unclassified,Other,999.0,999.0,,
000000001834650013,50GHz INTERLEAVER DEMUX #8048,Unclassified,Other,999.0,999.0,,
000000001834650014,50GHz INTERLEAVER MUX #8048,Optical_Module,Other,55.0,999.0,,
000000001834650041,75/150G Interleaver no DCM #15736,Unclassified,Other,999.0,999.0,,
000000001834650045,STD 25G Interleaver C band LC/UPC#S0387,Unclassified,LC_Variants,999.0,30.0,,
000000001834650046,CFOI 65CH 75/150G C LT#Z6031,Unclassified,Other,999.0,999.0,,
000000001834660004,ISOLATOR MINI OIDS15500003111 #S0053,Unclassified,Other,999.0,999.0,,
000000001834660009,Mini OIDS 1550nm 250um 1m No conn #T0474,Unclassified,Other,999.0,999.0,,
000000001834660022,Mini OISAC Band Isolator#10640,Unclassified,Other,999.0,999.0,,
000000001834660024,C-band Mini Isolator  G.657.B3  #12667,Unclassified,Other,999.0,999.0,,
000000001834660035,Lband Single stage w/o connector #14454,Unclassified,Other,999.0,999.0,,
000000001834660070,4-Channel C-band Mini isolator #14119,Unclassified,Other,999.0,999.0,,
000000001834660075,4-Channel L-band Mini isolator#14776,Unclassified,Other,999.0,999.0,,
000000001834660076,L Band Single Stage Dual Optical #14775,Unclassified,Other,999.0,999.0,,
000000001834660099,L Band mini OISS #Z5494,Unclassified,Other,999.0,999.0,,
000000001834660102,C-Band Mini single stage Isolator #15437,Unclassified,Other,999.0,999.0,,
000000001834660105,C-band MINI-SS Isolator #7536,Unclassified,Other,999.0,999.0,,
000000001834660107,MINI OIDS LEAD FREE #7536,Unclassified,Other,999.0,999.0,,
000000001834660111,C-Band MINI OIDS All glass SPEC#Z5827,Unclassified,Other,999.0,999.0,,
000000001834660112,C-band mini single stage isolator #Z5827,Unclassified,Other,999.0,999.0,,
000000001834660114,L band MINI OIDS All glass SPEC#Z5827,Unclassified,Other,999.0,999.0,,
000000001834660116,C band P Single ISO with 980&532nm#Z5967,Unclassified,Other,999.0,999.0,,
000000001834660117,C band P Grade OIDS SMF28 Ultra #Z5968,Unclassified,Other,999.0,999.0,,
000000001834660118,C band P OISS SMF28 Ultra fiber #Z5968,Unclassified,Other,999.0,999.0,,
000000001834660119,L band P single stage isolator #Z5989,Unclassified,Other,999.0,999.0,,
000000001834660122,C band A Grade Dual stage Isolator#Z6075,Unclassified,Other,999.0,999.0,,
000000001834660123,L band A Grade Dual stage Isolator#Z6075,Unclassified,Other,999.0,999.0,,
000000001834660124,C band mini OIDA device #Z6075,Unclassified,Other,999.0,999.0,,
000000001834660125,L band mini OIDA device #Z6075,Unclassified,Other,999.0,999.0,,
000000001834660126,L band P MINI OISS ZBL 2.1M #Z6065,Unclassified,Other,999.0,999.0,,
000000001834660127,Mini AGT OIDS 1523.916-1611.354 #Z6106,Unclassified,Other,999.0,999.0,,
000000001834670001,C-Band dula stage isolator #12773,Unclassified,Other,999.0,999.0,,
000000001834670005,single stage triple isolator#12773,Unclassified,Other,999.0,999.0,,
000000001834680007,ISOLATOR OIDS OIDSG1550PBTI01G #9325,Unclassified,Other,999.0,999.0,,
000000001834680010,ISOLATOR OIDS OIDSG1550SNEC04G #9345,Unclassified,Other,999.0,999.0,,
000000001834680016,ISOLATOR OIDS OIDSG1580SNEC03G #9345,Unclassified,Other,999.0,999.0,,
000000001834680017,ISOLATOR OIDS OIDSG1585S01111 #S0059,Unclassified,Other,999.0,999.0,,
000000001834680031,ISOLATOR OISS OISSG1585S01111 #S0059,Unclassified,Other,999.0,999.0,,
000000001834680061,1550nm faraday rotator mirror #T1218,Unclassified,Other,999.0,999.0,,
000000001834680063,C-band OIDS Ultra fiber W/ LC #9345,Unclassified,LC_Variants,999.0,32.0,,
000000001834680066,C-BAND Dual stage isolator LC/APC #S0059,Unclassified,LC_Variants,999.0,30.0,,
000000001834680072,C band OIDS  Std PMD type #S0059,Unclassified,Other,999.0,999.0,,
000000001834680075,E-band Single stage Isolator #16195,Unclassified,Other,999.0,999.0,,
000000001834690001,LLCC 8CH Compact Package #S0022,Unclassified,Other,999.0,999.0,,
000000001834690004,10CH LLCC Component  upper #13662,Unclassified,Other,999.0,999.0,,
000000001834690028,10-CH Low-loss CWDM (LLCC) device #13662,Unclassified,Other,999.0,999.0,,
000000001834710037,NTE00860 2-1X68 SW for BW #Z5196,Unclassified,Other,999.0,999.0,,
000000001834710067,8Plus-TS230307 1PCS 980/1550 Drive#Z5234,Unclassified,Other,999.0,999.0,,
000000001834710074,C Band WBA for Lario #Z4731,Unclassified,Other,999.0,999.0,,
000000001834710075,L Band WBA for Lario #Z4731,Unclassified,Other,999.0,999.0,,
000000001834710077,2x35 Switch Box manufacture tool #Z5769,Unclassified,Other,999.0,999.0,,
000000001834710078,4x16 Switch Box manufacture tool #Z5769,Unclassified,Other,999.0,999.0,,
000000001834710080,Manufacture Tool OTDR Switch Box #Z5832,Unclassified,Other,999.0,999.0,,
000000001834710087,16X16 Matrix Optical Swtich #Z5886,Unclassified,Other,999.0,999.0,,
000000001834710088,8Plus-TS220610 2X4 Switch TEST #Z5234,Unclassified,Other,999.0,999.0,,
000000001834710094,32CH With Tap PD Array #Z5894,Unclassified,Other,999.0,999.0,,
000000001834710097,DS24 CAMEL DC CARD Calibration #Z6010,Unclassified,Other,999.0,999.0,,
000000001834710100,S-band Multi-CH Light source #Z5974,Unclassified,Other,999.0,999.0,,
000000001834710113,Light Source Box #Z4731,Unclassified,Other,999.0,999.0,,
000000001834710115,Splitter 1*32 BOX #Z4731,Splitter_Cables,Other,18.0,999.0,,
000000001834710116,Splitter 1*64 BOX #Z4731,Splitter_Cables,Other,18.0,999.0,,
000000001834710117,32x2 Optical Switch Module #Z6118,Unclassified,Other,999.0,999.0,,
000000001834720016,Rack-Mount Front Panel  #10441,Unclassified,Other,999.0,999.0,,
000000001834720017,Patch Panel Blank Plate 216X43.2 #7235,Unclassified,Other,999.0,999.0,,
000000001834720018,Patch Panel Shelf Mechanical Assembly,Unclassified,Other,999.0,999.0,,
000000001834720025,"1RU 19"" Super HD patch panel #14711",Unclassified,Other,999.0,999.0,,
000000001834720027,1U Chassis with 19&23 Brackets #14679,Unclassified,Other,999.0,999.0,,
000000001834720030,1RU front Panel hold 3 pcs LGX #14758,Unclassified,Other,999.0,999.0,,
000000001834720043,2 LGX wall-mount bracket #14275,Unclassified,Other,999.0,999.0,,
000000001834730036,Crystal with Glass tube #15590,Unclassified,Other,999.0,999.0,,
000000001834730041,PTL-K10 S-1.8-8 657A1 6.5-7 2m #Z5715,Unclassified,Other,999.0,999.0,,
000000001834730042,PTLX-K10 D-1.8-10 H XXX L6.5 #Z5715,Unclassified,Other,999.0,999.0,,
000000001834730065,PTL-K10 D-1.8-8 H 125 L6.5 BL/CL #Z5715,Unclassified,Other,999.0,999.0,,
000000001834730066,PTL-K10 S-1.8-8 28E 6.5-7 3M APOD #Z5715,Unclassified,Other,999.0,999.0,,
000000001834730067,PTL-K10 D-1.8-8 H125 6.5 3M #Z5715,Unclassified,Other,999.0,999.0,,
000000001834730071,N0003522 Waveplate  Bern #Z5988,Unclassified,Other,999.0,999.0,,
000000001834730072,N0003762 PDL Plate  Bern #Z5988,Unclassified,Other,999.0,999.0,,
000000001834730073,N0003516 Plate #Z5988,Unclassified,Other,999.0,999.0,,
000000001834730074,Center Piece P-band 1308.4-1348.5 #Z6029,Unclassified,Other,999.0,999.0,,
000000001834730077,PTL S-1.8-8 6.5-7 4M APOD #Z6039,Unclassified,Other,999.0,999.0,,
000000001834730078,PTL D-1.8-10 H125 6.5 4M APOD #Z6039,Unclassified,Other,999.0,999.0,,
000000001834740037,100GHz 6ch OADM Half LGX C38-C43 #13592,Optical_Module,Other,55.0,999.0,,
000000001834740087,100G 8-Ch (C21-C28) Mux&Demux #14122,Optical_Module,Other,55.0,999.0,,
000000001834740090,8Ch 100G C20-C28 HS#851762 #2292,Unclassified,Other,999.0,999.0,,
000000001834740103,8Ch 100G Mux/Demux Module #2292,Optical_Module,Other,55.0,999.0,,
000000001834740109,8-ch 100G DWDM w/Tap C52-C59 #6555,Unclassified,Other,999.0,999.0,,
000000001834740110,8Ch 100G C52-C60 HS#851762 #2292,Unclassified,Other,999.0,999.0,,
000000001834740155,Green 4ch 100G DWDM Demux C42-C45 #6437,Unclassified,Other,999.0,999.0,,
000000001834740156,Green 4ch 100G DWDM Mux C42-C45 #6437,Optical_Module,Other,55.0,999.0,,
000000001834740165,Green 4ch 100G DWDM Demux C57-C60 #6437,Unclassified,Other,999.0,999.0,,
000000001834740166,Green 4ch 100G DWDM Mux C57-C60 #6437,Optical_Module,Other,55.0,999.0,,
000000001834740192,i-Temp 100GHz 16-CH OADM Modules #14124,Optical_Module,Other,55.0,999.0,,
000000001834740193,i-Temp 100GHz 16-CH OADM Modules #14124,Optical_Module,Other,55.0,999.0,,
000000001834740194,i-Temp 100GHz 16-CH OADM Modules #14124,Optical_Module,Other,55.0,999.0,,
000000001834740195,i-Temp 100GHz 16-CH OADM Modules #14124,Optical_Module,Other,55.0,999.0,,
000000001834740321,4ch 100G C21-C24 LGX #14679,Unclassified,Other,999.0,999.0,,
000000001834740322,4ch 100G C25-C28 LGX #14679,Unclassified,Other,999.0,999.0,,
000000001834740323,4ch 100G C29-C32 LGX #14679,Unclassified,Other,999.0,999.0,,
000000001834740324,4ch 100G C33-C36 LGX #14679,Unclassified,Other,999.0,999.0,,
000000001834740325,4ch 100G C37-C40 LGX #14679,Unclassified,Other,999.0,999.0,,
000000001834740326,4ch 100G C41-C44 LGX #14679,Unclassified,Other,999.0,999.0,,
000000001834740362,100G + Red/Blue Filter Module A+B #Z5170,Unclassified,Other,999.0,999.0,,
000000001834740391,8-Ch EWDM Module Tray #7259,Unclassified,Other,999.0,999.0,,
000000001834740459,FOSC-OC-3DND1204NN2T-U45,Unclassified,Other,999.0,999.0,,
000000001834740462,4CH DWDM C21-C24 MINI MR4 45020597#Z5538,Unclassified,Other,999.0,999.0,,
000000001834740463,4CH DWDM C25-C28 MINI MR4 45020598#Z5538,Unclassified,Other,999.0,999.0,,
000000001834740464,4CH DWDM C29-C32 MINI MR4 45020599#Z5538,Unclassified,Other,999.0,999.0,,
000000001834740465,4CH DWDM C33-C36 MINI MR4 45020600#Z5538,Unclassified,Other,999.0,999.0,,
000000001834740466,4CH DWDM C37-C40 MINI MR4 45020601#Z5538,Unclassified,Other,999.0,999.0,,
000000001834740467,4CH DWDM C41-C44 MINI MR4 45020602#Z5538,Unclassified,Other,999.0,999.0,,
000000001834740468,4CH DWDM C45-C48 MINI MR4 45020603#Z5538,Unclassified,Other,999.0,999.0,,
000000001834740469,4CH DWDM C49-C52 MINI MR4 45020604#Z5538,Unclassified,Other,999.0,999.0,,
000000001834740470,4CH DWDM C53-C56 MINI MR4 45020605#Z5538,Unclassified,Other,999.0,999.0,,
000000001834740471,4CH DWDM C57-C60 MINI MR4 45020606#Z5538,Unclassified,Other,999.0,999.0,,
000000001834740472,100G + Red/Blue Filter Module A+B #Z5543,Unclassified,Other,999.0,999.0,,
000000001834740473,100G + Red/Blue Filter Module A+C #Z5543,Unclassified,Other,999.0,999.0,,
000000001834740520,FSCDDD1B5011BAT4,Unclassified,Other,999.0,999.0,,
000000001834740521,FSCDDD1B3811BAT4,Unclassified,Other,999.0,999.0,,
000000001834740522,FSCDDD1B2611BAT4,Unclassified,Other,999.0,999.0,,
000000001834740523,FSCDDD1B1411BAT4,Unclassified,Other,999.0,999.0,,
000000001834740524,FSCDDD1E3811BAT4,Unclassified,Other,999.0,999.0,,
000000001834740525,FSCDDD1E1411BAT4,Unclassified,Other,999.0,999.0,,
000000001834740529,NG4FD1ML2B501BAT4,Unclassified,Other,999.0,999.0,,
000000001834740539,NT2-12DDT6150DBP,Unclassified,Other,999.0,999.0,,
000000001834740540,NT2-12DDT4938DBP,Unclassified,Other,999.0,999.0,,
000000001834740541,NT2-12DDT3726DBP,Unclassified,Other,999.0,999.0,,
000000001834740542,NT2-12DDT2514DBP,Unclassified,Other,999.0,999.0,,
000000001834740543,NT2-24DDT6138DBP,Unclassified,Other,999.0,999.0,,
000000001834740544,NT2-24DDT3714DBP,Unclassified,Other,999.0,999.0,,
000000001834740545,NT2-36DDT6126DBP,Unclassified,Other,999.0,999.0,,
000000001834740546,NT2-48DDT6114DBP,Unclassified,Other,999.0,999.0,,
000000001834740595,4 CH IN-LINE DWDM Module #15808,Unclassified,Other,999.0,999.0,,
000000001834740641,PRO1D1M1B501BATX,Unclassified,Other,999.0,999.0,,
000000001834740642,PRO2D1M1E381BATX,Unclassified,Other,999.0,999.0,,
000000001834740643,PRO3D1M1H141BATX,Unclassified,Other,999.0,999.0,,
000000001834740647,FSCADD1B5011BAT4,Unclassified,Other,999.0,999.0,,
000000001834740648,FSCADD1B3811BAT4,Unclassified,Other,999.0,999.0,,
000000001834740649,FSCADD1B2611BAT4,Unclassified,Other,999.0,999.0,,
000000001834740650,FSCADD1B1411BAT4,Unclassified,Other,999.0,999.0,,
000000001834740653,2ch 100G Add/Drop Module C27&C28 #9696,Unclassified,Other,999.0,999.0,,
000000001834740655,12CH 50-61 (Single) Cassette #16300,Unclassified,Other,999.0,999.0,,
000000001834740659,24CH 38-61(Single) Cassette #16300,Unclassified,Other,999.0,999.0,,
000000001834770005,40CH 100G AAWG M&D 1RU with OSC #14609,Unclassified,Other,999.0,999.0,,
000000001834770007,40Ch 100G Athermal AWG+1310+1%Tap #10516,Unclassified,Other,999.0,999.0,,
000000001834770008,40 Ch 100GHz Athermal  AWG+ 1%Tap #10516,Unclassified,Other,999.0,999.0,,
000000001834770033,FRU: 2RU MX/DMX MSFT DCI-Amp #14822,Unclassified,Other_MultiFiber,999.0,15.0,,
000000001834770036,48CH Wide Band AAWG chassis #15237,Unclassified,Other,999.0,999.0,,
000000001834770037,150G AAWG with ITL CMD64 Type 2 #15260,Unclassified,Other,999.0,999.0,,
000000001834770038,75G 64CH AWG M&D 2RU module  #15275,Unclassified,Other,999.0,999.0,,
000000001834770039,2RU MX/DMX MSFT 400ZR #15347,Unclassified,Other_MultiFiber,999.0,15.0,,
000000001834770040,FRU: 2RU MX/DMX MSFT DCI-Amp #14822,Unclassified,Other_MultiFiber,999.0,15.0,,
000000001834770041,48CH Wide Band AAWG chassisLC/APC #15237,Unclassified,Other,999.0,999.0,,
000000001834770043,1RU M/D 150G AAWG chassis(no ITL) #15554,Unclassified,Other,999.0,999.0,,
000000001834770045,300G AAWG with ITL CMD32  #15867,Unclassified,Other,999.0,999.0,,
000000001834770047,150G ITL & 300G AWG bundle module #T1563,Unclassified,Other,999.0,999.0,,
000000001834780002,P-BOX CIR MIOC131003GOG12 #12582,Unclassified,Other,999.0,999.0,,
000000001834780003,32CH MIOC array #10231,Unclassified,Other,999.0,999.0,,
000000001834780014,8-CH circulator CH1-CH8 #T1556,Unclassified,Other,999.0,999.0,,
000000001834780015,8-CH circulator CH9-CH16 #T1556,Unclassified,Other,999.0,999.0,,
000000001834780016,8-CH circulator CH17-CH24 #T1556,Unclassified,Other,999.0,999.0,,
000000001834780017,8-CH circulator CH25-CH32 T1556,Unclassified,Other,999.0,999.0,,
000000001834780019,Dual Channel Circulator Module #15841,Unclassified,Other,999.0,999.0,,
000000001834780026,64CH circulator array #16079,Unclassified,Other,999.0,999.0,,
000000001834780027,8-CH circulator S1-S8,Unclassified,Other,999.0,999.0,,
000000001834780028,8-CH circulator S9-S16,Unclassified,Other,999.0,999.0,,
000000001834780029,8-CH circulator S17-S24,Unclassified,Other,999.0,999.0,,
000000001834780030,8-CH circulator S25-S32,Unclassified,Other,999.0,999.0,,
000000001834780031,8-CH circulator N1-N8,Unclassified,Other,999.0,999.0,,
000000001834780032,8-CH circulator N9-N16,Unclassified,Other,999.0,999.0,,
000000001834780033,8-CH circulator N17-N24,Unclassified,Other,999.0,999.0,,
000000001834780034,8-CH circulator N25-N32,Unclassified,Other,999.0,999.0,,
000000001834780035,64CH circulator array(Dummy) #16079,Unclassified,Other,999.0,999.0,,
000000001834780036,"Optical FUMO AUX Module, LC/APC #Z6109",Unclassified,LC_Variants,999.0,30.0,,
000000001834780037,8-CH circulator S1-S8 for old C64,Unclassified,Other,999.0,999.0,,
000000001834780038,8-CH circulator S9-S16 for old C64,Unclassified,Other,999.0,999.0,,
000000001834780039,8-CH circulator S17-S24 for old C64,Unclassified,Other,999.0,999.0,,
000000001834780040,8-CH circulator S25-S32 for old C64,Unclassified,Other,999.0,999.0,,
000000001834780041,8-CH circulator N1-N8 for old C64,Unclassified,Other,999.0,999.0,,
000000001834780042,8-CH circulator N9-N16 for old C64,Unclassified,Other,999.0,999.0,,
000000001834780043,8-CH circulator N17-N24 for old C64,Unclassified,Other,999.0,999.0,,
000000001834780044,8-CH circulator N25-N32 for old C64,Unclassified,Other,999.0,999.0,,
000000001834790003,P-BOX SPLIT DWFC025000ERI01G #13607,Splitter_Cables,Other,18.0,999.0,,
000000001834790013,P-BOX SPLIT DWTC020400ERI01G #13607,Splitter_Cables,Other,18.0,999.0,,
000000001834790016,C Band Tap Coupler Module #13610,Adapters,Other,30.0,999.0,,
000000001834790043,P-BOX SPLIT PATC4YCABMTLB01 #8364,Splitter_Cables,Other,18.0,999.0,,
000000001834790044,P-BOX SPLIT PATC4YCABSTLB01 #8364,Splitter_Cables,Other,18.0,999.0,,
000000001834790048,1x2 Tilted Fused Module 1520-1570 #7674,Unclassified,Other,999.0,999.0,,
000000001834790050,P-BOX SPLIT SWFC111000ATL01G #13292,Splitter_Cables,Other,18.0,999.0,,
000000001834790054,P-BOX SPLIT SWFC115000ATL01G #13292,Splitter_Cables,Other,18.0,999.0,,
000000001834790056,P-BOX SPLIT SWFC1150P003319 #S0070,Splitter_Cables,Other,18.0,999.0,,
000000001834790062,P-BOX SPLIT SWFC3150P0MOP01G #9849,Splitter_Cables,Other,18.0,999.0,,
000000001834790065,2pcs SWFC 1x2 5/95 1W LGX FC/SPC #10589,Unclassified,Other_Connector_Types,999.0,40.0,,
000000001834790067,2pcs SWFC 1x2 50/50 1W LGX FC/SPC #10589,Unclassified,Other_Connector_Types,999.0,40.0,,
000000001834790068,1x2 Taps Cassette Package #12763,Unclassified,Other,999.0,999.0,,
000000001834790077,P-BOX COUPLER SWTC118P0002219 #S0171,Adapters,Other,30.0,999.0,,
000000001834790080,SWTC 1528-1570 1X5 85X75X8 LC/PC #Z3327,Unclassified,LC_Variants,999.0,32.0,,
000000001834790089,C Band 4x16 Splitter w LC #14488,Splitter_Cables,LC_Variants,18.0,32.0,,
000000001834790093,P-BOX SPLIT PLCS116P1R10023 #S0064,Splitter_Cables,Other,18.0,999.0,,
000000001834790100,1x2 10/90 Tap Splitter Array #9072,Splitter_Cables,Other,18.0,999.0,,
000000001834790113,P-BOX COUPLER SWTC510502TEJ01G #12762,Adapters,Other,30.0,999.0,,
000000001834790145,HD MTP MM 70:30 MCTSTRAYMMVER31 #14711,Unclassified,MTP_Group,999.0,11.0,,
000000001834790152,MonCS Module w Half-width Tray #14880,Unclassified,Other,999.0,999.0,,
000000001834790153,C Band 8x16 Splitter wLC #14488,Splitter_Cables,Other,18.0,999.0,,
000000001834790163,Dual 4x4 Coupler in CO form #14944,Adapters,Other,30.0,999.0,,
000000001834790169,C Band 8x8 Splitter w LC #14488,Splitter_Cables,LC_Variants,18.0,32.0,,
000000001834790201,Dual 10/90 Couplers 1W LGX Box#10589,Adapters,Other,30.0,999.0,,
000000001834790207,Splitter Module 45010290 #Z5453,Splitter_Cables,Other,18.0,999.0,,
000000001834790209,SWFC BOX 1x2 30/70 1480-1625nm  #13292,Unclassified,Other,999.0,999.0,,
000000001834790215,SWFC C+L Band 1x2 1/99 P3+cable #S0070,Unclassified,Other,999.0,999.0,,
000000001834790216,SWFC C+L Band 1x2 10/90 P3+cable #S0070,Unclassified,Other,999.0,999.0,,
000000001834790217,SWFC C+L Band 1x2 20/80 P3+cable #S0070,Unclassified,Other,999.0,999.0,,
000000001834790218,SWFC C+L Band 1x2 50/50 P3+cable #S0070,Unclassified,Other,999.0,999.0,,
000000001834790221,Dual Couplers Modules 1310nm 50/50#10849,Adapters,Other,30.0,999.0,,
000000001834790231,Fixed Reflection Module #15669,Unclassified,Other,999.0,999.0,,
000000001834790232,C Band 4x8 Splitter w LC #14488,Splitter_Cables,LC_Variants,18.0,32.0,,
000000001834790234,Tap+100G C06 Module 45010310 #Z5717,Unclassified,Other,999.0,999.0,,
000000001834790235,SWFC C+L Band 1x2 5/95 P3+cable #S0070,Unclassified,Other,999.0,999.0,,
000000001834790236,1x8 Splitter Module #15214,Splitter_Cables,Other,18.0,999.0,,
000000001834790246,Splitter Module 45010318 #Z5808,Splitter_Cables,Other,18.0,999.0,,
000000001834790249,1x4 PM Fused Splitter Module #Z5863,Splitter_Cables,Other,18.0,999.0,,
000000001834790251,1x8 PM Fused Splitter Module #Z5863,Splitter_Cables,Other,18.0,999.0,,
000000001834790253,LC-MT Module #Z5868,Unclassified,LC_Variants,999.0,32.0,,
000000001834790254,C Band Splitter Module 45010323 #Z5871,Splitter_Cables,Other,18.0,999.0,,
000000001834790257,Twins 1x8 PLC Pencil Box A2 FB #Z5926,Unclassified,Other_Connector_Types,999.0,40.0,,
000000001834790258,Splitter+WDM 1271-1411/1431-1571 #Z5948,Splitter_Cables,Transceiver_Rating,18.0,50.0,,
000000001834790261,1x4 PLC Splitter Array 1RU Chassis#Z4444,Splitter_Cables,Other_Connector_Types,18.0,40.0,,
000000001834790264,2x6 coupler module 1/99 & 50/50 #Z6001,Adapters,Other,30.0,999.0,,
000000001834790265,16pcs 1x2 1/99 Coupler Array #Z6000,Adapters,Other,30.0,999.0,,
000000001834790266,32-TAP Array 10/90 #16115,Unclassified,Other,999.0,999.0,,
000000001834790267,LC-MPO Module #Z6014,Unclassified,MPO_Group,999.0,10.0,,
000000001834790268,1310 Band 50/50 Splitter Outdoor #16198,Splitter_Cables,Other,18.0,999.0,,
000000001834790269,1310 Band 50/50 Splitter Indoor #16199,Splitter_Cables,Other,18.0,999.0,,
000000001834790273,SWFC C+L Band 2x2 50/50 P3+cable #S0070,Unclassified,Other,999.0,999.0,,
000000001834790274,LPTC 1X2 50% C Band P 3mm cable #S0093,Unclassified,Other,999.0,999.0,,
000000001834790278,SWTC C Band 1x4 P1 3mm LC/UPC  #S0171,Unclassified,LC_Variants,999.0,30.0,,
000000001834790279,SWTC C Band 1x8 P1 3mm LC/UPC #S0171,Unclassified,LC_Variants,999.0,30.0,,
000000001834800008,4+1+1 Coarse WDM Modules #8355,Unclassified,Transceiver_Rating,999.0,50.0,,
000000001834800093,8ch CWDM Mux/Demux with Upg Module #6763,Optical_Module,Other,55.0,999.0,,
000000001834800094,8ch CWDM Mux/Demux with Upg Module#6763,Optical_Module,Other,55.0,999.0,,
000000001834800234,2ch CWDM OADM Module 1471/1491 #9789,Optical_Module,Other,55.0,999.0,,
000000001834800240,8 CH  Mux/Demux Module #6273,Optical_Module,Other,55.0,999.0,,
000000001834800247,Coarse WDM Modules #8360,Unclassified,Transceiver_Rating,999.0,50.0,,
000000001834800276,4CH CWDM MUX&DEMUX WITH UPGRADE #7679,Optical_Module,Other,55.0,999.0,,
000000001834800288,FOSC-OC-6CBC471NN2T-US23,Unclassified,Other,999.0,999.0,,
000000001834800299,16ch CWDM Module 1271-1571nm #Z5951,Unclassified,Other,999.0,999.0,,
000000001834820011,50/100 wide BW Interleaver XTG #14759,Unclassified,Other,999.0,999.0,,
000000001834820013,75/150G interleaver box #Z5066,Unclassified,Other,999.0,999.0,,
000000001834820014,50/100G Interleaver box no DCM #Z5180,Unclassified,Other,999.0,999.0,,
000000001834820015,50G 96Ch low CD Interleaver box#Z5277,Unclassified,Other,999.0,999.0,,
000000001834820016,50/100G 96CH interleaver box #Z5268,Unclassified,Other,999.0,999.0,,
000000001834840042,OTDR LaunchFiber OMSSG16250VIA02G #14639,Unclassified,Other,999.0,999.0,,
000000001834840052,LGX BOX 24F MPO(M)-LC/APC G657A1 #14946,Unclassified,MPO_Group,999.0,10.0,,
000000001834840061,FDP Shuffle Module Type 1 (ODM),Shuffle_Cables,Other,20.0,999.0,,
000000001834840062,FDP Shuffle Module Type 2 (ODM),Shuffle_Cables,Other,20.0,999.0,,
000000001834840063,FDP Shuffle Module Type 3 (ODM),Shuffle_Cables,Other,20.0,999.0,,
000000001834840066,8(2x2) SM FLEXPLANE FOR Nvidia PB-1,Harness_Tether,Other,75.0,999.0,,
000000001834840067,8(2x2) SM FLEXPLANE FOR Nvidia PB-2,Harness_Tether,Other,75.0,999.0,,
000000001834840070,8(2x2) OM4 FLEXPLANE FOR Nvidia PB-1,Harness_Tether,Other,75.0,999.0,,
000000001834840071,8(2x2) OM4 FLEXPLANE FOR Nvidia PB-2,Harness_Tether,Other,75.0,999.0,,
000000001834840074,512F shuffle box #16154,Shuffle_Cables,Other,20.0,999.0,,
000000001834840079,Ruijie DMY Sample-L1,Unclassified,Other,999.0,999.0,,
000000001834840080,Ruijie DMY Sample-L2,Unclassified,Other,999.0,999.0,,
000000001834840081,16port Break out,Breakout,Other,28.0,999.0,,
000000001834840088,Flexplane 128F SM 16F MTP(M-M),Harness_Tether,MTP_Group,75.0,11.0,,
000000001834840089,Flexplane 128F SM 16F MPO(M-M),Harness_Tether,MPO_Group,75.0,10.0,,
000000001834860008,4 CH IN-LINE BPF Module #14147,Unclassified,Other,999.0,999.0,,
000000001834860009,4Ch MUX+DEMUX cassette (CMD4) #14147,Optical_Module,Other,55.0,999.0,,
000000001834860021,Green 4ch 100G 4-skip-1 BWDM #6892,Unclassified,Other,999.0,999.0,,
000000001834860035,2 WDM 1650nm in LGX Box Low Pass#13031,Unclassified,Transceiver_Rating,999.0,50.0,,
000000001834860036,2 WDM 1625nm in LGX Box Low Pass #13031,Unclassified,Transceiver_Rating,999.0,50.0,,
000000001834860041,2 WDM 1625nm in LGX Box #13029,Unclassified,Transceiver_Rating,999.0,50.0,,
000000001834860042,Bypass 1650nm in LGX Box #13030,Unclassified,Other,999.0,999.0,,
000000001834860043,Bypass 1625nm in LGX Box #13030,Unclassified,Other,999.0,999.0,,
000000001834860116,2 OTDR WDMs LGX MWDMG1615XVIA02G #14618,Unclassified,Other,999.0,999.0,,
000000001834860118,U Band OTU Box MWDMG15160VIA01G #14652,Unclassified,Other,999.0,999.0,,
000000001834860119,U Band OTU Box MWDMG1615XVIA03G #14653,Unclassified,Other,999.0,999.0,,
000000001834860140,OMDCL Module HS#851762 #14974,Unclassified,Other,999.0,999.0,,
000000001834860154,XFIU 45020509 #Z5266,Unclassified,Other,999.0,999.0,,
000000001834860157,2 WDM 1650nm in LGX Box #13029,Unclassified,Transceiver_Rating,999.0,50.0,,
000000001834860159,6ch BWDM Module 1267.5-1374.5nm #Z5278,Unclassified,Other,999.0,999.0,,
000000001834860171,Passive FIU Module Extend C Band #Z5306,Unclassified,Other,999.0,999.0,,
000000001834860197,6ch BWDM Module 1267.5-1374.5nm #Z5394,Unclassified,Other,999.0,999.0,,
000000001834860198,1310&1550/1625 SPF 2mm FC/APC #9324,Unclassified,Other_Connector_Types,999.0,40.0,,
000000001834860202,C+L FIU 45020566 #Z5411,Unclassified,Other,999.0,999.0,,
000000001834860210,WDM Module XFIU 45020594 #Z5529,Unclassified,Transceiver_Rating,999.0,50.0,,
000000001834860211,WDM Module XFIU 45020584 #Z5534,Unclassified,Transceiver_Rating,999.0,50.0,,
000000001834860216,48 WDMs 1260-1620/1640-1670 1U #15518,Unclassified,Other,999.0,999.0,,
000000001834860218,WDM Module XFIU 45020620 #Z5622,Unclassified,Transceiver_Rating,999.0,50.0,,
000000001834860224,48 WDMs 1260-1620/1640-1670 2/3RU #15632,Unclassified,Other,999.0,999.0,,
000000001834860227,WDM FIU Module 45020638 #Z5702,Unclassified,Transceiver_Rating,999.0,50.0,,
000000001834860228,C+L WDM Module 45020639 #Z5710,Unclassified,Transceiver_Rating,999.0,50.0,,
000000001834860229,2-CH MWDM 1267.5 / 1274.5nm #Z5738,Unclassified,Other,999.0,999.0,,
000000001834860230,2-CH MWDM 1287.5 / 1294.5nm #Z5738,Unclassified,Other,999.0,999.0,,
000000001834860231,2-CH MWDM 1307.5 / 1314.5nm #Z5738,Unclassified,Other,999.0,999.0,,
000000001834860232,2-CH MWDM 1327.5 / 1334.5nm #Z5738,Unclassified,Other,999.0,999.0,,
000000001834860233,2-CH MWDM 1347.5 / 1354.5nm #Z5738,Unclassified,Other,999.0,999.0,,
000000001834860234,2-CH MWDM 1367.5 / 1374.5nm #Z5738,Unclassified,Other,999.0,999.0,,
000000001834860247,48 WDMs 1260-1620/1640-1670 2/3RU #15632,Unclassified,Other,999.0,999.0,,
000000001834860249,16ch WDM Array 45020663 #Z5822,Unclassified,Transceiver_Rating,999.0,50.0,,
000000001834860256,OMDCL-B Module #15925,Unclassified,Other,999.0,999.0,,
000000001834860258,4-skip-1 Band WDM MUX+DMX Module #15956,Optical_Module,Other_MultiFiber,55.0,15.0,,
000000001834860259,MP24-1 GF Patch Panels #15923,Unclassified,Other,999.0,999.0,,
000000001834860260,MP24-2 GF Patch Panels #15923,Unclassified,Other,999.0,999.0,,
000000001834860262,4 WDM C Band in COTU #14743,Unclassified,Transceiver_Rating,999.0,50.0,,
000000001834860264,Bypass 1625nm in LGX Box LC/UPC #13030,Unclassified,LC_Variants,999.0,30.0,,
000000001834860266,72 WDMs LPF1640 6-port LC 1U #15982,Unclassified,LC_Variants,999.0,32.0,,
000000001834860273,Passive Raman Module LPF+Isolator #16080,Unclassified,Other,999.0,999.0,,
000000001834860276,MP32 1RU #16131,Unclassified,Other,999.0,999.0,,
000000001834860277,Dual Bypass 1625nm LGX BOX LC/UPC #13030,Unclassified,LC_Variants,999.0,30.0,,
000000001834860279,O/E/S/C/L MUX & DEMUX Module #15905,Optical_Module,Other,55.0,999.0,,
000000001834860280,MP24-1 ZF Patch Panels #16166,Unclassified,Other,999.0,999.0,,
000000001834860281,MP24-2 ZF Patch Panels #16175,Unclassified,Other,999.0,999.0,,
000000001834860282,1640-1675nm Pass Patchcord Filter #9881,Jumpers,Other,22.0,999.0,,
000000001834860283,48 WDMs LPF1640 6-port LC 1U #15982,Unclassified,LC_Variants,999.0,32.0,,
000000001834860284,MP24-1 Semi-finished module #Z6079,Unclassified,Other,999.0,999.0,,
000000001834860285,MP24-2 Semi-finished module #Z6079,Unclassified,Other,999.0,999.0,,
000000001834860286,MP24-1 GFL-YN Patch Panels #16282,Unclassified,Other,999.0,999.0,,
000000001834860287,MP24-2 GFL-YN Patch Panels #16283,Unclassified,Other,999.0,999.0,,
000000001834860289,MP24-1 GFL-YN Semi-finished module#Z6137,Unclassified,Other,999.0,999.0,,
000000001834860290,MP24-2 GFL-YN Semi-finished module#Z6137,Unclassified,Other,999.0,999.0,,
000000001834870004,2pcs PMTC 1x2 50/50 1W LGX FC/SPC #16014,Unclassified,Other_Connector_Types,999.0,40.0,,
000000001834890005,PD ITMA 5% 4Ch OSCL 900um G LC #6959,Unclassified,LC_Variants,999.0,32.0,,
000000001834890015,20 channel ITMA 2% #14450,Unclassified,Other,999.0,999.0,,
000000001834890022,PD UTMA 5% 4Ch CL 28e+ 900um None #13639,Unclassified,Other_Connector_Types,999.0,40.0,,
000000001834890023,PD UTMA 1% 6Ch (O)CL 250um None #10794,Unclassified,Other_Connector_Types,999.0,40.0,,
000000001834890025,8ch UTMA UTMA080120CIE12 #10729,Unclassified,Other_Connector_Types,999.0,40.0,,
000000001834890026,8ch 2% UTMA C band 900um 1m #10088,Unclassified,Other_Connector_Types,999.0,40.0,,
000000001834890032,PD UTMA 2% 10Ch C 250um G LC/LC #7880,Unclassified,LC_Variants,999.0,30.0,,
000000001834890033,PD UTMA 5% 22Ch CL 250um G None #14073,Unclassified,Other_Connector_Types,999.0,40.0,,
000000001834890076,1% 12Ch CL ITMA Type 9 #14910,Unclassified,Other,999.0,999.0,,
000000001834890077,1% 12Ch CL ITMA Type 10 #14910,Unclassified,Other,999.0,999.0,,
000000001834890078,1% 12Ch CL ITMA Type 11 #14910,Unclassified,Other,999.0,999.0,,
000000001834890079,1% 12Ch CL ITMA Type 12 #14910,Unclassified,Other,999.0,999.0,,
000000001834890119,8ch 5% UTMA L band Output MU  #15147,Unclassified,Other_Connector_Types,999.0,40.0,,
000000001834890120,8ch 5% UTMA L band Input MU #15147,Unclassified,Other_Connector_Types,999.0,40.0,,
000000001834890133,8ch PIPA CL 2GHz Com N 250um 1M #S0062,Unclassified,Other,999.0,999.0,,
000000001834890147,32ch 2% CL band PD Array #16307,Unclassified,Other,999.0,999.0,,
000000001834910021,PD ITMS 0.5% C P1 250um G None #5095,Unclassified,Other,999.0,999.0,,
000000001834910022,PD ITMS 1% C P1 250um G None #5095,Unclassified,Other,999.0,999.0,,
000000001834910024,1% P1 ITMS for ITMSC01050CIE01 #8557,Unclassified,Other,999.0,999.0,,
000000001834910026,3% P1 ITMS for ITMSC03050CIE03 #7546,Unclassified,Other,999.0,999.0,,
000000001834910027,PD ITMS 5% C P1 250um G None #5095,Unclassified,Other,999.0,999.0,,
000000001834910036,10% ITMS CL band 250um 1m #10315,Unclassified,Other,999.0,999.0,,
000000001834910041,2% ITMS 1310 1550 900um  P5 FC  #8973,Unclassified,Other_Connector_Types,999.0,40.0,,
000000001834910042,2% ITMS 1310 1550 900um P5 FCA  #8973,Unclassified,Other,999.0,999.0,,
000000001834910046,2% ITMS 1310/1550nm SMF fiber LC#S0019,Unclassified,LC_Variants,999.0,32.0,,
000000001834910047,5% ITMS P4 CL 900um LC  #Z3844.,Unclassified,LC_Variants,999.0,32.0,,
000000001834910060,PD UTMS 1% CL P5 900um G FC(APC) #13462,Unclassified,Other_Connector_Types,999.0,40.0,,
000000001834910061,PD UTMS 5% CL P5 900um G FC(APC) #13462,Unclassified,Other_Connector_Types,999.0,40.0,,
000000001834910062,1% ITMS CL band 250um fiber #7778,Unclassified,Other,999.0,999.0,,
000000001834910063,5% ITMS CL band 250um fiber #6007,Unclassified,Other,999.0,999.0,,
000000001834910084,PD UTMS 1% C FW0403/DHFR None/LC #12904,Unclassified,LC_Variants,999.0,32.0,,
000000001834910235,10% P1 ITMS CL band 900um LC/APC #10412,Unclassified,LC_Variants,999.0,30.0,,
000000001834910239,1% Tap ITMS OCL band A2 1m  LC #15540,Unclassified,LC_Variants,999.0,32.0,,
000000001834910240,5% Tap ITMS OCL band A2 1m  LC #15540,Unclassified,LC_Variants,999.0,32.0,,
000000001834910246,1% mini ITMS OCL band A2 1 m #15540,Unclassified,Other,999.0,999.0,,
000000001834930021,PD PIPD C P4 900um None #S0063,Unclassified,Other,999.0,999.0,,
000000001834930022,PD PIPD C P3 250um None #S0063,Unclassified,Other,999.0,999.0,,
000000001834930029,PD PIPD O P4 900um ST #S0063,Unclassified,Other_Connector_Types,999.0,40.0,,
000000001834930031,PD PIPD SCL P3 Draka None #Z3931,Unclassified,Other,999.0,999.0,,
000000001834930034,PD PIPD OCL P3 250um None #S0063,Unclassified,Other,999.0,999.0,,
000000001834930037,PD PIPD OSCL P3 XB 900um LC #10060,Unclassified,LC_Variants,999.0,32.0,,
000000001834930038,PD PIPD OCL P3 250um None #S0063,Unclassified,Other,999.0,999.0,,
000000001834930078,PD PIPD 1100-1650 P1 900um I-T LC #Z5043,Unclassified,LC_Variants,999.0,32.0,,
000000001834930082,PIPD C (P) Eco P5 ZBL Black Fiber #Z4083,Unclassified,Other,999.0,999.0,,
000000001834930083,PIPD C (A) Eco P5 ZBL Black Fiber #Z4083,Unclassified,Other,999.0,999.0,,
000000001834930099,PIPD 2G 1M 900um tube no connector#10413,Unclassified,Other,999.0,999.0,,
000000001834930104,PIPDD05ECO52111G #S0322,Unclassified,Other,999.0,999.0,,
000000001834930108,PIPD OCL P1 900um LC  short boot#Z5361,Unclassified,LC_Variants,999.0,32.0,,
000000001834930109,P1 PIPD to 1640nm 900um tube LC #5415,Unclassified,LC_Variants,999.0,32.0,,
000000001834930111,PIPDD05ECO51511G #S0322 Rev05,Unclassified,Other,999.0,999.0,,
000000001834930114,P1 PIPD 2G 1550nm  250um No Con #S0063,Unclassified,Other,999.0,999.0,,
000000001834930116,L band filter PIPD no connector #Z5499,Unclassified,Other,999.0,999.0,,
000000001834930124,PIPD S band 2G P3 Bare fiber #Z5827,Unclassified,Other,999.0,999.0,,
000000001834930125,PIPD C (P) Eco P5 ZBL Blue Fiber #Z5827,Unclassified,Other,999.0,999.0,,
000000001834930126,PIPD C (A) Eco P5 ZBL Blue Fiber #Z5827,Unclassified,Other,999.0,999.0,,
000000001834930129,P1 PIPD to 1640nm 900um tube LC 2 #5415,Unclassified,LC_Variants,999.0,32.0,,
000000001834930132,ECO PIPD Super L band #Z5967,Unclassified,Other,999.0,999.0,,
000000001834930135,N0003547 PIPD C+L 0.5G ZBL OD3 #Z5988,Unclassified,Other,999.0,999.0,,
000000001834930136,PIPD 13/15 dual window 2.0G #S0322,Unclassified,Other,999.0,999.0,,
000000001834930137,PIPD 2G 1M 900um tube LCAPC#10413,Unclassified,LC_Variants,999.0,30.0,,
000000001834930138,ECO PIPD C+L (P) P5 Ultra No bend #Z6031,Unclassified,Other,999.0,999.0,,
000000001834930139,ECO PIPD C+L (A) P5 Ultra No bend #Z6031,Unclassified,Other,999.0,999.0,,
000000001834930140,1550nm Mini PIPD A2 fiber #Z6038,Unclassified,Other,999.0,999.0,,
000000001834930141,N0004581 PIPD C+L 0.5G ZBL OD3 #Z5988,Unclassified,Other,999.0,999.0,,
000000001834930142,ECO PIPD CL ZBL None #Z6075,Unclassified,Other,999.0,999.0,,
000000001834930143,3PIN PIPD  2G 1M 900um tube #16241,Unclassified,Other,999.0,999.0,,
000000001834930144,PIPD C (P) Eco P5 ZBL Fiber  2.1M #Z6065,Unclassified,Other,999.0,999.0,,
000000001834930145,PIPD C (A) Eco P5 ZBL Fiber 2.1M #Z6065,Unclassified,Other,999.0,999.0,,
000000001834930146,PIPD 2G 1M with bare fiber #10413,Unclassified,Other,999.0,999.0,,
000000001834940011,0.5% C-Band UTMS no connector #13354,Unclassified,Other,999.0,999.0,,
000000001834940014,1% C-Band UTMS no connector #13354,Unclassified,Other,999.0,999.0,,
000000001834940015,1% C-Band UTMS LC all ports #13354,Unclassified,LC_Variants,999.0,32.0,,
000000001834940016,1% C-Band UTMS LC all ports #13354,Unclassified,LC_Variants,999.0,32.0,,
000000001834940019,UTMS C-Band 2% G.657A1 1.0m #12545,Unclassified,Other,999.0,999.0,,
000000001834940024,5% C-Band UTMS no connector #13354,Unclassified,Other,999.0,999.0,,
000000001834940026,UTMS C-Band 10% 1.0m #12545,Unclassified,Other,999.0,999.0,,
000000001834940029,5% C band ECO UTMS  no connector #14049,Unclassified,Other,999.0,999.0,,
000000001834940030,"SM,1550,5% UTMS, Senko input, #14049.",Unclassified,Other,999.0,999.0,,
000000001834940031,"SM,1550,5% UTMS, Senko output, #14049",Unclassified,Other,999.0,999.0,,
000000001834940032,25% Eco UTMS C band no connector #14049,Unclassified,Other,999.0,999.0,,
000000001834940038,2% Tap P1 UTMS 1315 2G 900um LC  S0074,Unclassified,LC_Variants,999.0,32.0,,
000000001834940048,1% APOD for UTMSC01200CIE01G #10813,Unclassified,Other,999.0,999.0,,
000000001834940049,1% Eco PD C band 250um fiber #12545.,Unclassified,Other,999.0,999.0,,
000000001834940053,2% UTMS C P2 250um fiber 1m #10088,Unclassified,Other,999.0,999.0,,
000000001834940054,3% APOD  for UTMSC03200CIE01G #10823,Unclassified,Other,999.0,999.0,,
000000001834940055,PD UTMS 5% C P2 250um G None #10650,Unclassified,Other,999.0,999.0,,
000000001834940056,PD UTMS 5% C P2 250um G LC/None #10650,Unclassified,LC_Variants,999.0,32.0,,
000000001834940057,PD UTMS 5% C P2 250um G None/LC #10650,Unclassified,LC_Variants,999.0,32.0,,
000000001834940077,C-band UMIH OFS980-20 fiber #z4789,Unclassified,Other,999.0,999.0,,
000000001834940080,C-band UMIH 5% TAP RATIO  #Z4950,Unclassified,Other,999.0,999.0,,
000000001834940081,C-band UMIH  5% Tap #Z4976,Unclassified,Other,999.0,999.0,,
000000001834940106,1% UTMS 1.8mmOD C band 250um LC #Z5026,Unclassified,LC_Variants,999.0,32.0,,
000000001834940108,PD UTMS 1% C P3 G657A1 G None #14713,Unclassified,Other,999.0,999.0,,
000000001834940142,0.3% Tap UTMS C G657A2 None #Z5121,Unclassified,Other,999.0,999.0,,
000000001834940143,1% Tap UTMS C G657A2 None #Z5120,Unclassified,Other,999.0,999.0,,
000000001834940144,3% Tap UTMS C G657A2 None #Z5119,Unclassified,Other,999.0,999.0,,
000000001834940150,Red-Blue filter plus 3 PDs #Z5131,Unclassified,Other,999.0,999.0,,
000000001834940151,1% C-Band UTMS LC all ports #13354,Unclassified,LC_Variants,999.0,32.0,,
000000001834940152,6*1% Eco UTMS C in MPO Out none #13354,Unclassified,MPO_Group,999.0,10.0,,
000000001834940153,PD 5% C Ultra mini UTMS #15007,Unclassified,Other,999.0,999.0,,
000000001834940156,2% Eco Tap C ZBL pal-pin none #14931,Unclassified,Other,999.0,999.0,,
000000001834940157,10% Eco Tap C ZBL pal-pin none #14931,Unclassified,Other,999.0,999.0,,
000000001834940158,5% Eco Tap C ZBL pal-pin none #14930,Unclassified,Other,999.0,999.0,,
000000001834940161,1% ultra mini UTMS C ZBL 1m  LC #14956,Unclassified,LC_Variants,999.0,32.0,,
000000001834940170,1% Eco UTMS L band ZBL none #14960,Unclassified,Other,999.0,999.0,,
000000001834940171,5% Eco UTMS L band ZBL none #14960,Unclassified,Other,999.0,999.0,,
000000001834940193,2%tap Monitor With Low Bending Loss#8781,Unclassified,Other,999.0,999.0,,
000000001834940207,PD UTMS 1% C P3 G657A2 G None #Z4802,Unclassified,Other,999.0,999.0,,
000000001834940209,1% Tap C ZBL straight pin UTMS #15178,Unclassified,Other,999.0,999.0,,
000000001834940210,1% ultra mini C ZBL straight pin #15180,Unclassified,Other,999.0,999.0,,
000000001834940218,1% Tap 1300-1500 G657A2 (34100381)#Z5347,Unclassified,Other,999.0,999.0,,
000000001834940226,5% Eco Tap OCL ZBL pal-pin none #15288,Unclassified,Other,999.0,999.0,,
000000001834940227,2% Eco UTMS L band ZBL No Conn #12545,Unclassified,Other,999.0,999.0,,
000000001834940228,2% Eco UTMS C Band Dir 30dB XB #12545.,Unclassified,Other,999.0,999.0,,
000000001834940229,2% tap OCL 2G P1 900um 1m No Conn #9377,Unclassified,Other,999.0,999.0,,
000000001834940230,20% Tap UTMS C G657A2 None #Z5474,Unclassified,Other,999.0,999.0,,
000000001834940231,2% P1 UTMS dual window 900um FC #T1401,Unclassified,Other_Connector_Types,999.0,40.0,,
000000001834940232,1% tap UTMS  L A2 no connector #Z5501,Unclassified,Other,999.0,999.0,,
000000001834940233,40% tap UTMS L A2 no connector #Z5500,Unclassified,Other,999.0,999.0,,
000000001834940235,10% C  band P1 UTMS 900um Ou LC #15434,Unclassified,LC_Variants,999.0,32.0,,
000000001834940239,1% ultra mini PD CL ZBL #15484,Unclassified,Other,999.0,999.0,,
000000001834940243,1% tap L pass A2 no connector #Z5595,Unclassified,Other,999.0,999.0,,
000000001834940245,Red-Blue Filter 2PD up to 1628nm #Z5781,Unclassified,Other,999.0,999.0,,
000000001834940246,2% Eco UTMS CL band no connector #S0459,Unclassified,Other,999.0,999.0,,
000000001834940254,10% ultra mini PD CL ZBL #15484,Unclassified,Other,999.0,999.0,,
000000001834940255,2% L++ band ultra mini tap Z5763,Unclassified,Other,999.0,999.0,,
000000001834940261,2% UMIH C band RC fiber #Z5799,Unclassified,Other,999.0,999.0,,
000000001834940262,5% UMIH L band G657 A2 fiber #Z5814,Unclassified,Other,999.0,999.0,,
000000001834940263,5% C band UMIH G657A2  #Z5825,Unclassified,Other,999.0,999.0,,
000000001834940268,Eco UTMS 1% C band parallel pin #Z5827,Unclassified,Other,999.0,999.0,,
000000001834940272,2% C++ band ultra mini tap Z5763,Unclassified,Other,999.0,999.0,,
000000001834940273,0.5% Eco UTMS L band ZBL none #14960,Unclassified,Other,999.0,999.0,,
000000001834940278,5% mini UMIH C band ZBL #15924,Unclassified,Other,999.0,999.0,,
000000001834940279,5% mini UMIH L band ZBL #15924,Unclassified,Other,999.0,999.0,,
000000001834940280,1% ultra mini C ZBL straight pin #15180,Unclassified,Other,999.0,999.0,,
000000001834940291,1% tap  L band Eco UTMS input LC #14960,Unclassified,LC_Variants,999.0,32.0,,
000000001834940292,1% tap  L band Eco UTMS output LC #14960,Unclassified,LC_Variants,999.0,32.0,,
000000001834940293,2% ECO UTMS CL ZBL None (ZeeBo)#Z5967,Unclassified,Other,999.0,999.0,,
000000001834940294,10% ECO UTMS CL ZBL None #Z5967,Unclassified,Other,999.0,999.0,,
000000001834940295,MDL-UTMS ECO MINI C+L BAND 3% Tap #Z5967,Unclassified,Other,999.0,999.0,,
000000001834940296,PD UTMS 20% C P3 250um Drake None #Z5967,Unclassified,Other,999.0,999.0,,
000000001834940297,1% ECO UTMS CL ZBL None (ZeeBo) #Z5967,Unclassified,Other,999.0,999.0,,
000000001834940299,PD UTMS 2% C P3 250um Drake None #Z5989,Unclassified,Other,999.0,999.0,,
000000001834940303,1% Tap UTMS C G657A2 #Z6037,Unclassified,Other,999.0,999.0,,
000000001834940304,3% Tap UTMS C G657A2 #Z6036,Unclassified,Other,999.0,999.0,,
000000001834940305,Eco UTMS 5% C band parallel pin #Z6042,Unclassified,Other,999.0,999.0,,
000000001834940306,Eco UTMS 50% C band parallel pin #Z6042,Unclassified,Other,999.0,999.0,,
000000001834940307,5% CL band UMIH G657A2  #Z6046,Unclassified,Other,999.0,999.0,,
000000001834940308,Eco UTMS 10% C band parallel pin #Z6061,Unclassified,Other,999.0,999.0,,
000000001834940309,Eco UTMS 2% C band parallel pin #Z6061,Unclassified,Other,999.0,999.0,,
000000001834940310,Eco UTMS 5% C band parallel pin #Z6075,Unclassified,Other,999.0,999.0,,
000000001834940311,2% UTMS OCL band  A1 bare fiber  #16305,Unclassified,Other,999.0,999.0,,
000000001834940312,Eco UTMS 2% C band parallel pin #Z6065,Unclassified,Other,999.0,999.0,,
000000001834940313,UTMS 50% C band parallel pin 2.1M #Z6065,Unclassified,Other,999.0,999.0,,
000000001834940314,UTMS 10% C band parallel pin 2.1M #Z6065,Unclassified,Other,999.0,999.0,,
000000001834940315,UTMS 1% C band parallel pin 2.1M #Z6065,Unclassified,Other,999.0,999.0,,
000000001834940316,Eco UTMS 2% C band parallel pin #Z6089,Unclassified,Other,999.0,999.0,,
000000001834940318,1% Tap UTMS C G657A2 None #Z5120,Unclassified,Other,999.0,999.0,,
000000001834940328,10% 1310/1550 Eco UTMS w FC Con #S0459,Unclassified,Other_Connector_Types,999.0,40.0,,
000000001834950006,PM MINI PMTC PMTCC33ECOFUJ01 #13911,Unclassified,Other,999.0,999.0,,
000000001834950008,PM MINI PMTC PMTCC50LBLCIE01 #14048,Unclassified,Other,999.0,999.0,,
000000001834950031,50/50 Mini size PMTC #14048,Unclassified,Other,999.0,999.0,,
000000001834950034,C-band Mini PMTC 30% TAP RATIO #Z5360,Unclassified,Other,999.0,999.0,,
000000001834950042,50/50 C band 80μm mini PMTC #15748,Unclassified,Other,999.0,999.0,,
000000001834950044,C+L band 1X2 PMTC #Z5872,Unclassified,Other,999.0,999.0,,
000000001834950045,C-Band 50% Folded PMTC+ Isolator #15914,Unclassified,Other,999.0,999.0,,
000000001834950048,C-band PMTC 50/50% AGT platform #13269,Unclassified,Other,999.0,999.0,,
000000001834950049,C+L band 50/50 PMTC AGT #14706,Unclassified,Other,999.0,999.0,,
000000001834950050,L-Band PMTC 67/33 Tap ratio AGT #13911,Unclassified,Other,999.0,999.0,,
000000001834950052,C-Band 1x2 mini PMTC 33/67 AGT #13911,Unclassified,Other,999.0,999.0,,
000000001834950054,L band Folded PMTC+Isolator 50/50 #15914,Unclassified,Other,999.0,999.0,,
000000001834970001,PM HYBRID WDIHPM1550NPP01 #5177,Unclassified,Other,999.0,999.0,,
000000001834970008,Mini PM Isolator C band #15920,Unclassified,Other,999.0,999.0,,
000000001834970009,Mini L Band PM Isolator #15920,Unclassified,Other,999.0,999.0,,
000000001834980029,PMBC 1400-1500nm PMBC1450P1MPB05 #7122,Unclassified,Other,999.0,999.0,,
000000001834980031,C-band PMBC W/ LC/PC Connector #15111,Unclassified,LC_Variants,999.0,32.0,,
000000001834990001,PM PMIH PMIH1440P0ZAB02 #Z2635,Unclassified,Other,999.0,999.0,,
000000001834990003,PM PMIH PMIH1480ASADV03 #6967,Unclassified,Other,999.0,999.0,,
000000001834990004,PM PMIH PMIH1480ASMOV01 #6967,Unclassified,Other,999.0,999.0,,
000000001834990006,PM PMIH PMIHDEP000EKN01 #13007,Unclassified,Other,999.0,999.0,,
000000001834990015,1440nm IPBCD PM fiber for Input #Z5827,Unclassified,Other,999.0,999.0,,
000000001834990016,1480nm IPBCD PM fiber for Input #Z5827,Unclassified,Other,999.0,999.0,,
000000001835020009,PM PMTC PMTC155023CIS01G #12576,Unclassified,Other,999.0,999.0,,
000000001835020012,PM PMTC PMTC155035CIE01 #12630,Unclassified,Other,999.0,999.0,,
000000001835020014,PM PMTC PMTC155050CIE01 #9848,Unclassified,Other,999.0,999.0,,
000000001835020020,PMTC1250P0ZAB02G #Z4392,Unclassified,Other,999.0,999.0,,
000000001835020030,C-Band PMTC 50/50 Tap PM fiber #15324,Unclassified,Other,999.0,999.0,,
000000001835020033,PMTC 1550NM 10/90 P2 LC/PC #S0068,Unclassified,LC_Variants,999.0,32.0,,
000000001835020037,C-Band PMTC 1X2 5% P1 1.0m #S0068,Unclassified,Other,999.0,999.0,,
000000001835020038,C-band 1x2 PMTC 10% 1.0m #S0068,Unclassified,Other,999.0,999.0,,
000000001835030001,SPLITTER PLCS108000CIE03G #10764,Splitter_Cables,Other,18.0,999.0,,
000000001835030004,SPLITTER PLCS108P00FUJ12 #10284,Splitter_Cables,Other,18.0,999.0,,
000000001835030015,TFF Based 99% Reflector #13248,Unclassified,Other,999.0,999.0,,
000000001835030017,90/10 TFF Tap Coupler #T0417,Adapters,Other,30.0,999.0,,
000000001835030067,1x4 PLC Splitter wLC #15116,Splitter_Cables,Other_Connector_Types,18.0,40.0,,
000000001835030068,1x8 PLC Splitter wLC #15116,Splitter_Cables,Other_Connector_Types,18.0,40.0,,
000000001835030069,1x32 PLC Splitter wLC #15116,Splitter_Cables,Other_Connector_Types,18.0,40.0,,
000000001835030071,SWFC 1330-1550  1x2 1/99 D3x40 #Z5341,Unclassified,Other,999.0,999.0,,
000000001835030073,TFF tap 10/90 1260-1650nm #10822,Unclassified,Other,999.0,999.0,,
000000001835030095,Mini Reflector #Z5796,Unclassified,Other,999.0,999.0,,
000000001835030096,One Port Reflector C Band #Z5827,Unclassified,Other,999.0,999.0,,
000000001835030100,Dual 1x8 PLC Splitter w MPO/APC #16114,Splitter_Cables,MPO_Group,18.0,10.0,,
000000001835030101,1x8 PLC LC/APC PLCSP122321221B #S0065,Unclassified,LC_Variants,999.0,30.0,,
000000001835030102,1x8 PLC LC/APC PLCSP122311211B #S0065,Unclassified,LC_Variants,999.0,30.0,,
000000001835060010,Full 2x2 Switch 1310/1550nm #8799,Unclassified,Other,999.0,999.0,,
000000001835070004,1x8 MEMS Switch w_connector #14528,Unclassified,Other,999.0,999.0,,
000000001835070008,C+L band 1X4 MEMS Switch #14425,Unclassified,Other,999.0,999.0,,
000000001835070010,C+L band 1X6 MEMS Switch #14425,Unclassified,Other,999.0,999.0,,
000000001835070012,UOFS MEMS Switch 1x8 HS#851779 #12829,Unclassified,Other,999.0,999.0,,
000000001835070038,MEMS switch 1x8 #15084,Unclassified,Other,999.0,999.0,,
000000001835070040,16x1 MEMS switch w 24c MPO #15145,Unclassified,MPO_Group,999.0,10.0,,
000000001835070044,1x4 MEMS switch FC LC connector #15145,Unclassified,LC_Variants,999.0,32.0,,
000000001835070045,1x16 MEMS switch FC LC Connector #15145,Unclassified,LC_Variants,999.0,32.0,,
000000001835070051,1x2 MEMS switch with CUTO PCBA #15386,Unclassified,Other,999.0,999.0,,
000000001835070066,E+U band 1x2 MEMS Switch,Unclassified,Other,999.0,999.0,,
000000001835070070,1x16 MEMS switch w 24c MPO #15699,Unclassified,MPO_Group,999.0,10.0,,
000000001835070073,1x36 MEMS Switch Device LC/APC#15681,Unclassified,LC_Variants,999.0,30.0,,
000000001835070075,1x48 MEMS Switch Device #15681,Unclassified,Other,999.0,999.0,,
000000001835070079,16x1 MEMS switch w 24c MPO #15759,Unclassified,MPO_Group,999.0,10.0,,
000000001835070082,1x64 MEMS switch #15847,Unclassified,Other,999.0,999.0,,
000000001835070083,1x52 MEMS Switch Device #15681,Unclassified,Other,999.0,999.0,,
000000001835070087,1x52 MEMS Switch in Plastic HS #15874,Unclassified,Other,999.0,999.0,,
000000001835070097,1x13 Mems Switch#16089,Unclassified,Other,999.0,999.0,,
000000001835070102,660nm 3x1 MEMS Switch with VOA #16210,Unclassified,Other,999.0,999.0,,
000000001835070103,785nm 3x1 MEMS Switch with VOA #16210,Unclassified,Other,999.0,999.0,,
000000001835070106,Mems switch 1x4 C band hitless #S0379,Unclassified,Other,999.0,999.0,,
000000001835070107,MEMS 2-axis chip TO with PCBA #Z6091,Unclassified,Other,999.0,999.0,,
000000001835070108,1x48 MEMS switch Com: FC/APC #15847,Unclassified,Other_Connector_Types,999.0,40.0,,
000000001835070109,1x4 MEMS switch #Z6089,Unclassified,Other,999.0,999.0,,
000000001835070110,MEMS 2-axis chip TO with PCBA #Z6091,Unclassified,Other,999.0,999.0,,
000000001835070111,2X2 AD MEMS Switch #Z6101,Unclassified,Other,999.0,999.0,,
000000001835070112,C Band 1X2 MEMS Switch #Z6110,Unclassified,Other,999.0,999.0,,
000000001835080009,Ultra-mini 2X1 Switch C-BAND  #8306,Unclassified,Other,999.0,999.0,,
000000001835080016,SUPER MINI-SWITCH 1X2 DUAL WINDOWS #6961,Unclassified,Other,999.0,999.0,,
000000001835080023,C+L Band Ultra-mini 1x2 Switch #8714,Unclassified,Other,999.0,999.0,,
000000001835080024,C+L Band Ultra-mini 1x2 Switch #8714,Unclassified,Other,999.0,999.0,,
000000001835080027,C+L band ultra mini 1x2 switch #13285,Unclassified,Other,999.0,999.0,,
000000001835080028,Mini 1x2 non latching C+L band #10699,Unclassified,Other,999.0,999.0,,
000000001835080030,Mini 1*2 Single-Mode Switch #Z3268,Unclassified,Other,999.0,999.0,,
000000001835080033,C+L Band Ultra-mini 2x2 A/D Switch#13636,Unclassified,Other,999.0,999.0,,
000000001835080035,Dual window Mini 2x2 A/D switch #S0048,Unclassified,Other,999.0,999.0,,
000000001835080043,C+L band Mini 2x2 Add/Drop Switch #13372,Unclassified,Other,999.0,999.0,,
000000001835080044,C+L band 2x2 Add/drop mini switch #S0048,Unclassified,Other,999.0,999.0,,
000000001835080046,C+L Band Ultra-mini 2/2 A/D Switch#13636,Unclassified,Other,999.0,999.0,,
000000001835080048,Ultra-mini 1x2 Switch C+L band #S0048,Unclassified,Other,999.0,999.0,,
000000001835080061,C+L Band Ultra-mini 1x1 Switch #12387,Unclassified,Other,999.0,999.0,,
000000001835080062,Ultra-mini 2X2 A/D Switch Latching#10500,Unclassified,Other,999.0,999.0,,
000000001835080063,C-L band latching Ultra mini SW #14669,Unclassified,Other,999.0,999.0,,
000000001835080066,mini 1x2 latching LC plug_boot #6961,Unclassified,LC_Variants,999.0,32.0,,
000000001835080068,Ultra mini 1x2 switch 1310/1550 #S0048,Unclassified,Other,999.0,999.0,,
000000001835080070,Latching mini 1x2 switch LC plug #6961,Unclassified,LC_Variants,999.0,32.0,,
000000001835080074,Ultra-Mini Switch 2X2 AD C+L BAND #S0048,Unclassified,Other,999.0,999.0,,
000000001835080080,1X2 Mini C_L Band latching #S0048,Unclassified,Other,999.0,999.0,,
000000001835080084,Mini 1x2 Switch Latching LC #S0048,Unclassified,LC_Variants,999.0,32.0,,
000000001835080085,High CT mini 2x2 #15201,Unclassified,Other,999.0,999.0,,
000000001835080087,mini 2x2 AD ZBL fiber #15262,Unclassified,Other,999.0,999.0,,
000000001835080088,mini 1x2 Latching switch #Z5307,Unclassified,Other,999.0,999.0,,
000000001835080089,Mini Latching SW 1x2 C and L band #8714,Unclassified,Other,999.0,999.0,,
000000001835080096,1X2 latching switch with LC #6961,Unclassified,LC_Variants,999.0,32.0,,
000000001835080099,1310/1550nm Mini 1x2 Switch #Z5827,Unclassified,Other,999.0,999.0,,
000000001835080100,Ultra-Mini Switch X2 AD C+L BAND #Z5827,Unclassified,Other,999.0,999.0,,
000000001835080103,1X2 Ultra Mini switch C+L Band #Z5989,Unclassified,Other,999.0,999.0,,
000000001835080108,MDL-SW ULTRA MINI 1X2 DUAL #Z6031,Unclassified,Other,999.0,999.0,,
000000001835080109,Ultra-Mini Switch 2X2 AD C+L BAND #Z6065,Unclassified,Other,999.0,999.0,,
000000001835090027,C+L Band 1x2 optical switch latch #13954,Unclassified,Other,999.0,999.0,,
000000001835090073,Dual 1x2 switch SE HTS #8517790000#15310,Unclassified,Other,999.0,999.0,,
000000001835110016,C-Band MEMS VOA bright type #Z4866,Unclassified,Other,999.0,999.0,,
000000001835110022,C-Band MEMS VOA dark type 5V #Z4373,Unclassified,Other,999.0,999.0,,
000000001835110030,UVOA Bright  C-band #12577,Unclassified,Other,999.0,999.0,,
000000001835110042,C-Band MEMS VOA dark type 7.0v #12711,Unclassified,Other,999.0,999.0,,
000000001835110044,dark 7.0v DrakaElite  #14065,Unclassified,Other,999.0,999.0,,
000000001835110079,Bright Type MEMS VOA#Z5106,Unclassified,Other,999.0,999.0,,
000000001835110080,Dark Type MEMS VOA-MINI #Z5107,Unclassified,Other,999.0,999.0,,
000000001835110089,C-Band Mini MEMS VOA #15004,Unclassified,Other,999.0,999.0,,
000000001835110092,mini dark VOA #15093,Unclassified,Other,999.0,999.0,,
000000001835110094,C band MEMS VOA Dark A1 fiber #Z5254,Unclassified,Other,999.0,999.0,,
000000001835110095,mini dark VOA high temp 85C #Z5263,Unclassified,Other,999.0,999.0,,
000000001835110099,L band bright mini VOA #Z5497,Unclassified,Other,999.0,999.0,,
000000001835110101,Bright type standard VOA 17V #15460,Unclassified,Other,999.0,999.0,,
000000001835110103,Dark STD size MEMS VOA #Z5557,Unclassified,Other,999.0,999.0,,
000000001835110105,mini bright type VOA B3 fiber #Z5106,Unclassified,Other,999.0,999.0,,
000000001835110108,L-band MEMS VOA #5766,Unclassified,Other,999.0,999.0,,
000000001835110111,Bright mini VOA use 5.4V chip #Z5827,Unclassified,Other,999.0,999.0,,
000000001835110112,Mini VOA DARK TYPE for Sirius #Z5827,Unclassified,Other,999.0,999.0,,
000000001835110115,mini dark VOA 85C 5mm bending#Z5263,Unclassified,Other,999.0,999.0,,
000000001835110116,Mini L band VOA Bright type #Z5827,Unclassified,Other,999.0,999.0,,
000000001835110118,Bright Type MEMS VOA,Unclassified,Other,999.0,999.0,,
000000001835110119,Ultra Mini VOA #Z5815,Unclassified,Other,999.0,999.0,,
000000001835110120,Dark type mini VOA higher voltage #Z5967,Unclassified,Other,999.0,999.0,,
000000001835110121,Tilt spectrum VOA #Z5967,Unclassified,Other,999.0,999.0,,
000000001835110122,Mini L band VOA Bright type w pin #Z5968,Unclassified,Other,999.0,999.0,,
000000001835110123,Bright mini VOA use 5.4Vchip w pin#Z5968,Unclassified,Other,999.0,999.0,,
000000001835110125,Mini L band VOA Dark high V tole #Z5989,Unclassified,Other,999.0,999.0,,
000000001835110126,MEMS VOA UVOABCEDFAOPL04 #Z6031,Unclassified,Other,999.0,999.0,,
000000001835110127,VOA MEMS UVOADD0000OPL01 #Z6031,Unclassified,Other,999.0,999.0,,
000000001835110128,L bright mini VOA 45030138-001 #Z5497,Unclassified,Other,999.0,999.0,,
000000001835110129,L band dark mini VOA 45030139-001 #Z5498,Unclassified,Other,999.0,999.0,,
000000001835110130,Bright Type MEMS VOA 45030124-001 #Z5106,Unclassified,Other,999.0,999.0,,
000000001835110131,Dark Type MEMS VOA 45030126-002 #Z5107,Unclassified,Other,999.0,999.0,,
000000001835110132,Mini L band VOA Dark high V 2.1M #Z6065,Unclassified,Other,999.0,999.0,,
000000001835110133,Mini L band VOA Bright type 2.1M #Z6065,Unclassified,Other,999.0,999.0,,
000000001835110134,Dark type mini VOA higher V 2.1M #Z6065,Unclassified,Other,999.0,999.0,,
000000001835110135,Bright mini VOA use 5.4V chip 2.1M#Z6065,Unclassified,Other,999.0,999.0,,
000000001835110136,C band high power MM VOA #Z6121,Unclassified,Other,999.0,999.0,,
000000001835130005,VOAM SFP VOA #13883,Unclassified,Transceiver_Rating,999.0,50.0,,
000000001835130012,SFP VOA Dark  W/O PD C BAND #10594,Unclassified,Transceiver_Rating,999.0,50.0,,
000000001835130021,VOA SFP SE HTS #8517790000 #15775,Unclassified,Transceiver_Rating,999.0,50.0,,
000000001835130022,SFP VOA Dark  W/O PD C I-temp #16055,Unclassified,Transceiver_Rating,999.0,50.0,,
000000001835140008,WSS SE HTS #8517790000 #14515,Unclassified,Other,999.0,999.0,,
000000001835140021,Mini 4x1 100G WSS #Z4667,Unclassified,Other,999.0,999.0,,
000000001835150249,1834020508 FOR MTS Pri 980pump #15351,Unclassified,Other,999.0,999.0,,
000000001835150281,1834140203 FOR MTS 1x144 High port#15212,Unclassified,Other,999.0,999.0,,
000000001835150320,1834020507 FOR MTS Pri 1830811393 #15351,Unclassified,Other,999.0,999.0,,
000000001835150639,1835390004 FOR MTS Enceladus-AVLA w/chip,Unclassified,Other,999.0,999.0,,
000000001835150641,1835390004 FOR MTS Enceladus-Hybrid,Unclassified,Other,999.0,999.0,,
000000001835150666,1834020537 FOR MTS CB ILA lument #15476,Unclassified,Other,999.0,999.0,,
000000001835150751,1834020598 for MTS w MXS(LA) comp #14765,Unclassified,Other,999.0,999.0,,
000000001835150756,1835260026 FOR MTS II-IV Pump #15347,Unclassified,Other,999.0,999.0,,
000000001835150775,1835380009 line-card module 1st #15969,Unclassified,Other,999.0,999.0,,
000000001835150852,1834020672 FOR MTS 1st source #16044,Unclassified,Other,999.0,999.0,,
000000001835150854,1835400000 FOR MTS 1st source #16043,Unclassified,Other,999.0,999.0,,
000000001835150864,1834020684 6Pump Raman Furukawa #16120,Unclassified,Other,999.0,999.0,,
000000001835150865,1834020684 6Pump Raman Lumentum #16120,Unclassified,Other,999.0,999.0,,
000000001835150866,1834020685 2Pump Raman Furukawa #16120,Unclassified,Other,999.0,999.0,,
000000001835150867,1834020685 2Pump Raman Lumentum #16120,Unclassified,Other,999.0,999.0,,
000000001835150890,1835400002 FOR MTS 1st source #16147,Unclassified,Other,999.0,999.0,,
000000001835150898,1834860116 2 OTDR WDMs LGX/BUY #14618,Unclassified,Other,999.0,999.0,,
000000001835150906,1834020673 for MTS produced in LA #14765,Unclassified,Other,999.0,999.0,,
000000001835150907,1834020674 for MTS produced in LA #14765,Unclassified,Other,999.0,999.0,,
000000001835150924,1835260026 for SYT  II-IV Pump #15347,Unclassified,Other,999.0,999.0,,
000000001835150930,1834860259 GF ZH1(NON-US FILTER) #15923,Unclassified,Other,999.0,999.0,,
000000001835150932,1834860260 GF ZH1(NON-US FILTER) #15923,Unclassified,Other,999.0,999.0,,
000000001835150936,1834120155 Breakfix C SC TLS150 #16162,Unclassified,Other_Connector_Types,999.0,40.0,,
000000001835150942,1835260086 Rainbow MTS Hybrid #16076,Unclassified,Other,999.0,999.0,,
000000001835150947,1835390006 FOR MTS Rainbow-AVLB #16178,Unclassified,Other,999.0,999.0,,
000000001835150949,1834020597 CL-B w/ Lum&TI #14765,Unclassified,Other,999.0,999.0,,
000000001835150951,1834020598 CL-D w/ Lum&TI #14765,Unclassified,Other,999.0,999.0,,
000000001835150953,1834020691 CL-D low con sample #16188,Unclassified,Other,999.0,999.0,,
000000001835150954,1834020688 CL-iA improve SLDalarm #15762,Unclassified,Other,999.0,999.0,,
000000001835150955,1834020687 FOR MTS 1st source #16146,Unclassified,Other,999.0,999.0,,
000000001835150956,1834020687 FOR MTS 2nd source #16146,Unclassified,Other,999.0,999.0,,
000000001835150966,1834120153 L TLS150&Aerodiode #16162,Unclassified,Other,999.0,999.0,,
000000001835150967,1834120155 C TLS150&Aerodiode #16162,Unclassified,Other,999.0,999.0,,
000000001835150968,1834120156 L TLS150&Aerodiode #16162,Unclassified,Other,999.0,999.0,,
000000001835150969,1834120158 O FPLaser&Aerodiode #16162,Unclassified,Other,999.0,999.0,,
000000001835150970,1834120159 O FPLaser&Aerodiode #16162,Unclassified,Other,999.0,999.0,,
000000001835150971,1834660009 Mini OIDS Soldering #T0474,Unclassified,Other,999.0,999.0,,
000000001835150975,1834860259 GF ZH2(NON-US FILTER) #15923,Unclassified,Other,999.0,999.0,,
000000001835150976,1834860260 GF ZH2(NON-US FILTER) #15923,Unclassified,Other,999.0,999.0,,
000000001835150977,1834020617 GBK-A with lumentum&TI #15761,Unclassified,Other,999.0,999.0,,
000000001835150978,1834020609 GBK-D with lumentum&TI #15723,Unclassified,Other,999.0,999.0,,
000000001835150979,1834020608 GBK-B with lumentum&TI #15723,Unclassified,Other,999.0,999.0,,
000000001835150980,1834860259 GF VN2(NON-US FILTER) #15923,Unclassified,Other,999.0,999.0,,
000000001835150981,1834860260 GF VN2(NON-US FILTER) #15923,Unclassified,Other,999.0,999.0,,
000000001835150989,1834860266 72 WDMs LC 1U/BUY #15982,Unclassified,LC_Variants,999.0,32.0,,
000000001835150991,1834860283 48 WDMs LC 1U/BUY #15982,Unclassified,LC_Variants,999.0,32.0,,
000000001835150993,1834860259 GF ZH1(US FILTER) #15923,Unclassified,Other,999.0,999.0,,
000000001835150995,1834860260 GF ZH1(US FILTER) #15923,Unclassified,Other,999.0,999.0,,
000000001835151114,1834020684 6-Pump Raman Lite SYT #16120,Unclassified,Other,999.0,999.0,,
000000001835151115,1834020684 6-Pump Raman Fec SYT #16120,Unclassified,Other,999.0,999.0,,
000000001835151121,1834020641 PUMP mosfet eol respin#15851,Unclassified,Other,999.0,999.0,,
000000001835151122,1834020585 for pump mosfet eol respin,Unclassified,Other,999.0,999.0,,
000000001835151123,1834020537 for Lumen pump mosfet respin,Unclassified,Other,999.0,999.0,,
000000001835151130,1834020702 SYT plan B 2nd source #16146,Unclassified,Other,999.0,999.0,,
000000001835151390,1834020674 for MTS w/ Lum&TI LA #14765,Unclassified,Other,999.0,999.0,,
000000001835151391,1834020673 for MTS w/ Lum&TI LA #14765,Unclassified,Other,999.0,999.0,,
000000001835170017,600-500 mW pump #Z5967,Unclassified,Other,999.0,999.0,,
000000001835170018,500-540 mW pump #Z5967,Unclassified,Other,999.0,999.0,,
000000001835180023,C-band MEMS TF W/O VOA 1D chip #15005,Unclassified,Other,999.0,999.0,,
000000001835190001,C-band MEMS TF W/O VOA 1D chip #15647,Unclassified,Other,999.0,999.0,,
000000001835190002,C-band MEMS TF W/O VOA 1D chip #15729,Unclassified,Other,999.0,999.0,,
000000001835190003,L-band MEMS TF W/O VOA 1D chip #15729,Unclassified,Other,999.0,999.0,,
000000001835190010,Mini TF for L-band#16319,Unclassified,Other,999.0,999.0,,
000000001835200006,980/L Band Mini GFF component #Z5792,Unclassified,Other,999.0,999.0,,
000000001835200007,980/L Band Mini GFF component #Z5793,Unclassified,Other,999.0,999.0,,
000000001835200008,980/L Band mini GFF component #Z5794,Unclassified,Other,999.0,999.0,,
000000001835200009,980/L Band mini GFF component #Z5818,Unclassified,Other,999.0,999.0,,
000000001835200010,980/L Band mini GFF component #Z5819,Unclassified,Other,999.0,999.0,,
000000001835200016,980/L Band mini GFF component #Z6032,Unclassified,Other,999.0,999.0,,
000000001835200017,980/L Band Mini GFF #Z6055,Unclassified,Other,999.0,999.0,,
000000001835200018,980/L Band Mini GFF #Z6056,Unclassified,Other,999.0,999.0,,
000000001835200019,980/L Band Mini GFF #Z6057,Unclassified,Other,999.0,999.0,,
000000001835200020,L-band 1dB depth GFF component #Z6089,Unclassified,Other,999.0,999.0,,
000000001835210002,Low Cost FIM Type 3 #14137,Unclassified,Other,999.0,999.0,,
000000001835210003,FIM1 Elite+SCM-54+ID Card+RJ45 #13792,Unclassified,Other_Connector_Types,999.0,40.0,,
000000001835210004,FIM3 Elite+SCM-80+ID Card+RJ45 #13194,Unclassified,Other_Connector_Types,999.0,40.0,,
000000001835210006,OMSS FIM4 #13487,Unclassified,Other,999.0,999.0,,
000000001835210007,OMSS FIM5 #13487,Unclassified,Other,999.0,999.0,,
000000001835210008,OMSS FIM6 #13487,Unclassified,Other,999.0,999.0,,
000000001835210009,Express Panel FSP-E-9D-18MPO #13940,Unclassified,Other,999.0,999.0,,
000000001835210010,Mux/Demux(4x1x2) FMP-C-8-4-LC-MPO#13942,Optical_Module,MPO_Group,55.0,10.0,,
000000001835210012,CFIM1 MPO and LC Loopback #14937,Loopback_Group,MPO_Group,40.0,10.0,,
000000001835210013,CFIM2 MPO loopback #14937,Loopback_Group,MPO_Group,40.0,10.0,,
000000001835210014,Malvasia NCS2K_MF_DEG_5_CV #14962,Unclassified,Other,999.0,999.0,,
000000001835210015,Malvasia NCS2K-MF-UPG-4-CV #14962,Unclassified,Other,999.0,999.0,,
000000001835210016,Malvasia NCS2K-MF-MPO-16LC-CV #14962,Unclassified,MPO_Group,999.0,10.0,,
000000001835210017,Malvasia NCS2K-MF-8x10G-FO #14962,Unclassified,Other,999.0,999.0,,
000000001835210020,AD Fiber shuffle FSP-C-1D-1MPO-4LC#13948,Shuffle_Cables,Other,20.0,999.0,,
000000001835210026,CDC Add-Drop Shuffle module FPC-1 #13949,Shuffle_Cables,Other_Connector_Types,20.0,40.0,,
000000001835210030,Express Panel  FSP_E_9D_18MPO_B1 #13940,Unclassified,Other,999.0,999.0,,
000000001835210031,CFIM 3 MPO LC Loopback#15286,Loopback_Group,MPO_Group,40.0,10.0,,
000000001835210035,Type B Line Card #15342,Unclassified,Other,999.0,999.0,,
000000001835210039,FIM 7 with ID PCBA no SCM #15345,Unclassified,Other_Connector_Types,999.0,40.0,,
000000001835210041,INNER MODULE for FIM1 #T1557,Unclassified,Other,999.0,999.0,,
000000001835210042,INNER MDL FOR FIM 3 PASSIVE MDL #T1557,Unclassified,Other,999.0,999.0,,
000000001835210045,INNER MODULE FOR FIM5 MODULE #T1557,Unclassified,Other,999.0,999.0,,
000000001835210048,FIM 4A #15433,Unclassified,Other,999.0,999.0,,
000000001835210054,1834580724+Struct. Part Routing #15495,Unclassified,Other,999.0,999.0,,
000000001835210056,Inner Module CFIM 1 #T1558,Unclassified,Other,999.0,999.0,,
000000001835210057,Inner Module CFIM 2 #T1558,Unclassified,Other,999.0,999.0,,
000000001835210058,Inner Module CFIM 3 #T1558,Unclassified,Other,999.0,999.0,,
000000001835210060,Inner shuffle module FIM 4A #T1558,Shuffle_Cables,Other,20.0,999.0,,
000000001835210061,Centauri NCS1K_BRK_8 P2 and GA #15463,Unclassified,Other,999.0,999.0,,
000000001835210062,Centauri NCS1K_BRK_16 P2 and GA #15463,Unclassified,Other,999.0,999.0,,
000000001835210063,Centauri NCS1K_BRK_24 P2 and GA #15463,Unclassified,Other,999.0,999.0,,
000000001835210067,OXC32 Flexplane Shuffle Module #15686,Shuffle_Cables,Other,20.0,999.0,,
000000001835210068,FDP Shuffle Module Type 1 (full spec),Shuffle_Cables,Other,20.0,999.0,,
000000001835210069,FDP Shuffle Module Type 2 (full spec),Shuffle_Cables,Other,20.0,999.0,,
000000001835210070,FDP Shuffle Module Type 3 (full spec),Shuffle_Cables,Other,20.0,999.0,,
000000001835210071,PCBA-with optical components Type 1,Unclassified,Other,999.0,999.0,,
000000001835210073,PCBA-with optical components Type 3,Unclassified,Other,999.0,999.0,,
000000001835210074,Mesh fiber Management shelf-4 v2 #14460,Unclassified,Other,999.0,999.0,,
000000001835230010,NA000754 Twin 2x20 C-Band WSS#Z5208,Unclassified,Other,999.0,999.0,,
000000001835230026,NA600618-00 Lenslet Array Assy BR #Z5296,Unclassified,Other,999.0,999.0,,
000000001835230032,NA000745-L Twin WSS HS#851779 #Z5312,Unclassified,Other,999.0,999.0,,
000000001835230046,NA000913 Twin 2x34 C-Band WSS#Z5372,Unclassified,Other,999.0,999.0,,
000000001835230052,NA000816-06 WBA(2x) with OCM (2x)#15269,Unclassified,Other,999.0,999.0,,
000000001835230053,NA000820-06 2xWBA + 2xOCM L-band #15270,Unclassified,Other,999.0,999.0,,
000000001835230075,NA100239-01  MK5V 5V ASR #Z5425,Unclassified,Other,999.0,999.0,,
000000001835230085,NA300005-03 Dirac Steering Wedge #Z5423,Unclassified,Other,999.0,999.0,,
000000001835230090,NA000744 Twin 2x22 C-band WSS#Z5464,Unclassified,Other,999.0,999.0,,
000000001835230098,NA000828 WBA (2x) with OCM (4x)#15271,Unclassified,Other,999.0,999.0,,
000000001835230099,NA000831 2xWBA + 4xOCM L-Band #15272,Unclassified,Other,999.0,999.0,,
000000001835230103,NA000816 WBA(2X OCM) HS#851762 #15269,Unclassified,Other,999.0,999.0,,
000000001835230104,NA000820-L 2xWBA(OCM) HS#851762 #15270,Unclassified,Other,999.0,999.0,,
000000001835230105,NA000815 1x4 WSS + 2 OCM for PL#Z5489,Unclassified,Other,999.0,999.0,,
000000001835230106,NA000814 1x4 WSS with OCM #15266,Unclassified,Other,999.0,999.0,,
000000001835230120,NA000774 Twin 2x20 C-band WSS#Z5520,Unclassified,Other,999.0,999.0,,
000000001835230152,NA000725 Twin 1x20 L-band WSS #Z5312,Unclassified,Other,999.0,999.0,,
000000001835230153,NA000910 DR TWIN 2x33 WSS #15489,Unclassified,Other,999.0,999.0,,
000000001835230161,NA000928 DR Twin 2x33 C Band WSS #15513,Unclassified,Other,999.0,999.0,,
000000001835230178,NA000840 2xWB+4xOCM C band #15547,Unclassified,Other,999.0,999.0,,
000000001835230179,NA000841 2xWB+4xOCM L band #15548,Unclassified,Other,999.0,999.0,,
000000001835230180,NA000898 1x4 WSS+2OCM  C-Band #Z5643,Unclassified,Other,999.0,999.0,,
000000001835230182,NA000833 1x2 WSS+1xWB+2xOCM #15467,Unclassified,Other,999.0,999.0,,
000000001835230183,NA000812 2xWB+2xOCM #15638,Unclassified,Other,999.0,999.0,,
000000001835230191,NA000854 C BAND 8WB #S0798,Unclassified,Other,999.0,999.0,,
000000001835230192,NA000852 Twin 1x2 + 2OCMs #S0795,Unclassified,Other,999.0,999.0,,
000000001835230193,NA000828 F2 2xWB+4xOCM #15271,Unclassified,Other,999.0,999.0,,
000000001835230194,NA000831 F2 2xWB+4xOCM #15272,Unclassified,Other,999.0,999.0,,
000000001835230197,NA000844 F2 2xWBA+2XOCM #15685,Unclassified,Other,999.0,999.0,,
000000001835230200,NA000812 F2 2xWB+2xOCM #15638,Unclassified,Other,999.0,999.0,,
000000001835230201,NA000814 4x1+1xOCM (Internal Tap) #15266,Unclassified,Other,999.0,999.0,,
000000001835230202,NA000815 F2 1x4 WSS+2 OCM #15859,Unclassified,Other,999.0,999.0,,
000000001835230203,NA000816 F2 2XWB+2xOCM #15269,Unclassified,Other,999.0,999.0,,
000000001835230204,NA000820 F2 2XWB+2xOCM #15270,Unclassified,Other,999.0,999.0,,
000000001835230205,NA000824 F2 4x1 WSS+2xOCM #15304,Unclassified,Other,999.0,999.0,,
000000001835230206,NA000832 SE HTS #8517790000 #15392,Unclassified,Other,999.0,999.0,,
000000001835230207,NA000833 F2 1x2 WSS+1xWB+2xOCM #15467,Unclassified,Other,999.0,999.0,,
000000001835230211,NA000838 F2 2xWB+2xOCMs #15526,Unclassified,Other,999.0,999.0,,
000000001835230212,NA000839 F2 2xWB+2xOCMs #15526,Unclassified,Other,999.0,999.0,,
000000001835230216,NA000876 C-Band 8WB #15987,Unclassified,Other,999.0,999.0,,
000000001835230219,NA000805 2xWB+2xOCMs #Z5806,Unclassified,Other,999.0,999.0,,
000000001835230221,NA000850 2xWB+2xOCMs #S0780,Unclassified,Other,999.0,999.0,,
000000001835230227,NA000863 F2 2XWB+2xOCM #Z5758,Unclassified,Other,999.0,999.0,,
000000001835230228,NA000864 F2 2XWB+2xOCM #Z5758,Unclassified,Other,999.0,999.0,,
000000001835230230,NA000867 2xWB+4xOCMs C band #15849,Unclassified,Other,999.0,999.0,,
000000001835230231,NA000868 2xWB+4xOCMs L band #15849,Unclassified,Other,999.0,999.0,,
000000001835230232,NA000802 FFBB-C58L010-6NI #S0789,Unclassified,Other,999.0,999.0,,
000000001835230233,NA001412 Bernoulli Adaptor Kit #S0769,Accessories,Other,85.0,999.0,,
000000001835230236,NA000870-13 1xWB+4xOCM C band #15878,Unclassified,Other,999.0,999.0,,
000000001835230237,NA000870 F2 1xWB+4OCMs C band #15878,Unclassified,Other,999.0,999.0,,
000000001835230238,NA000871 2xWBA+2xOCM #Z5820,Unclassified,Other,999.0,999.0,,
000000001835230244,NA000803 L band 6WB #S0800,Unclassified,Other,999.0,999.0,,
000000001835230246,NA000879 C Band 3xWB+3xOCMs #16056,Unclassified,Other,999.0,999.0,,
000000001835230251,NA000858 - 8WB L-Band,Unclassified,Other,999.0,999.0,,
000000001835230253,NA000884 - 8WB L-Band,Unclassified,Other,999.0,999.0,,
000000001835230254,NA100308-00 PCBA #Z5988,Unclassified,Other,999.0,999.0,,
000000001835230255,NA000828 2xWB+4xOCM C-Band #15271  - SYT,Unclassified,Other,999.0,999.0,,
000000001835230256,NA000831 2xWB+4xOCM L-Band #15272  - SYT,Unclassified,Other,999.0,999.0,,
000000001835230257,NA000870 1xWB+4OCMs C band #15878 - SYT,Unclassified,Other,999.0,999.0,,
000000001835230258,NA000885 2xWB+2xOCMs #16135,Unclassified,Other,999.0,999.0,,
000000001835230259,NA000890 Euler Type2 2+2+2+2 #16273,Unclassified,Other,999.0,999.0,,
000000001835230261,NA000881 FOR BR SUB #Z6089,Unclassified,Other,999.0,999.0,,
000000001835230262,NA000882 FOR BR SUB #Z6089,Unclassified,Other,999.0,999.0,,
000000001835230263,NA000855 Type 1 Generic version #XXXXX,Unclassified,Other,999.0,999.0,,
000000001835240002,NA001007 Nistica GL lind card #15013,Unclassified,Other,999.0,999.0,,
000000001835240003,NA001012 Nistica GL lind card #15287,Unclassified,Other,999.0,999.0,,
000000001835240012,NA001008 1x20 Licensed Ver#15190,Unclassified,Other,999.0,999.0,,
000000001835240017,NA001005 WSS-F4 complete EOL #15297,Unclassified,Other,999.0,999.0,,
000000001835240018,NA001006 WSS-F8 complete  EOL #15298,Unclassified,Other,999.0,999.0,,
000000001835240019,NA001004 WSS-F2 ROADM Linecard #15483,Unclassified,Other,999.0,999.0,,
000000001835260000,C+L Raman Blade for FJT #15133,Unclassified,Other,999.0,999.0,,
000000001835260017,C+L Raman for Cisco Sirius #15315,Unclassified,Other,999.0,999.0,,
000000001835260018,C band ILA card for Cisco Sirius #15316,Unclassified,Other,999.0,999.0,,
000000001835260022,Chassis for Microsoft 400ZR #15347,Unclassified,Other,999.0,999.0,,
000000001835260023,Function card(PA/BA/OCM/OTDR/SFP)#15347,Unclassified,Transceiver_Rating,999.0,50.0,,
000000001835260024,Controller Card for MSFT 400ZR #15347,Unclassified,Other,999.0,999.0,,
000000001835260026,DCI-Amp&MX/DMX kit for MSFT 400ZR#15347,Accessories,Other_MultiFiber,85.0,15.0,,
000000001835260027,2x33 WSS based OLT-C for Cisco #15370,Unclassified,Other,999.0,999.0,,
000000001835260042,DCI-Amp&MX/DMX kit 400ZR(no ITL) #15554,Accessories,Other_MultiFiber,85.0,15.0,,
000000001835260043,C-ILA new PN  for a VOA on OSC TX#15316,Unclassified,Other,999.0,999.0,,
000000001835260046,C+L Raman card with update filter #15315,Unclassified,Other,999.0,999.0,,
000000001835260047,L-ILA new PN of 1835260044+filter #15316,Unclassified,Other,999.0,999.0,,
000000001835260050,Shelf chassis for MSFT HP(M120) #15927,Unclassified,Other,999.0,999.0,,
000000001835260056,Raman w/ LC connector #15315,Unclassified,LC_Variants,999.0,32.0,,
000000001835260057,DCI-KIT for BOX1 400ZR 33CH(OPS) #15789,Accessories,Other,85.0,999.0,,
000000001835260060,FRU: Fan Unit MSFT DCI-Amp#15789,Unclassified,Other,999.0,999.0,,
000000001835260066,DCI-Amp&OPS for FUJ config1 #15918,Unclassified,Other,999.0,999.0,,
000000001835260067,Chassis for FUJ OLS-P #15918,Unclassified,Other,999.0,999.0,,
000000001835260070,SCC PIU module for FUJ OLS-P #15918,Unclassified,Other,999.0,999.0,,
000000001835260073,DCI-Amp&MX/DMX 75G kit MSFT HP#15927,Accessories,Other_MultiFiber,85.0,15.0,,
000000001835260075,HP Function card(PA/BA/OCM/OTDR)#15927,Unclassified,Other,999.0,999.0,,
000000001835260076,HP SCC Controller Card#15927,Unclassified,Other,999.0,999.0,,
000000001835260084,M120 HP-Amp chassis #15927,Unclassified,Other,999.0,999.0,,
000000001835260085,P0 sample Raman card for Cisco #16076,Unclassified,Other,999.0,999.0,,
000000001835260086,Raman card for Cisco #16076,Unclassified,Other,999.0,999.0,,
000000001835260093,C-ILA new PN with improved DGE #15316,Unclassified,Other,999.0,999.0,,
000000001835260096,704 MEMS driver Chassis #Z6016,Unclassified,Other,999.0,999.0,,
000000001835260106,S band BDFA box #16222,Unclassified,Other,999.0,999.0,,
000000001835260123,Olympus 2.0 1RU ULA Bundle KIT #16249,Accessories,Other,85.0,999.0,,
000000001835260144,N1K40 2R C-ILA POC sample #16351,Unclassified,Other,999.0,999.0,,
000000001835260145,2R C-ILA w/ Raman West POC sample #16351,Unclassified,Other,999.0,999.0,,
000000001835260146,2R C-ILA w/ Raman East POC sample #16351,Unclassified,Other,999.0,999.0,,
000000001835260147,2R C-ILA w/ Raman Both POC sample #16351,Unclassified,Other,999.0,999.0,,
000000001835260148,C Band PABA card for INFN #16382,Unclassified,Other,999.0,999.0,,
000000001835270002,C120 OCM for HW OPM64 project #Z5443,Unclassified,Other,999.0,999.0,,
000000001835270008,102CH OCM SE HTS #8517620000 #15636,Unclassified,Other,999.0,999.0,,
000000001835270009,Flex-grid 96CH OCM #Z5672,Unclassified,Other,999.0,999.0,,
000000001835270012,L-band OCM 34100498 #Z5693,Unclassified,Other,999.0,999.0,,
000000001835270014,Flex-grid 96CH OCM #Z5749,Unclassified,Other,999.0,999.0,,
000000001835270024,C++ 1-port OCM #15955,Unclassified,Other,999.0,999.0,,
000000001835270027,ZTE OCM 400G C+L #Z5902,Unclassified,Other,999.0,999.0,,
000000001835270029,L++ 1-port OCM #16027,Unclassified,Other,999.0,999.0,,
000000001835270032,OCM module for Isar OC08 #Z5967,Unclassified,Other,999.0,999.0,,
000000001835270035,OFP2 Super C-band HR OCM#16090,Unclassified,Other,999.0,999.0,,
000000001835270037,1x5 OCM for Rainier400 #Z6031,Unclassified,Other,999.0,999.0,,
000000001835270038,OCM for Isar 32TH OC0D #Z6061,Unclassified,Other,999.0,999.0,,
000000001835270039,High Resolution C+L OCM 2ports #16315,Unclassified,Other,999.0,999.0,,
000000001835320006,Mini 980/1550nm HPHT WDIH #Z5772,Unclassified,Other,999.0,999.0,,
000000001835320007,L band mini HPHT WDIH device #Z6075,Unclassified,Other,999.0,999.0,,
000000001835320008,C band mini HPHT WDIH device #Z6075,Unclassified,Other,999.0,999.0,,
000000001835330001,NA000733 Twin 2x10 WSS #15528,Unclassified,Other,999.0,999.0,,
000000001835330002,NA000741 Twin 1x9 WSS #15536,Unclassified,Other,999.0,999.0,,
000000001835330003,NA000719 Twin 1x10 WSS #15537,Unclassified,Other,999.0,999.0,,
000000001835330004,NA000739 Twin 1x20 WSS #15537,Unclassified,Other,999.0,999.0,,
000000001835330009,NA000732 SF Twin 2x20 WSS C band #15575,Unclassified,Other,999.0,999.0,,
000000001835330011,NA000702 9x1 and 1x9 WSS C band #Z5658,Unclassified,Other,999.0,999.0,,
000000001835330017,NA003754 2x20 C6THz WSS#Z5656,Unclassified,Other,999.0,999.0,,
000000001835330018,NA000749 SF  Twin 2x13 C-band #15517,Unclassified,Other,999.0,999.0,,
000000001835330019,NA000779 SF  Twin 2x13 L-band #15517,Unclassified,Other,999.0,999.0,,
000000001835330023,NA003781 Twin 1X9 C band WSS #Z5730,Unclassified,Other,999.0,999.0,,
000000001835330024,NA003726 Twin 1x13 C Band #15752,Unclassified,Other,999.0,999.0,,
000000001835330030,NA003755 Twin 2x22 C6T High ISO #Z5777,Unclassified,Other,999.0,999.0,,
000000001835330032,NA003757 Twin 2x21 C6T High ISO #Z5779,Unclassified,Other,999.0,999.0,,
000000001835330043,NA003712 Twin 2x21 C-Band 5T #16001,Unclassified,Other,999.0,999.0,,
000000001835330046,NA000748 SF 2X21 C MK5V #Z5967,Unclassified,Other,999.0,999.0,,
000000001835330047,NA003720 Twin 1x10 WSS #16108,Unclassified,Other,999.0,999.0,,
000000001835330048,"NA003714 Twin 1x20 WSS, C-Band, 6T",Unclassified,Other,999.0,999.0,,
000000001835330049,"NA003715 Twin 1x20 WSS, L-Band, 6T",Unclassified,Other,999.0,999.0,,
000000001835330050,NA003721 Twin 2X10 C band WSS #16172,Unclassified,Other,999.0,999.0,,
000000001835330051,NA003722 Twin 2X10 L band WSS #16173,Unclassified,Other,999.0,999.0,,
000000001835340002,NA000923 Twin 2x34 C6THz WSS#Z5614,Unclassified,Other,999.0,999.0,,
000000001835340009,NA000905 DR TWIN 1x32 WSS #Z5684,Unclassified,Other,999.0,999.0,,
000000001835340011,NA000925 Twin 2x34 C6T High ISO #Z5774,Unclassified,Other,999.0,999.0,,
000000001835340012,NA000926 Twin 2x34 L6T High ISO  #Z5775,Unclassified,Other,999.0,999.0,,
000000001835340022,NA001310 C+L 12THz  Twin 2x34 WSS #Z5931,Unclassified,Other,999.0,999.0,,
000000001835340023,NA001311 C+L 12T Twin 2x22 WSS-MT #Z5932,Unclassified,Other,999.0,999.0,,
000000001835340025,NA000920 DR TWIN 2x33 WSS #16036,Unclassified,Other,999.0,999.0,,
000000001835340026,NA000929 Twin 2x33 C-Band WSS #16163,Unclassified,Other,999.0,999.0,,
000000001835340027,NA000948 Twin 2X33 C band 6T #Z6061,Unclassified,Other,999.0,999.0,,
000000001835340028,NA000941 1X32 WSS C band #16231,Unclassified,Other,999.0,999.0,,
000000001835380000,RD20 standard C band #15549,Unclassified,Other,999.0,999.0,,
000000001835380001,RD09 dual slot C band ROADM #15687,Unclassified,Other,999.0,999.0,,
000000001835380003,1830 OPSUM-C w TF v2 HS#851762 #15289,Unclassified,Other,999.0,999.0,,
000000001835380004,1830 OPSUM-L w TF v2 HS#851762 #15289,Unclassified,Other,999.0,999.0,,
000000001835380006,RD12 Super C band #15809,Unclassified,Other,999.0,999.0,,
000000001835380007,RD32TH Super C-band ROADM #15861,Unclassified,Other,999.0,999.0,,
000000001835380008,OFP2 Super C DGE #15934,Unclassified,Other,999.0,999.0,,
000000001835380009,Callisto ODM line-card module #15969,Unclassified,Other,999.0,999.0,,
000000001835380010,1830 OPSUM-C w TF v3 HS#851762 #15289,Unclassified,Other,999.0,999.0,,
000000001835380011,1830 OPSUM-L w TF v3 HS#851762 #15289,Unclassified,Other,999.0,999.0,,
000000001835390001,C-OLT new PN with VOA on OSC TX #15370,Unclassified,Other,999.0,999.0,,
000000001835390003,L-OLT new PN(1835390002 + filter) #15370,Unclassified,Other,999.0,999.0,,
000000001835390004,OLT-C w/ new LC connectors #15370,Unclassified,LC_Variants,999.0,32.0,,
000000001835390005,OLT-L w/ new LC connectors #15370,Unclassified,LC_Variants,999.0,32.0,,
000000001835390006,Rainbow OLT-C for Cisco #16178,Unclassified,Other,999.0,999.0,,
000000001835400000,H3RD66TH STD (C+L) ROADM #16043,Unclassified,Other,999.0,999.0,,
000000001835400002,Medium performance H3RD66TM-Z0 #16147,Unclassified,Other,999.0,999.0,,
000000001835400003,RD20 standard C band SYT MAKE #15549,Unclassified,Other,999.0,999.0,,
000000001835400005,Control Board for RD66TM #16147,Unclassified,Other,999.0,999.0,,
000000001835400006,EDFA card for RD66TM #16147,Optical_Module,Other,55.0,999.0,,
000000001835400007,Medium performance H3RD66TM-Z0 SYT#16147,Unclassified,Other,999.0,999.0,,
000000001835430001,Ultra mini 980/1550 WDIH with YVO4#Z5797,Unclassified,Other,999.0,999.0,,
000000001837009002,SFP+ MR 3.3V Test Board AC,Unclassified,Transceiver_Rating,999.0,50.0,,
000000001837013005,(EOL)4RRX12643 ARR 0002-0300MHz LAF,Unclassified,Other,999.0,999.0,,
000000001837013012,(EOL)4RRP13084 ARR 0002-0300MHz MIX Wt-2,Unclassified,Other,999.0,999.0,,
000000001837013014,(EOL)4RRP13084 ARR 0002-0300MHz MIX Wt-8,Unclassified,Other,999.0,999.0,,
000000001837013015,(EOL)4RRP13084 ARR 0002-0300MHz MIX Wt-9,Unclassified,Other,999.0,999.0,,
000000001837013017,(EOL) 4RRP13084 ARR 0002-0300MHz MIX WDM,Unclassified,Transceiver_Rating,999.0,50.0,,
000000001837013018,(EOL)DFRX13595 ARR 0042-1218MHz SAF,Unclassified,Other,999.0,999.0,,
000000001837013020,(EOL)SFRX13595 ARR 0042-1218MHz SAF,Unclassified,Other,999.0,999.0,,
000000001837020007,SFP GE T1490/R1310 10km I ADV 12975,Unclassified,Transceiver_Rating,999.0,50.0,,
000000001837020010,SFP GE T1310/R1490 10km I ADV 12975,Unclassified,Transceiver_Rating,999.0,50.0,,
000000001837020011,SFP GE T1310/R1490 10km I FUJ 12850,Unclassified,Transceiver_Rating,999.0,50.0,,
000000001837020013,SFP GE T1490/R1310 40km C ADV 12977,Unclassified,Transceiver_Rating,999.0,50.0,,
000000001837020015,SFP GE T1310/R1490 40km C ADV 12977,Unclassified,Transceiver_Rating,999.0,50.0,,
000000001837020026,SFP+ 10G T1270/R1330 10km I STD S0308,Unclassified,Transceiver_Rating,999.0,50.0,,
000000001837020028,SFP+ 10G T1330/R1270 10km I STD S0308,Unclassified,Transceiver_Rating,999.0,50.0,,
000000001837020034,SFP GE T1490/R1310 40km C ADV 12949,Unclassified,Transceiver_Rating,999.0,50.0,,
000000001837020035,SFP GE T1310/R1490 40km C ADV 12949,Unclassified,Transceiver_Rating,999.0,50.0,,
000000001837020036,SFP GE T1490/R1570 80km C ADV 12954,Unclassified,Transceiver_Rating,999.0,50.0,,
000000001837020037,SFP GE T1570/R1490 80km C ADV 12954,Unclassified,Transceiver_Rating,999.0,50.0,,
000000001837020038,SFP GE T1510/R1590 120km C ADV 10669,Unclassified,Transceiver_Rating,999.0,50.0,,
000000001837020039,SFP GE T1590/R1510 120km C ADV 10669,Unclassified,Transceiver_Rating,999.0,50.0,,
000000001837020042,(EOL)SFP FE T1550/R1310 10km I CIE 14433,Unclassified,Transceiver_Rating,999.0,50.0,,
000000001837020044,SFP FE T1310/R1550 10km C CIS 14303,Unclassified,Transceiver_Rating,999.0,50.0,,
000000001837020047,SFP FE T1310/R1550 40km I CIE 14435,Unclassified,Transceiver_Rating,999.0,50.0,,
000000001837020050,SFP GE T1490/R1310 10km C CIS 14210,Unclassified,Transceiver_Rating,999.0,50.0,,
000000001837020053,SFP GE T1490/R1310 10km C JUP 12623,Unclassified,Transceiver_Rating,999.0,50.0,,
000000001837020054,SFP GE T1490/R1310 10km E CIS 14209,Unclassified,Transceiver_Rating,999.0,50.0,,
000000001837020055,SFP GE T1490/R1310 10km I CIE 14495,Unclassified,Transceiver_Rating,999.0,50.0,,
000000001837020059,SFP GE T1310/R1490 10km C CIS 14210,Unclassified,Transceiver_Rating,999.0,50.0,,
000000001837020062,SFP GE T1310/R1490 10km C JUP 12623,Unclassified,Transceiver_Rating,999.0,50.0,,
000000001837020063,SFP GE T1310/R1490 10km E CIS 14209,Unclassified,Transceiver_Rating,999.0,50.0,,
000000001837020064,SFP GE T1310/R1490 10km I CIE 14495,Unclassified,Transceiver_Rating,999.0,50.0,,
000000001837020074,SFP GE T1490/R1310 40km C JUP 14280,Unclassified,Transceiver_Rating,999.0,50.0,,
000000001837020079,SFP GE T1310/R1490 40km C JUP 14280,Unclassified,Transceiver_Rating,999.0,50.0,,
000000001837020083,SFP GE T1490/R1570 80km C ADV 14444,Unclassified,Transceiver_Rating,999.0,50.0,,
000000001837020085,SFP GE T1490/R1570 80km I ALU 14324,Unclassified,Transceiver_Rating,999.0,50.0,,
000000001837020087,SFP GE T1570/R1490 80km C ADV 14444,Unclassified,Transceiver_Rating,999.0,50.0,,
000000001837020089,SFP GE T1570/R1490 80km I ALU 14324,Unclassified,Transceiver_Rating,999.0,50.0,,
000000001837020100,(EOL)SFP GE T1550/R1310 40km I CIS 12337,Unclassified,Transceiver_Rating,999.0,50.0,,
000000001837020101,SFP GE T1570/R1490 80km I CIS 12338,Unclassified,Transceiver_Rating,999.0,50.0,,
000000001837020102,SFP GE T1310/R1490 40km I CIS 12337,Unclassified,Transceiver_Rating,999.0,50.0,,
000000001837020108,SFP GE T1490/R1310 40km I CIS 12337,Unclassified,Transceiver_Rating,999.0,50.0,,
000000001837020110,SFP OC3 T1310/R1550 40km I FUJ 12853,Unclassified,Transceiver_Rating,999.0,50.0,,
000000001837020113,SFP FE T1310/R1550 10km I FUJ 12851,Unclassified,Transceiver_Rating,999.0,50.0,,
000000001837020125,SFP GE T1490/R1570 80km I CIS 12338,Unclassified,Transceiver_Rating,999.0,50.0,,
000000001837020199,SFP GbE T1490/R1310 10km I HIT 14838,Unclassified,Transceiver_Rating,999.0,50.0,,
000000001837020202,SFP GbE T1490/R1310 10km I CIS 14210,Unclassified,Transceiver_Rating,999.0,50.0,,
000000001837020203,SFP GbE T1310/R1490 10km I CIS 14210,Unclassified,Transceiver_Rating,999.0,50.0,,
000000001837020204,SFP GbE T1310/R1550 40km I JUP 14280,Unclassified,Transceiver_Rating,999.0,50.0,,
000000001837020206,SFP GE T1490/R1310 10km C ARR 15064 ROHS,Unclassified,Transceiver_Rating,999.0,50.0,,
000000001837021000,SFP Cu GbE C STD S0306 RJ45,Unclassified,Transceiver_Rating,999.0,50.0,,
000000001837021007,SFP Cu GbE I STD S0306 Rx-Lose,Unclassified,Transceiver_Rating,999.0,50.0,,
000000001837021016,SFP Cu GbE C STD S0306 Rx-Lose&Auto,Unclassified,Transceiver_Rating,999.0,50.0,,
000000001837021018,SFP Cu GbE I STD S0306 Rx-Lose&Auto,Unclassified,Transceiver_Rating,999.0,50.0,,
000000001837021019,SFP Cu 1G E CIS 15040,Unclassified,Transceiver_Rating,999.0,50.0,,
000000001837021020,SFP Cu 1G E CIS 15095 TAA,Unclassified,Transceiver_Rating,999.0,50.0,,
000000001837022001,SFP FE 1310nm 2km C CIS 13418 Tom Sawyer,Unclassified,Transceiver_Rating,999.0,50.0,,
000000001837022012,SFP OC12 1310nm 2km I CIS 13612,Unclassified,Transceiver_Rating,999.0,50.0,,
000000001837022013,SFP FE 1310nm 2km E CIS 14286,Unclassified,Transceiver_Rating,999.0,50.0,,
000000001837022015,SFP FE 1310nm 2km I CIS 14286,Unclassified,Transceiver_Rating,999.0,50.0,,
000000001837022016,SFP FE 1310nm 2km I CIS 13612,Unclassified,Transceiver_Rating,999.0,50.0,,
000000001837022021,SFP GbE 850nm 550m I CIS 13208,Unclassified,Transceiver_Rating,999.0,50.0,,
000000001837022023,SFP OC3 1310nm 2km I CIS 13612,Unclassified,Transceiver_Rating,999.0,50.0,,
000000001837022024,SFP GbE 850nm 550m I CIS 14584,Unclassified,Transceiver_Rating,999.0,50.0,,
000000001837022032,SFP GbE 850nm 550m E CIS 14697 TAA,Unclassified,Transceiver_Rating,999.0,50.0,,
000000001837022036,SFP GbE 850nm 550m I STD S0487,Unclassified,Transceiver_Rating,999.0,50.0,,
000000001837022037,SFP GbE 850nm 550m C STD S0487,Unclassified,Transceiver_Rating,999.0,50.0,,
000000001837022038,SFP GbE 850nm 500m E CIS 15038,Unclassified,Transceiver_Rating,999.0,50.0,,
000000001837023021,(EOL)SFP OC48 1310nm 15km I FUJ 13003,Unclassified,Transceiver_Rating,999.0,50.0,,
000000001837023022,SFP OC3 1310nm 15km E CIS 14302,Unclassified,Transceiver_Rating,999.0,50.0,,
000000001837023024,SFP OC12 1310nm 15km E CIS 14302,Unclassified,Transceiver_Rating,999.0,50.0,,
000000001837023026,SFP OC12 1310nm 15km I CIS 14381,Unclassified,Transceiver_Rating,999.0,50.0,,
000000001837023027,SFP OC12 1310nm 2km E CIS 14302,Unclassified,Transceiver_Rating,999.0,50.0,,
000000001837023029,SFP OC48 1310nm 2km E CIS 14317,Unclassified,Transceiver_Rating,999.0,50.0,,
000000001837023030,SFP OC48 1310nm 15km E CIS 14382,Unclassified,Transceiver_Rating,999.0,50.0,,
000000001837023031,SFP OC48 1310nm 15km E CIS 14527,Unclassified,Transceiver_Rating,999.0,50.0,,
000000001837023032,SFP OC48 1310nm 15km I CIS 14527,Unclassified,Transceiver_Rating,999.0,50.0,,
000000001837023034,SFP FE 1310nm 10km E CIS 14302,Unclassified,Transceiver_Rating,999.0,50.0,,
000000001837023035,SFP FE 1310nm 10km I CIS 14302,Unclassified,Transceiver_Rating,999.0,50.0,,
000000001837023036,SFP FE 1310nm 10km I FUJ 12970,Unclassified,Transceiver_Rating,999.0,50.0,,
000000001837023037,SFP GbE 1310nm 10km C STD S0441,Unclassified,Transceiver_Rating,999.0,50.0,,
000000001837023041,SFP GbE 1310nm 10km E CIS 14355,Unclassified,Transceiver_Rating,999.0,50.0,,
000000001837023044,SFP GbE 1310nm 10km I CIS 13206,Unclassified,Transceiver_Rating,999.0,50.0,,
000000001837023061,SFP OC3 1310nm 2km E CIS 14302,Unclassified,Transceiver_Rating,999.0,50.0,,
000000001837023062,SFP OC3 1310nm 15km I CIS 14381,Unclassified,Transceiver_Rating,999.0,50.0,,
000000001837023063,SFP GbE 1310nm 10km I CIS 14585,Unclassified,Transceiver_Rating,999.0,50.0,,
000000001837023064,SFP OC48 1310nm 2km I CIS 14525,Unclassified,Transceiver_Rating,999.0,50.0,,
000000001837023095,SFP GbE 1310nm 10km E CIS 14695 TAA,Unclassified,Transceiver_Rating,999.0,50.0,,
000000001837023160,SFP GbE 1310nm 10km E CIS  15039,Unclassified,Transceiver_Rating,999.0,50.0,,
000000001837024000,(EOL) SFP OC3 1511nm 80km C NOR 8650,Unclassified,Transceiver_Rating,999.0,50.0,,
000000001837024129,(EOL)SFP OC3 1511nm 100km C STD S0191,Unclassified,Transceiver_Rating,999.0,50.0,,
000000001837024143,(EOL)SFP OC3 1510nm 100km E INF 8852,Unclassified,Transceiver_Rating,999.0,50.0,,
000000001837024154,(EOL)SFP OC3 1511nm 100km E FUJ 13634,Unclassified,Transceiver_Rating,999.0,50.0,,
000000001837024159,(EOL)SFP OC48 1310nm 40km C VIA 14141,Unclassified,Transceiver_Rating,999.0,50.0,,
000000001837024161,(EOL)SFP OC48 1310nm 40km E ADV 12942,Unclassified,Transceiver_Rating,999.0,50.0,,
000000001837024162,(EOL)SFP OC48 1310nm 40km E TLB 12499,Unclassified,Transceiver_Rating,999.0,50.0,,
000000001837024163,(EOL)SFP OC48 1310nm 40km E CIE 12434,Unclassified,Transceiver_Rating,999.0,50.0,,
000000001837024173,(EOL)SFP OC48 1550nm 80km I FUJ 13532,Unclassified,Transceiver_Rating,999.0,50.0,,
000000001837024174,(EOL)SFP OC48 1550nm 80km I FUJ 9537,Unclassified,Transceiver_Rating,999.0,50.0,,
000000001837024284,(EOL)SFP OC48 1511nm 80km E FUJ 13633,Unclassified,Transceiver_Rating,999.0,50.0,,
000000001837024295,(EOL)SFP FE 1550nm 80km I FUJ 9727,Unclassified,Transceiver_Rating,999.0,50.0,,
000000001837024296,(EOL)SFP GbE 1310nm 40km C STD S0151,Unclassified,Transceiver_Rating,999.0,50.0,,
000000001837024301,(EOL)SFP GbE 1310nm 40km I FUJ 10904,Unclassified,Transceiver_Rating,999.0,50.0,,
000000001837024310,(EOL)SFP GbE 1550nm 80km C JUP 12640,Unclassified,Transceiver_Rating,999.0,50.0,,
000000001837024311,(EOL)SFP GbE 1550nm 80km E CIE 13332,Unclassified,Transceiver_Rating,999.0,50.0,,
000000001837024313,(EOL)SFP GbE 1550nm 80km I JUP 12640,Unclassified,Transceiver_Rating,999.0,50.0,,
000000001837024320,(EOL)SFP GbE 1511nm 120km C CIE 14365,Unclassified,Transceiver_Rating,999.0,50.0,,
000000001837024321,(EOL)SFP GbE 1511nm 120km C FUJ 14288,Unclassified,Transceiver_Rating,999.0,50.0,,
000000001837024329,(EOL)SFP GbE 1550nm 120km I ALU 12836,Unclassified,Transceiver_Rating,999.0,50.0,,
000000001837024331,SFP OC3 1310nm 40km E CIS 14318,Unclassified,Transceiver_Rating,999.0,50.0,,
000000001837024332,SFP OC3 1310nm 40km I CIS 14526,Unclassified,Transceiver_Rating,999.0,50.0,,
000000001837024355,SFP GbE 1550nm 80km I CIS 13417,Unclassified,Transceiver_Rating,999.0,50.0,,
000000001837024389,SFP GbE 1550nm 80km I CIS 14533,Unclassified,Transceiver_Rating,999.0,50.0,,
000000001837024404,SFP GbE 1310nm 40km C STD S0546,Unclassified,Transceiver_Rating,999.0,50.0,,
000000001837024405,SFP GE 1550nm 80km C STD S0547,Unclassified,Transceiver_Rating,999.0,50.0,,
000000001837024412,SFP GE 1471nm 80km I STD S0484,Unclassified,Transceiver_Rating,999.0,50.0,,
000000001837024413,SFP GE 1491nm 80km I STD S0484,Unclassified,Transceiver_Rating,999.0,50.0,,
000000001837024414,SFP GE  1511nm 80km I STD S0484,Unclassified,Transceiver_Rating,999.0,50.0,,
000000001837024415,SFP GE 1531nm 80km I STD S0484,Unclassified,Transceiver_Rating,999.0,50.0,,
000000001837024416,SFP GE 1551nm 80km I STD S0484,Unclassified,Transceiver_Rating,999.0,50.0,,
000000001837024417,SFP GE 1571nm 80km I STD S0484,Unclassified,Transceiver_Rating,999.0,50.0,,
000000001837024848,(EOL)SFP OC3 1531nm 100km E FUJ 14739,Unclassified,Transceiver_Rating,999.0,50.0,,
000000001837024877,SFP GbE 1471nm 62km C STD S0609 CWDM,Unclassified,Transceiver_Rating,999.0,50.0,,
000000001837024878,SFP GbE 1491nm 62km C STD S0609 CWDM,Unclassified,Transceiver_Rating,999.0,50.0,,
000000001837024879,SFP GbE 1511nm 62km C STD S0609 CWDM,Unclassified,Transceiver_Rating,999.0,50.0,,
000000001837024905,SFP GbE 1550nm 80km I NEC 14807,Unclassified,Transceiver_Rating,999.0,50.0,,
000000001837024989,SFP GbE 1550nm 80km E CIS 15041,Unclassified,Transceiver_Rating,999.0,50.0,,
000000001837024990,SFP GbE 1310nm 40km E CIS  15042,Unclassified,Transceiver_Rating,999.0,50.0,,
000000001837024999,SFP GE 1591nm 80km I STD S0484 ZX,Unclassified,Transceiver_Rating,999.0,50.0,,
000000001837025000,SFP GE 1611nm 80km I STD S0484 ZX,Unclassified,Transceiver_Rating,999.0,50.0,,
000000001837026003,(EOL)SFP DWDM OC3 1518 120km C CIS 10095,Unclassified,Transceiver_Rating,999.0,50.0,,
000000001837032004,XFP+ 10G 1310nm 2km I FUJ 13929 SR1,Unclassified,Transceiver_Rating,999.0,50.0,,
000000001837032005,XFP+ 10G 1310nm 2km I FUJ 14582 SR1,Unclassified,Transceiver_Rating,999.0,50.0,,
000000001837032006,XFP+ 10G 1310nm 2km I FJT 13158 SR1,Unclassified,Transceiver_Rating,999.0,50.0,,
000000001837032019,XFP 10G 1310nm 10km I FJT 14652,Unclassified,Transceiver_Rating,999.0,50.0,,
000000001837034196,(EOL)XFP 10G 1471 70km C CIE 10084 LR2,Unclassified,Transceiver_Rating,999.0,50.0,,
000000001837034197,(EOL)XFP 10G 1491 70km C CIE 10084 LR2,Unclassified,Transceiver_Rating,999.0,50.0,,
000000001837034199,(EOL)XFP 10G 1531 70km C CIE 10084 LR2,Unclassified,Transceiver_Rating,999.0,50.0,,
000000001837034201,(EOL)XFP 10G 1571 70km C CIE 10084 LR2,Unclassified,Transceiver_Rating,999.0,50.0,,
000000001837034202,(EOL)XFP 10G 1591 70km C CIE 10084 LR2,Unclassified,Transceiver_Rating,999.0,50.0,,
000000001837034241,(EOL)XFP 10G 1471 70km I CIE 12804 LR2,Unclassified,Transceiver_Rating,999.0,50.0,,
000000001837034243,(EOL)XFP 10G 1511 70km I CIE 12804 LR2,Unclassified,Transceiver_Rating,999.0,50.0,,
000000001837034245,(EOL)XFP 10G 1551 70km I CIE 12804 LR2,Unclassified,Transceiver_Rating,999.0,50.0,,
000000001837040009,SFP+ 10G T1270/R1330 10km E CN1 13693,Unclassified,Transceiver_Rating,999.0,50.0,,
000000001837040010,SFP+ 10G T1270/R1330 10km I CNT 13693,Unclassified,Transceiver_Rating,999.0,50.0,,
000000001837040011,SFP+ 10G T1270/R1330 10km I ADV 13682,Unclassified,Transceiver_Rating,999.0,50.0,,
000000001837040015,SFP+ 10G T1330/R1270 10km E CN1 13693,Unclassified,Transceiver_Rating,999.0,50.0,,
000000001837040016,SFP+ 10G T1330/R1270 10km I CNT 13693 F,Unclassified,Transceiver_Rating,999.0,50.0,,
000000001837040017,SFP+ 10G T1330/R1270 10km I ADV 13682,Unclassified,Transceiver_Rating,999.0,50.0,,
000000001837040019,SFP+ 10G T1270/R1330 40km C STD S0378,Unclassified,Transceiver_Rating,999.0,50.0,,
000000001837040021,SFP+ 10G T1270/R1330 40km C JUP 13728,Unclassified,Transceiver_Rating,999.0,50.0,,
000000001837040023,SFP+ 10G T1270/R1330 40km I STD S0378,Unclassified,Transceiver_Rating,999.0,50.0,,
000000001837040024,SFP+ 10G T1270/R1330 40km I ADV 12259,Unclassified,Transceiver_Rating,999.0,50.0,,
000000001837040025,SFP+ 10G T1270/R1330 40km I ALU 13869,Unclassified,Transceiver_Rating,999.0,50.0,,
000000001837040026,SFP+ 10G T1270/R1330 40km I CIE 13543,Unclassified,Transceiver_Rating,999.0,50.0,,
000000001837040027,SFP+ 10G T1270/R1330 40km I CIE 12369,Unclassified,Transceiver_Rating,999.0,50.0,,
000000001837040028,SFP+ 10G T1270/R1330 40km I CIS 12489,Unclassified,Transceiver_Rating,999.0,50.0,,
000000001837040029,SFP+ 10G T1270/R1330 40km I CN1 13694,Unclassified,Transceiver_Rating,999.0,50.0,,
000000001837040030,SFP+ 10G T1270/R1330 40km I CNT 13694,Unclassified,Transceiver_Rating,999.0,50.0,,
000000001837040033,SFP+ 10G T1330/R1270 40km C JUP 13728,Unclassified,Transceiver_Rating,999.0,50.0,,
000000001837040036,SFP+ 10G T1330/R1270 40km I ADV 12259,Unclassified,Transceiver_Rating,999.0,50.0,,
000000001837040037,SFP+ 10G T1330/R1270 40km I ALU 13869,Unclassified,Transceiver_Rating,999.0,50.0,,
000000001837040038,SFP+ 10G T1330/R1270 40km I CIE 13543,Unclassified,Transceiver_Rating,999.0,50.0,,
000000001837040039,SFP+ 10G T1330/R1270 40km I CIE 12369,Unclassified,Transceiver_Rating,999.0,50.0,,
000000001837040040,SFP+ 10G T1330/R1270 40km I CIS 12489,Unclassified,Transceiver_Rating,999.0,50.0,,
000000001837040041,SFP+ 10G T1330/R1270 40km I CN1 13694,Unclassified,Transceiver_Rating,999.0,50.0,,
000000001837040042,SFP+ 10G T1330/R1270 40km I CNT 13694,Unclassified,Transceiver_Rating,999.0,50.0,,
000000001837040099,SFP+ 10G T1270/R1330 40km I JUP 15134,Unclassified,Transceiver_Rating,999.0,50.0,,
000000001837040100,SFP+ 10G T1330/R1270 40km I JUP 15134,Unclassified,Transceiver_Rating,999.0,50.0,,
000000001837041012,SFP+ 10G 850nm 300m C CIS 13491 SR,Unclassified,Transceiver_Rating,999.0,50.0,,
000000001837041013,SFP+ 10G 850nm 300m C CIS 13517 SR-S,Unclassified,Transceiver_Rating,999.0,50.0,,
000000001837041058,SFP+ 10G 850nm 300m C CIS 14701 TAA MX,Unclassified,Transceiver_Rating,999.0,50.0,,
000000001837041061,SFP+ 10G 850nm 300m C STD S0479 MX,Unclassified,Transceiver_Rating,999.0,50.0,,
000000001837041069,SFP+ 10G 850nm 300m C ARN 15034,Unclassified,Transceiver_Rating,999.0,50.0,,
000000001837041071,SFP+ 10G 850nm 300m C STD S0532 SRL,Unclassified,Transceiver_Rating,999.0,50.0,,
000000001837042015,SFP+ 10G 1310nm 220m C STD S0476 LRM,Unclassified,Transceiver_Rating,999.0,50.0,,
000000001837042016,SFP+ 10G 1310nm 220m C CIS 13161 LRM,Unclassified,Transceiver_Rating,999.0,50.0,,
000000001837042017,SFP+ 10G 1310nm 220m C JUP 13631 LRM,Unclassified,Transceiver_Rating,999.0,50.0,,
000000001837042021,SFP+ 10G 1310nm 10km I FUJ 13272 LR -A,Unclassified,Transceiver_Rating,999.0,50.0,,
000000001837042022,SFP+ 10G 1310nm 10km I FUJ 13272 LR,Unclassified,Transceiver_Rating,999.0,50.0,,
000000001837042024,SFP+ 10G 1310nm 10km C STD S0514 LR,Unclassified,Transceiver_Rating,999.0,50.0,,
000000001837042027,SFP+ 10G 1310nm 10km C CIS 13489 LR,Unclassified,Transceiver_Rating,999.0,50.0,,
000000001837042028,SFP+ 10G 1310nm 10km C CIS 13516 LR,Unclassified,Transceiver_Rating,999.0,50.0,,
000000001837042030,SFP+ 10G 1310nm 10km E CIS 13489 LR,Unclassified,Transceiver_Rating,999.0,50.0,,
000000001837042031,SFP+ 10G 1310nm 10km E FUJ 13989 LR,Unclassified,Transceiver_Rating,999.0,50.0,,
000000001837042032,SFP+ 10G 1310nm 10km I STD S0514 LR,Unclassified,Transceiver_Rating,999.0,50.0,,
000000001837042088,SFP+ 10G 1310nm 10km C STD S0298 SR1,Unclassified,Transceiver_Rating,999.0,50.0,,
000000001837042090,SFP+ 10G 1310nm 10km E CIE 12313 SR1,Unclassified,Transceiver_Rating,999.0,50.0,,
000000001837042113,SFP+ 10G 1310nm 10km C CIS 14699 TAA MX,Unclassified,Transceiver_Rating,999.0,50.0,,
000000001837042114,(EOL)SFP+ 10G 1310nm 220m C ARR 14909,Unclassified,Transceiver_Rating,999.0,50.0,,
000000001837042115,SFP+ 10G 1310nm 10km C STD S0667,Unclassified,Transceiver_Rating,999.0,50.0,,
000000001837042116,SFP+ 10G 1310nm 10km E STD S0667,Unclassified,Transceiver_Rating,999.0,50.0,,
000000001837042117,SFP+ 10G 1310nm 10km I STD S0667,Unclassified,Transceiver_Rating,999.0,50.0,,
000000001837042118,SFP+ 10G 1310nm 10km C STD S0668 CDR,Unclassified,Transceiver_Rating,999.0,50.0,,
000000001837042120,SFP+ 10G 1310nm 10km I STD S0668 CDR,Unclassified,Transceiver_Rating,999.0,50.0,,
000000001837042123,SFP+ 10G 1310nm 1.4KM C STD S0675 AWS,Unclassified,Transceiver_Rating,999.0,50.0,,
000000001837042124,SFP+ 10G 1310nm 10km E FUJ 15115,Unclassified,Transceiver_Rating,999.0,50.0,,
000000001837042126,SFP+ 10G 1310nm 10km I CIS 15171,Unclassified,Transceiver_Rating,999.0,50.0,,
000000001837043070,(EOL)SFP+ 10G 1471 70km C CIE 10217 ZR,Unclassified,Transceiver_Rating,999.0,50.0,,
000000001837043071,(EOL)SFP+ 10G 1491 70km C CIE 10217 ZR,Unclassified,Transceiver_Rating,999.0,50.0,,
000000001837043075,(EOL)SFP+ 10G 1571 70km C CIE 10217 ZR,Unclassified,Transceiver_Rating,999.0,50.0,,
000000001837043077,(EOL)SFP+ 10G 1611 70km C CIE 10217 ZR,Unclassified,Transceiver_Rating,999.0,50.0,,
000000001837043120,(EOL)SFP+ 10G 1471 40km I STD S0521 ER,Unclassified,Transceiver_Rating,999.0,50.0,,
000000001837043121,(EOL)SFP+ 10G 1491 40km I STD S0521 ER,Unclassified,Transceiver_Rating,999.0,50.0,,
000000001837043122,(EOL)SFP+ 10G 1511 40km I STD S0521 ER,Unclassified,Transceiver_Rating,999.0,50.0,,
000000001837043123,(EOL)SFP+ 10G 1531 40km I STD S0521 ER,Unclassified,Transceiver_Rating,999.0,50.0,,
000000001837043244,(EOL)SFP+ 10G 1550 80km C JUP 10661  JU2,Unclassified,Transceiver_Rating,999.0,50.0,,
000000001837043245,(EOL)SFP+ 10G 1550 80km C JUP 10661 JU3,Unclassified,Transceiver_Rating,999.0,50.0,,
000000001837043260,(EOL)SFP+ 10G 1550 40km C VIA 14310 IR2,Unclassified,Transceiver_Rating,999.0,50.0,,
000000001837043262,SFP+ 10G 1550 40km C STD S0510 ER,Unclassified,Transceiver_Rating,999.0,50.0,,
000000001837043276,SFP+ 10G 1550 40km C CIS 14521 ER-S,Unclassified,Transceiver_Rating,999.0,50.0,,
000000001837043277,SFP+ 10G 1550 40km C CIS 14521 ER,Unclassified,Transceiver_Rating,999.0,50.0,,
000000001837043678,(EOL)SFP+ 10G 1550nm 80km I ALU 14872,Unclassified,Transceiver_Rating,999.0,50.0,,
000000001837050001,QSFP+ 40G 1310nm 10km C CIE 14472 PSM4,Unclassified,Transceiver_Rating,999.0,50.0,,
000000001837050002,QSFP+ 40G 1310nm 10km C CIS 13392 PSM4,Unclassified,Transceiver_Rating,999.0,50.0,,
000000001837050004,QSFP+ 40G 1310nm 10km C JUP 13072 R1,Unclassified,Transceiver_Rating,999.0,50.0,,
000000001837050013,QSFP+ 40G 1310nm 10km C CIE 14614 PSM4,Unclassified,Transceiver_Rating,999.0,50.0,,
000000001837050014,QSFP+ 40G 1310nm 10km C S0448 PSM4 R1,Unclassified,Transceiver_Rating,999.0,50.0,,
000000001837050016,QSFP+ 40G 1310nm 10km C F5 14623 PSM4 R1,Unclassified,Transceiver_Rating,999.0,50.0,,
000000001837050018,QSFP+ 40G 1310nm 10km C JUP 13197 PSM4,Unclassified,Transceiver_Rating,999.0,50.0,,
000000001837050025,QSFP+ 40G 1310nm 25km C CIS 14871 PSM4,Unclassified,Transceiver_Rating,999.0,50.0,,
000000001837050028,QSFP+ 40G 1310nm 10km C NOK 14761 PSM4,Unclassified,Transceiver_Rating,999.0,50.0,,
000000001837050030,QSFP+ 40G 1310nm 10km C KGP 15092 PSM4,Unclassified,Transceiver_Rating,999.0,50.0,,
000000001837059020,QSFP+ 40G 1310nm 25km C CIE 15487 R2,Unclassified,Transceiver_Rating,999.0,50.0,,
000000001837059021,QSFP+ 40G 1310nm 10km C WWT 16118 R1,Unclassified,Transceiver_Rating,999.0,50.0,,
000000001837059022,40G-PSM4 QSFP+ 10km PCBA,Unclassified,Transceiver_Rating,999.0,50.0,,
000000001837080026,SFP28 25G 1310nm 300m I ZAB ZA4184,Unclassified,Other,999.0,999.0,,
000000001837084029,SFP28 25G 1310nm 10km C STD S0535,Unclassified,Other,999.0,999.0,,
000000001837084037,SFP28 25G 1310nm 10km I CIE 14963,Unclassified,Other,999.0,999.0,,
000000001837084043,SFP28 25G 1310nm 15km I CIS 15078,Unclassified,Other,999.0,999.0,,
000000001837084044,SFP28 BiDi T1270/R1330 15km I CIS 15079,Unclassified,Other,999.0,999.0,,
000000001837084045,SFP28 BiDi T1330/R1270 15km I CIS 15079,Unclassified,Other,999.0,999.0,,
000000001837084047,SFP28 BiDi T1270/R1330 10km I ERI 15051,Unclassified,Other,999.0,999.0,,
000000001837084048,SFP28 BiDi T1330/R1270 10km I ERI 15051,Unclassified,Other,999.0,999.0,,
000000001837084064,SFP28 25G 1310nm 10km C CIS 15156 Gen 2,Unclassified,Other,999.0,999.0,,
000000001837086007,SFP28 25G 1310nm 40km I CIS 15114,Unclassified,Other,999.0,999.0,,
000000001837086008,SFP28 BiDi T1310/R1270 40km I CIS 15155,Unclassified,Other,999.0,999.0,,
000000001837086009,SFP28 BiDi T1270/R1310 40km I CIS 15155,Unclassified,Other,999.0,999.0,,
000000001837086011,SFP28 BiDi T1289/R1314 40km I STD S0682,Unclassified,Other,999.0,999.0,,
000000001837100003,(EOL) QSFP28 100G 850nm 100m C STD,Unclassified,Transceiver_Rating,999.0,50.0,,
000000001837100004,(EOL) QSFP28 100G AOC 3m C STD S0617,Unclassified,Transceiver_Rating,999.0,50.0,,
000000001837100010,(EOL) QSFP28 100G AOC 20m C STD S0617,Unclassified,Transceiver_Rating,999.0,50.0,,
000000001837100012,(EOL) QSFP28 100G AOC 10m C STD S0617,Unclassified,Transceiver_Rating,999.0,50.0,,
000000001837104026,(EOL)QSFP28 100G LWDM 10km C CIS 14832,Unclassified,Transceiver_Rating,999.0,50.0,,
000000001837104041,QSFP28 100G LWDM 10km I KGP 15139 LR4,Unclassified,Transceiver_Rating,999.0,50.0,,
000000001837106010,QSFP28 100G LWDM 40km I CIS 15070 4WDM,Unclassified,Transceiver_Rating,999.0,50.0,,
000000001837106013,QSFP28 100G LWDM 40km I CIE 15083 4WDM,Unclassified,Transceiver_Rating,999.0,50.0,,
000000001837106014,QSFP28 100G LWDM 30km C IFA 15129 ER4L,Unclassified,Transceiver_Rating,999.0,50.0,,
000000001837150007,QSFPDD 200G NRZ AOC 5M C STD S0713,Unclassified,Transceiver_Rating,999.0,50.0,,
000000001837150008,QSFPDD 200G NRZ AOC 3M C STD S0713,Unclassified,Transceiver_Rating,999.0,50.0,,
000000001837150009,QSFPDD 200G NRZ AOC 10M C STD S0713,Unclassified,Transceiver_Rating,999.0,50.0,,
000000001837150014,QSFP28 100G SR4 850nm 100m C 15406,Unclassified,Transceiver_Rating,999.0,50.0,,
000000001837150015,QSFP28 100G SR4 850nm 100m C 15418,Unclassified,Transceiver_Rating,999.0,50.0,,
000000001837150025,QSFPDD 200G NRZ AOC 2M C STD S0713,Unclassified,Transceiver_Rating,999.0,50.0,,
000000001837150026,QSFPDD 200G NRZ AOC 4M C STD S0713,Unclassified,Transceiver_Rating,999.0,50.0,,
000000001837150027,40G QSFP-DD to 4x10G SFP+ AOC 10M,Unclassified,Transceiver_Rating,999.0,50.0,,
000000001837150030,QSFP56 200G AOC 3M C STD S0732 PAM4,Unclassified,Transceiver_Rating,999.0,50.0,,
000000001837150064,A2 TRX Pigtail 12x13.6G  0-70C,Pigtails,Other,10.0,999.0,,
000000001837150068,(EOL) QSFP+ 40G SR4 100m C STD S0761,Unclassified,Transceiver_Rating,999.0,50.0,,
000000001837150070,QSFPDD 200G NRZ AOC 2m C STD S0764,Unclassified,Transceiver_Rating,999.0,50.0,,
000000001837150083,QSFPDD 400G AOC 10m C 15872 PAM4,Unclassified,Transceiver_Rating,999.0,50.0,,
000000001837150087,400G QSFP112 VR4 C temp 50m,Unclassified,Transceiver_Rating,999.0,50.0,,
000000001837160013,SFP OC3 1511nm 15km I STD S0571,Unclassified,Transceiver_Rating,999.0,50.0,,
000000001837160020,SFP GbE 1310nm 10km C STD S0717,Unclassified,Transceiver_Rating,999.0,50.0,,
000000001837160022,SFP GbE 1310nm 10km I STD S0717,Unclassified,Transceiver_Rating,999.0,50.0,,
000000001837160037,SFP OC3 1511nm 80km E CIS 15555 CWDM,Unclassified,Transceiver_Rating,999.0,50.0,,
000000001837160045,SFP OC3 1625nm 100km E FUJ 15676 OSC,Unclassified,Transceiver_Rating,999.0,50.0,,
000000001837160075,SFP GbE 1310nm 40km I STD S0546,Unclassified,Transceiver_Rating,999.0,50.0,,
000000001837160077,SFP OC3 1310nm 15km I KGP 15744 IR1,Unclassified,Transceiver_Rating,999.0,50.0,,
000000001837160078,SFP OC12 1310nm 21km I KGP 15745 IR1,Unclassified,Transceiver_Rating,999.0,50.0,,
000000001837160079,SFP OC48 1310nm 15km I KGP15746 IR1,Unclassified,Transceiver_Rating,999.0,50.0,,
000000001837160089,SFP OC48 1471nm 80km C CIS 15904,Unclassified,Transceiver_Rating,999.0,50.0,,
000000001837160090,SFP OC48 1491nm 80km C CIS 15904,Unclassified,Transceiver_Rating,999.0,50.0,,
000000001837160091,SFP OC48 1511nm 80km C CIS 15904,Unclassified,Transceiver_Rating,999.0,50.0,,
000000001837160092,SFP OC48 1531nm 80km C CIS 15904,Unclassified,Transceiver_Rating,999.0,50.0,,
000000001837160093,SFP OC48 1551nm 80km C CIS 15904,Unclassified,Transceiver_Rating,999.0,50.0,,
000000001837160094,SFP OC48 1571nm 80km C CIS 15904,Unclassified,Transceiver_Rating,999.0,50.0,,
000000001837160095,SFP OC48 1591nm 80km C CIS 15904,Unclassified,Transceiver_Rating,999.0,50.0,,
000000001837160096,SFP OC48 1611nm 80km C CIS 15904,Unclassified,Transceiver_Rating,999.0,50.0,,
000000001837160097,SFP OC3 1310nm 40km I KGP 15963 LR1,Unclassified,Transceiver_Rating,999.0,50.0,,
000000001837160098,SFP OC3 1550nm 80km  I KGP 15964,Unclassified,Transceiver_Rating,999.0,50.0,,
000000001837160099,SFP OC12 1310nm 40km I KGP 15965 LR1,Unclassified,Transceiver_Rating,999.0,50.0,,
000000001837160100,SFP OC12 1550nm 80km I KGP 15966 LR2,Unclassified,Transceiver_Rating,999.0,50.0,,
000000001837160101,SFP OC48 1310nm 40km I KGP 15967 LR1,Unclassified,Transceiver_Rating,999.0,50.0,,
000000001837160102,SFP OC48 1550nm 80km I KGP 15968 LR2,Unclassified,Transceiver_Rating,999.0,50.0,,
000000001837160103,SFP GbE 1310nm 40km C KGP15985 EX,Unclassified,Transceiver_Rating,999.0,50.0,,
000000001837160120,SFP OC48 1550nm 80km I FUJ 16041,Unclassified,Transceiver_Rating,999.0,50.0,,
000000001837160121,SFP OC12 1310nm 40km I NEC 16057,Unclassified,Transceiver_Rating,999.0,50.0,,
000000001837160130,SFP FE 1310nm 2km C CIS 16082 Tom Sawyer,Unclassified,Transceiver_Rating,999.0,50.0,,
000000001837160131,(EOL)SFP OC48 1551nm 80km E FUJ 12907,Unclassified,Transceiver_Rating,999.0,50.0,,
000000001837160134,SFP GbE 850nm 550m C GIG 16136,Unclassified,Transceiver_Rating,999.0,50.0,,
000000001837160135,SFP GbE 1310nm 10km C GIG 16137,Unclassified,Transceiver_Rating,999.0,50.0,,
000000001837160136,SFP OC48 1310nm 15km I NEC 16145,Unclassified,Transceiver_Rating,999.0,50.0,,
000000001837160137,SFP GE 1511nm 120km C STD S0846 passive,Unclassified,Transceiver_Rating,999.0,50.0,,
000000001837160138,SFP GE 1511nm 120km C STD S0846 passive,Unclassified,Transceiver_Rating,999.0,50.0,,
000000001837160142,SFP FE 1310nm 2km C CIS 16082 Tom Sawyer,Unclassified,Transceiver_Rating,999.0,50.0,,
000000001837170018,SFP+ 10G 1310nm 10km I S0755 SYT ZH,Unclassified,Transceiver_Rating,999.0,50.0,,
000000001837170023,SFP+ 10G 1310nm 10km I FUJ 15916 SR1,Unclassified,Transceiver_Rating,999.0,50.0,,
000000001837170026,SFP+ 10G 850nm 300m I STD S0479 MX,Unclassified,Transceiver_Rating,999.0,50.0,,
000000001837170027,XFP+ 10G 1310nm 2km I NEC 15986 SR1,Unclassified,Transceiver_Rating,999.0,50.0,,
000000001837170029,SFP+ 10G 1310nm 10km I S0755 SYT ZH T,Unclassified,Transceiver_Rating,999.0,50.0,,
000000001837170032,SFP+ 10G 1310nm 10km C GIG 16138,Unclassified,Transceiver_Rating,999.0,50.0,,
000000001837170034,SFP+ 10G 1310nm 10km E CIE 16160 SR1,Unclassified,Transceiver_Rating,999.0,50.0,,
000000001837170035,SFP+ 10G 1310nm 10km I S0755 SYT LR T,Unclassified,Transceiver_Rating,999.0,50.0,,
000000001837170036,SFP+ 10G 1310nm 10km C S0755 SYT LR T,Unclassified,Transceiver_Rating,999.0,50.0,,
000000001837170038,SFP+ 10G 1310nm 10km E LG 16373,Unclassified,Transceiver_Rating,999.0,50.0,,
000000001837180020,SFP DWDM OC3 1568 120km I STD S0701 DFB,Unclassified,Transceiver_Rating,999.0,50.0,,
000000001837180028,SFP FE GE 1510 160km I CIS 15562 OSC,Unclassified,Transceiver_Rating,999.0,50.0,,
000000001837180029,SFP FE GE 1514 160km I CIS 15562 OSC,Unclassified,Transceiver_Rating,999.0,50.0,,
000000001837180031,SFP+ 10G 1550nm 80km I CIS 15639 LR2,Unclassified,Transceiver_Rating,999.0,50.0,,
000000001837180032,SFP DWDM OC3 C11 120km C FUJ 13221 LR2,Unclassified,Transceiver_Rating,999.0,50.0,,
000000001837180033,SFP+ 10G 1550nm  I CIS 15796 LR2 CPRI,Unclassified,Transceiver_Rating,999.0,50.0,,
000000001837190002,SFP GbE T1510/R1590 120km C ADV 13513,Unclassified,Transceiver_Rating,999.0,50.0,,
000000001837190003,SFP GbE T1590/R1510 120km C ADV 13513,Unclassified,Transceiver_Rating,999.0,50.0,,
000000001837190014,400G BiDi P3 w AR Atten A1 E STD S0773,Unclassified,Other,999.0,999.0,,
000000001837190015,400G BiDi P3 w AR Atten B1 E STD S0773,Unclassified,Other,999.0,999.0,,
000000001837200013,SFP28 25G 1310nm 10km C STD S0707 D-Rate,Unclassified,Other,999.0,999.0,,
000000001837200041,SFP56 50G 1310nm 10km C CIS 15425,Unclassified,Other,999.0,999.0,,
000000001837200042,SFP56 50G 1310nm 10km I CIS 15430,Unclassified,Other,999.0,999.0,,
000000001837200074,SFP28 25G 1310nm 10km C CIS 16192 CR,Unclassified,Other,999.0,999.0,,
000000001837200075,SFP28 25G 1310nm 10km TOSA C SYT S0754,Unclassified,Other,999.0,999.0,,
000000001837200076,SFP28 25G 1310nm 10km ROSA C SYT S0754,Unclassified,Other,999.0,999.0,,
000000001837200078,SFP28 25G 1310nm 40km I SYT S0837,Unclassified,Other,999.0,999.0,,
000000001837200079,SFP28 25G 1310nm 40km TOSA I SYT S0837,Unclassified,Other,999.0,999.0,,
000000001837210037,SFP28 BiDi T1289/R1314 40km I DKK 16084,Unclassified,Other,999.0,999.0,,
000000001837210038,SFP28 BiDi T1270/R1330 15km I SYT S0838,Unclassified,Other,999.0,999.0,,
000000001837210039,SFP28 BiDi T1330/R1270 15km I SYT S0838,Unclassified,Other,999.0,999.0,,
000000001837210040,SFP28 BiDi T1270/R1330 BOSA I SYT S0838,Unclassified,Other,999.0,999.0,,
000000001837210041,SFP28 BiDi T1330/R1270 BOSA I SYT S0838,Unclassified,Other,999.0,999.0,,
000000001837230000,QSFP28 100G LWDM 30km C KGP 15175 ER4L,Unclassified,Transceiver_Rating,999.0,50.0,,
000000001837230003,QSFP28 100G LWDM 10km C KGP 15405 LR4,Unclassified,Transceiver_Rating,999.0,50.0,,
000000001837230004,QSFP28 100G LWDM 10km C STD S0728 GEN2,Unclassified,Transceiver_Rating,999.0,50.0,,
000000001837230005,QSFP28 100G LWDM 10km C WWT 15419,Unclassified,Transceiver_Rating,999.0,50.0,,
000000001837230006,QSFP28 100G LWDM 10km I WWT 15421,Unclassified,Transceiver_Rating,999.0,50.0,,
000000001837230007,QSFP28 100G LWDM 10km I STD S0728 GEN2,Unclassified,Transceiver_Rating,999.0,50.0,,
000000001837230009,(EOL)QSFP28 100G LWDM 10km I CIS 15465,Unclassified,Transceiver_Rating,999.0,50.0,,
000000001837230051,QSFP28 100G LR4 10km ROSA C SYT S0850,Unclassified,Transceiver_Rating,999.0,50.0,,
000000001837240012,QSFPDD 400G 120km 75C STD S0747,Unclassified,Transceiver_Rating,999.0,50.0,,
000000001837240018,QSFPDD 400G 120km 75C Nokia 15721,Unclassified,Transceiver_Rating,999.0,50.0,,
000000001837240032,CFP2-DCO 400/200/100G BIDI,Unclassified,Other,999.0,999.0,,
000000001837240033,CFP2-DCO 200/100G BIDI,Unclassified,Other,999.0,999.0,,
000000001837240035,QSFP28 100G 120km Coherent C 16345,Unclassified,Transceiver_Rating,999.0,50.0,,
000000001837250000,100G QSFP28 to 4x SFP28 AOC 10m S0801,Unclassified,Transceiver_Rating,999.0,50.0,,
000000001837270000,40G QSFP-DD to QSFP+ AOC 10M C,Unclassified,Transceiver_Rating,999.0,50.0,,
000000001837270003,QSFPDD 200G NRZ AOC 30M C STD S0713,Unclassified,Transceiver_Rating,999.0,50.0,,
000000001837270004,QSFPDD 200G NRZ AOC 50M C STD S0713,Unclassified,Transceiver_Rating,999.0,50.0,,
000000001837270005,QSFPDD 200G NRZ AOC 100M C STD S0713,Unclassified,Transceiver_Rating,999.0,50.0,,
000000001837280011,400G QSFP-DD VR4 C temp 50m 15998,Unclassified,Transceiver_Rating,999.0,50.0,,
